dataset_name,target_value,depth,Apriori_DP_fixed_qf05 (PS)-real_time_taken,Apriori_DP_fixed_qf05 (PS)-failed,Apriori_DP_fixed_qf05 (PS)-sgs_evaluated,Apriori_DP_fixed_qf05 (PS)-sgs_eval_interesting,Apriori_DP_fixed_qf05 (PS)-sgs_quality_interesting,Apriori_DP_fixed_qf05 (PS)-sgs_top_k_interesting
spect_heart,0,2,0.021710634231567383,0,905,666,265,215
spect_heart,0,3,0.10793638229370117,0,6344,2560,2455,505
spect_heart,0,5,2.0763964653015137,0,41480,36217,37203,1150
fertility,O,2,0.011090993881225586,0,329,155,132,74
fertility,O,3,0.016094446182250977,0,641,307,303,134
fertility,O,5,0.01856851577758789,0,725,351,353,148
ND_LVL_1_1_NormalDist_Random-Synthetic__2_5_10000_,1,2,0.02097916603088379,0,325,275,137,130
ND_LVL_1_1_NormalDist_Random-Synthetic__2_5_10000_,1,3,0.056381940841674805,0,1575,1326,788,301
ND_LVL_1_1_NormalDist_Random-Synthetic__2_5_10000_,1,5,0.18274569511413574,0,4216,2848,2214,370
Mushroom_UCI_,p,2,0.12876439094543457,0,4033,316,1400,394
Mushroom_UCI_,p,3,0.15822267532348633,0,4876,674,2181,514
Mushroom_UCI_,p,5,0.1936936378479004,0,5738,820,3039,614
wall24,Slight-Right-Turn,2,0.10135483741760254,0,4190,1041,1669,416
wall24,Slight-Right-Turn,3,0.3038613796234131,0,11397,1441,8739,633
wall24,Slight-Right-Turn,5,0.31830477714538574,0,11865,1633,9207,718
thyroid_allbp,increased binding protein.,2,0.051238298416137695,0,1894,799,657,267
thyroid_allbp,increased binding protein.,3,0.2266545295715332,0,9366,5206,5409,602
thyroid_allbp,increased binding protein.,5,13.028774976730347,0,123036,89983,102738,1142
analcatdata_creditscore,1,2,0.006907939910888672,0,112,60,53,28
analcatdata_creditscore,1,3,0.007913827896118164,0,181,107,82,46
analcatdata_creditscore,1,5,0.008621931076049805,0,203,124,92,55
primary,1,2,0.016978979110717773,0,614,419,273,166
primary,1,3,0.05470848083496094,0,3095,1806,1504,352
primary,1,5,0.5289146900177002,0,13656,9734,9949,532
breast_tissue_merged,car,2,0.011073827743530273,0,336,98,174,65
breast_tissue_merged,car,3,0.012768983840942383,0,438,151,253,103
breast_tissue_merged,car,5,0.012980937957763672,0,452,164,264,111
pima,1,2,0.014893293380737305,0,465,413,216,180
pima,1,3,0.0594029426574707,0,3195,955,1630,289
pima,1,5,0.07670283317565918,0,3778,1099,2204,306
Divorce,1,2,0.11057066917419434,0,7651,208,7162,432
Divorce,1,3,0.1143653392791748,0,7882,290,7393,514
Divorce,1,5,0.11604666709899902,0,7987,394,7498,520
asbestos,(3)_Above_legal_limit,2,0.004961252212524414,0,36,18,13,8
asbestos,(3)_Above_legal_limit,3,0.0048675537109375,0,39,20,14,9
asbestos,(3)_Above_legal_limit,5,0.004898548126220703,0,39,20,14,9
bupa,1,2,0.01056051254272461,0,300,246,131,122
bupa,1,3,0.027262449264526367,0,1340,413,634,171
bupa,1,5,0.02882099151611328,0,1411,424,671,173
U_LVL2_0_Uninteresting_Non-Random-Synthetic__2_5_3125_,0,2,0.013303756713867188,0,325,275,0,0
U_LVL2_0_Uninteresting_Non-Random-Synthetic__2_5_3125_,0,3,0.03834867477416992,0,1575,1525,0,0
U_LVL2_0_Uninteresting_Non-Random-Synthetic__2_5_3125_,0,5,0.13191509246826172,0,4700,1525,0,0
cardio3,2,2,0.05121779441833496,0,2213,704,742,272
cardio3,2,3,0.14268064498901367,0,6794,2499,4857,448
cardio3,2,5,0.8413817882537842,0,20057,12919,18073,633
volcanoes-d4,3,2,0.010001659393310547,0,78,59,17,17
volcanoes-d4,3,3,0.011275291442871094,0,138,94,36,36
volcanoes-d4,3,5,0.011366605758666992,0,138,94,36,36
pitt2_3,LONG,2,0.007391929626464844,0,159,71,78,40
pitt2_3,LONG,3,0.00852656364440918,0,241,118,116,64
pitt2_3,LONG,5,0.00905299186706543,0,255,127,123,69
grammatical_b5,1,2,2.294153928756714,0,128443,6978,116291,735
grammatical_b5,1,3,5.717564582824707,0,267324,106718,255149,942
grammatical_b5,1,5,-1.0,1,-1,-1,-1,-1
ED_LVL_1_2_EqualDist_Random-Synthetic__2_5_100000_,0,2,0.12131404876708984,0,325,275,139,134
ED_LVL_1_2_EqualDist_Random-Synthetic__2_5_100000_,0,3,0.25386500358581543,0,1575,1525,768,308
ED_LVL_1_2_EqualDist_Random-Synthetic__2_5_100000_,0,5,1.0496175289154053,0,7825,4650,3955,428
pitt1_4,S,2,0.00756525993347168,0,177,65,82,34
pitt1_4,S,3,0.008157730102539062,0,223,91,101,44
pitt1_4,S,5,0.008343935012817383,0,224,92,101,44
ND_LVL_2_3_NormalDist_Random-Synthetic__2_10_1000000_,0,2,5.727981328964233,0,5050,2800,2224,365
ND_LVL_2_3_NormalDist_Random-Synthetic__2_10_1000000_,0,3,43.7825345993042,0,56890,27703,28709,587
ND_LVL_2_3_NormalDist_Random-Synthetic__2_10_1000000_,0,5,-1.0,1,-1,-1,-1,-1
gesture_va,P,2,0.6442153453826904,0,8256,7646,4281,469
gesture_va,P,3,8.781985759735107,0,281963,31105,153967,628
gesture_va,P,5,31.50186038017273,0,442330,53895,307385,718
connectionist_vowel,4,2,0.03369426727294922,0,1655,906,583,294
connectionist_vowel,4,3,0.15210819244384766,0,8241,2350,5301,511
connectionist_vowel,4,5,0.24560141563415527,0,10442,3033,7502,631
breast_cancer_wis_pro,R,2,0.13210439682006836,0,9334,4129,4187,421
breast_cancer_wis_pro,R,3,1.3295025825500488,0,59560,9366,44806,499
breast_cancer_wis_pro,R,5,2.425520181655884,0,70496,16049,53998,598
diggle_table_a2,8,2,0.008808612823486328,0,168,103,76,70
diggle_table_a2,8,3,0.012325048446655273,0,364,229,240,188
diggle_table_a2,8,5,0.018893957138061523,0,669,530,545,253
page,5,2,0.031258344650268555,0,781,474,244,185
page,5,3,0.08793783187866211,0,3100,1168,1778,380
page,5,5,0.14509916305541992,0,4853,2068,3526,535
steel-plates-fault,2,2,0.11861348152160645,0,5784,3990,3352,498
steel-plates-fault,2,3,2.038148880004883,0,88886,10138,64039,777
steel-plates-fault,2,5,3.811216354370117,0,112139,16028,85781,1130
mechanical,4,2,0.02338266372680664,0,381,269,155,147
mechanical,4,3,0.05497241020202637,0,1429,1194,757,307
mechanical,4,5,0.22760725021362305,0,4751,3953,3150,411
OnlineShoppersIntention,True,2,0.13758039474487305,0,3250,1483,1362,306
OnlineShoppersIntention,True,3,0.730229377746582,0,19685,8280,11710,498
OnlineShoppersIntention,True,5,11.609828233718872,0,87234,55673,65702,684
ED_LVL_2_1_EqualDist_Random-Synthetic__2_10_10000_,1,2,0.14978408813476562,0,5050,4600,2264,410
ED_LVL_2_1_EqualDist_Random-Synthetic__2_10_10000_,1,3,3.5735414028167725,0,125050,19758,68469,658
ED_LVL_2_1_EqualDist_Random-Synthetic__2_10_10000_,1,5,8.519273042678833,0,128377,19758,71698,658
glass,3,2,0.01231074333190918,0,382,220,174,137
glass,3,3,0.022327899932861328,0,1021,555,675,249
glass,3,5,0.031036376953125,0,1311,815,944,287
molecular_promoter,+,2,0.3699314594268799,0,25879,745,9894,478
molecular_promoter,+,3,0.42411208152770996,0,27475,883,11490,585
molecular_promoter,+,5,0.4308140277862549,0,27527,890,11542,591
blood,1,2,0.0076982975006103516,0,136,97,46,46
blood,1,3,0.010173320770263672,0,281,178,102,84
blood,1,5,0.010628223419189453,0,306,203,114,96
weight,B,2,2.233067035675049,0,148827,980,68231,432
weight,B,3,2.2620444297790527,0,150039,1194,69442,551
weight,B,5,2.264129400253296,0,150407,1445,69810,604
ozone1,1,2,0.7589657306671143,0,39067,12992,13123,557
ozone1,1,3,12.45623517036438,0,465022,203172,416364,928
ozone1,1,5,-1.0,1,-1,-1,-1,-1
U_LVL2_2_Uninteresting_Non-Random-Synthetic__2_5_312500_,0,2,0.3718140125274658,0,325,275,0,0
U_LVL2_2_Uninteresting_Non-Random-Synthetic__2_5_312500_,0,3,0.6886501312255859,0,1575,1525,0,0
U_LVL2_2_Uninteresting_Non-Random-Synthetic__2_5_312500_,0,5,2.524374485015869,0,7825,4650,0,0
ionosphere,b,2,0.11524558067321777,0,8256,427,3571,374
ionosphere,b,3,0.1378030776977539,0,9558,585,4855,447
ionosphere,b,5,0.14144349098205566,0,9674,613,4971,456
grammatical_b7,1,2,1.5839474201202393,0,82187,16404,77036,1072
grammatical_b7,1,3,18.567360877990723,0,722064,410774,716903,1366
grammatical_b7,1,5,-1.0,1,-1,-1,-1,-1
wine_quality,4,2,0.04471302032470703,0,1081,1002,440,246
wine_quality,4,3,0.3574862480163574,0,12954,8848,5556,429
wine_quality,4,5,6.601028680801392,0,62405,34601,45092,613
VehicleCouponRecommendation,0,2,0.1446375846862793,0,4186,2371,1798,333
VehicleCouponRecommendation,0,3,1.3113234043121338,0,40870,13349,23003,508
VehicleCouponRecommendation,0,5,23.127997159957886,0,143051,83626,81802,657
auto7_2,class3,2,0.02066779136657715,0,780,724,348,228
auto7_2,class3,3,0.13699984550476074,0,7960,3729,3826,414
auto7_2,class3,5,0.534285306930542,0,16035,5460,10143,498
wave,0,2,0.10271596908569336,0,3570,1846,1701,457
wave,0,3,0.6911888122558594,0,26162,3123,22821,485
wave,0,5,0.7887065410614014,0,28505,4076,25119,485
cnae9,4,2,7.569995164871216,0,423644,369358,295079,804
cnae9,4,3,-1.0,1,-1,-1,-1,-1
cnae9,4,5,-1.0,1,-1,-1,-1,-1
grammatical_a9,1,2,0.3338658809661865,0,14395,5579,13749,633
grammatical_a9,1,3,4.105406999588013,0,185088,173423,184442,670
grammatical_a9,1,5,-1.0,1,-1,-1,-1,-1
teaching,2,2,0.008519887924194336,0,195,47,72,21
teaching,2,3,0.008523702621459961,0,214,59,78,25
teaching,2,5,0.008617401123046875,0,214,59,78,25
auto6_1,class8,2,0.24256229400634766,0,12090,11788,5641,499
auto6_1,class8,3,12.151549816131592,0,575476,85585,266199,881
auto6_1,class8,5,135.57334566116333,0,790483,106469,479143,913
ED_LVL_2_4_EqualDist_Random-Synthetic__2_10_10000000_,1,2,59.85931086540222,0,5050,4600,2314,437
ED_LVL_2_4_EqualDist_Random-Synthetic__2_10_10000000_,1,3,-1.0,1,-1,-1,-1,-1
ED_LVL_2_4_EqualDist_Random-Synthetic__2_10_10000000_,1,5,-1.0,1,-1,-1,-1,-1
ozone8,1,2,1.4766180515289307,0,40472,13753,15056,579
ozone8,1,3,13.721246480941772,0,523623,119688,475456,884
ozone8,1,5,-1.0,1,-1,-1,-1,-1
U_LVL1_4_Uninteresting_Non-Random-Synthetic__2_2_40000_,0,2,0.014768600463867188,0,10,8,0,0
U_LVL1_4_Uninteresting_Non-Random-Synthetic__2_2_40000_,0,3,0.014697790145874023,0,10,8,0,0
U_LVL1_4_Uninteresting_Non-Random-Synthetic__2_2_40000_,0,5,0.015178680419921875,0,10,8,0,0
bach, C#d,2,0.02286982536315918,0,280,225,208,182
bach, C#d,3,0.05396842956542969,0,1372,1314,1253,422
bach, C#d,5,0.771571159362793,0,14774,11565,14478,829
ED_LVL_3_3_EqualDist_Random-Synthetic__2_20_1000000_,1,2,59.1506609916687,0,80200,76400,38263,662
ED_LVL_3_3_EqualDist_Random-Synthetic__2_20_1000000_,1,3,-1.0,1,-1,-1,-1,-1
ED_LVL_3_3_EqualDist_Random-Synthetic__2_20_1000000_,1,5,-1.0,1,-1,-1,-1,-1
polish_bankruptcy_1year,1,2,1.8576626777648926,0,32387,23377,13123,522
polish_bankruptcy_1year,1,3,36.234675884246826,0,1176300,790440,722277,1004
polish_bankruptcy_1year,1,5,-1.0,1,-1,-1,-1,-1
coil2000,1,2,3.193985939025879,0,122915,35852,42038,725
coil2000,1,3,81.42749381065369,0,2094868,906728,1186551,1066
coil2000,1,5,-1.0,1,-1,-1,-1,-1
robot2,back_col,2,0.01223444938659668,0,353,292,151,134
robot2,back_col,3,0.034981489181518555,0,1742,659,890,250
robot2,back_col,5,0.04444289207458496,0,2053,811,1197,274
EqualDist_Random-Synthetic__2_7_5349_,1,2,0.02469015121459961,0,630,552,269,206
EqualDist_Random-Synthetic__2_7_5349_,1,3,0.1205909252166748,0,4799,4714,2441,440
EqualDist_Random-Synthetic__2_7_5349_,1,5,1.7027056217193604,0,25891,10478,14753,543
U_LVL1_1_Uninteresting_Non-Random-Synthetic__2_2_40_,1,2,0.004319429397583008,0,10,8,0,0
U_LVL1_1_Uninteresting_Non-Random-Synthetic__2_2_40_,1,3,0.0042498111724853516,0,10,8,0,0
U_LVL1_1_Uninteresting_Non-Random-Synthetic__2_2_40_,1,5,0.004218339920043945,0,10,8,0,0
auto6_3,class1,2,0.2198011875152588,0,12090,10526,5586,521
auto6_3,class1,3,9.173036098480225,0,424073,35701,240913,757
auto6_3,class1,5,23.078442335128784,0,454171,37508,270897,763
grammatical_b1,1,2,9.1424880027771,0,561410,7113,288216,1011
grammatical_b1,1,3,11.767539978027344,0,657978,42767,384784,1230
grammatical_b1,1,5,885.4135556221008,0,1947363,1258910,1674169,1352
EqualDist_Random-Synthetic__2_10_7463_,1,2,0.050316572189331055,0,1275,1162,567,274
EqualDist_Random-Synthetic__2_10_7463_,1,3,0.4283630847930908,0,15749,15618,8065,531
EqualDist_Random-Synthetic__2_10_7463_,1,5,25.46018886566162,0,160805,45432,94716,712
volcanoes-a1,4,2,0.007118701934814453,0,67,41,22,22
volcanoes-a1,4,3,0.008982181549072266,0,89,60,41,41
volcanoes-a1,4,5,0.008708000183105469,0,89,60,41,41
vert3,NO,2,0.011744022369384766,0,277,195,128,115
vert3,NO,3,0.022121906280517578,0,881,312,475,164
vert3,NO,5,0.02044987678527832,0,927,336,514,177
CongressionalVotingRecords_UCI_,republican,2,0.02315521240234375,0,1129,206,477,211
CongressionalVotingRecords_UCI_,republican,3,0.03603386878967285,0,1923,486,1270,379
CongressionalVotingRecords_UCI_,republican,5,0.05244135856628418,0,2757,868,2104,474
pitt2_2,WOOD,2,0.006652355194091797,0,114,51,48,27
pitt2_2,WOOD,3,0.008069992065429688,0,158,76,73,40
pitt2_2,WOOD,5,0.007472515106201172,0,162,78,76,41
statlog_vehicle,opel,2,0.05040597915649414,0,2628,1528,1044,321
statlog_vehicle,opel,3,0.3641026020050049,0,17839,3750,11973,489
statlog_vehicle,opel,5,0.8762228488922119,0,27727,11084,21323,652
pitt2_1,DECK,2,0.007676839828491211,0,159,71,76,39
pitt2_1,DECK,3,0.008850812911987305,0,236,117,108,58
pitt2_1,DECK,5,0.008944511413574219,0,247,124,111,60
grammatical_a8,1,2,2.617611885070801,0,147801,1453,140726,785
grammatical_a8,1,3,2.7820041179656982,0,158228,10130,151153,829
grammatical_a8,1,5,82.88071370124817,0,518914,363080,511839,835
grammatical_a6,1,2,0.4617917537689209,0,19151,6277,18361,699
grammatical_a6,1,3,5.084808349609375,0,214904,177675,214114,1099
grammatical_a6,1,5,-1.0,1,-1,-1,-1,-1
auto6_2,class5,2,0.24160504341125488,0,12090,11331,5726,234
auto6_2,class5,3,11.390215396881104,0,520971,26974,269851,434
auto6_2,class5,5,17.196208715438843,0,537683,30032,286506,475
auto1,class1,2,0.023933887481689453,0,820,800,405,224
auto1,class1,3,0.22971463203430176,0,9940,9844,5015,476
auto1,class1,5,52.65678572654724,0,267338,97555,162520,773
ED_LVL_2_3_EqualDist_Random-Synthetic__2_10_1000000_,1,2,5.808687686920166,0,5050,4600,2297,430
ED_LVL_2_3_EqualDist_Random-Synthetic__2_10_1000000_,1,3,91.61155676841736,0,125050,65069,61808,686
ED_LVL_2_3_EqualDist_Random-Synthetic__2_10_1000000_,1,5,1079.85138630867,0,312437,65069,157401,686
heart_cleverland,3,2,0.07474517822265625,0,822,603,373,226
heart_cleverland,3,3,0.10697317123413086,0,5304,1588,2849,356
heart_cleverland,3,5,0.18823599815368652,0,7762,3186,5262,472
analcatdata_boxing1,1,2,0.009447813034057617,0,234,31,64,14
analcatdata_boxing1,1,3,0.008885860443115234,0,234,31,64,14
analcatdata_boxing1,1,5,0.007833242416381836,0,234,31,64,14
qsar,RB,2,0.1940610408782959,0,6569,1971,2622,368
qsar,RB,3,0.9062790870666504,0,29047,15138,21051,591
qsar,RB,5,97.05795788764954,0,421035,339726,401571,1008
internet,ad.,2,29.056050777435303,0,1435386,1209887,875942,896
internet,ad.,3,-1.0,1,-1,-1,-1,-1
internet,ad.,5,-1.0,1,-1,-1,-1,-1
robot4,normal,2,0.011806011199951172,0,259,185,105,104
robot4,normal,3,0.022641897201538086,0,882,269,501,217
robot4,normal,5,0.024727821350097656,0,963,317,582,275
mw1,2,2,0.10272693634033203,0,6912,2590,2669,367
mw1,2,3,0.7883636951446533,0,36284,14067,27823,712
mw1,2,5,79.62264060974121,0,460673,413311,450450,1201
polish_bankruptcy_5year,1,2,0.7067649364471436,0,32386,10284,10137,515
polish_bankruptcy_5year,1,3,8.29175329208374,0,296994,80275,259665,901
polish_bankruptcy_5year,1,5,-1.0,1,-1,-1,-1,-1
grammatical_b8,1,2,3.11272931098938,0,178481,1633,142114,660
grammatical_b8,1,3,3.2379252910614014,0,184747,4777,148363,737
grammatical_b8,1,5,4.138218402862549,0,199331,15944,162937,762
ND_LVL_3_4_NormalDist_Random-Synthetic__2_20_10000000_,0,2,-1.0,1,-1,-1,-1,-1
ND_LVL_3_4_NormalDist_Random-Synthetic__2_20_10000000_,0,3,-1.0,1,-1,-1,-1,-1
ND_LVL_3_4_NormalDist_Random-Synthetic__2_20_10000000_,0,5,-1.0,1,-1,-1,-1,-1
heart_va,3,2,0.04570746421813965,0,58,39,25,22
heart_va,3,3,0.008788824081420898,0,91,68,40,34
heart_va,3,5,0.007200479507446289,0,100,77,43,37
volcanoes-b5,4,2,0.015100479125976562,0,78,56,20,20
volcanoes-b5,4,3,0.013684988021850586,0,128,89,37,37
volcanoes-b5,4,5,0.011820077896118164,0,128,89,37,37
wilt,w,2,0.016025304794311523,0,210,158,78,78
wilt,w,3,0.0256655216217041,0,648,449,308,203
wilt,w,5,0.032299041748046875,0,954,586,572,240
ND_LVL_1_2_NormalDist_Random-Synthetic__2_5_100000_,0,2,0.20429205894470215,0,325,275,144,134
ND_LVL_1_2_NormalDist_Random-Synthetic__2_5_100000_,0,3,0.4104428291320801,0,1575,1313,775,307
ND_LVL_1_2_NormalDist_Random-Synthetic__2_5_100000_,0,5,0.5846009254455566,0,4236,2849,2142,392
ED_LVL_1_1_EqualDist_Random-Synthetic__2_5_10000_,0,2,0.021471500396728516,0,325,275,136,131
ED_LVL_1_1_EqualDist_Random-Synthetic__2_5_10000_,0,3,0.056581735610961914,0,1575,1525,782,307
ED_LVL_1_1_EqualDist_Random-Synthetic__2_5_10000_,0,5,0.391587495803833,0,6561,4293,3794,400
mfeat-karhunen,8,2,0.8034975528717041,0,32387,5862,13132,370
mfeat-karhunen,8,3,3.3276596069335938,0,132306,6719,112986,595
mfeat-karhunen,8,5,3.410412311553955,0,133119,6823,113799,635
I_LVL1_1_Interesting_Non-Random-Synthetic__2_2_40_,1,2,0.004378080368041992,0,7,5,4,4
I_LVL1_1_Interesting_Non-Random-Synthetic__2_2_40_,1,3,0.004177093505859375,0,7,5,4,4
I_LVL1_1_Interesting_Non-Random-Synthetic__2_2_40_,1,5,0.00412440299987793,0,7,5,4,4
Iris_UCI_,Iris-virginica,2,0.0060122013092041016,0,82,34,42,27
Iris_UCI_,Iris-virginica,3,0.006289482116699219,0,98,40,55,32
Iris_UCI_,Iris-virginica,5,0.006415605545043945,0,98,40,55,32
I_LVL1_4_Interesting_Non-Random-Synthetic__2_2_40000_,1,2,0.014037132263183594,0,7,5,4,4
I_LVL1_4_Interesting_Non-Random-Synthetic__2_2_40000_,1,3,0.014178037643432617,0,7,5,4,4
I_LVL1_4_Interesting_Non-Random-Synthetic__2_2_40000_,1,5,0.014456510543823242,0,7,5,4,4
thyroid_ann,2,2,0.05965113639831543,0,1089,895,471,257
thyroid_ann,2,3,0.38481807708740234,0,10382,4032,5248,483
thyroid_ann,2,5,6.099964141845703,0,63398,47793,44605,716
seeds,2,2,0.00956273078918457,0,238,120,112,70
seeds,2,3,0.012650728225708008,0,439,182,255,148
seeds,2,5,0.014199018478393555,0,504,225,320,195
hv_no_noise,0,2,1.4224703311920166,0,80200,20200,26667,420
hv_no_noise,0,3,22.8620183467865,0,727000,667000,350067,506
hv_no_noise,0,5,-1.0,1,-1,-1,-1,-1
statlog_australian,1,2,0.027787446975708008,0,1282,471,531,271
statlog_australian,1,3,0.07100224494934082,0,3819,727,2394,419
statlog_australian,1,5,0.07906031608581543,0,4094,852,2651,490
hiv_schilling,1,2,0.2275543212890625,0,11038,804,3159,365
hiv_schilling,1,3,0.2838897705078125,0,13384,809,5112,369
hiv_schilling,1,5,0.2797815799713135,0,13384,809,5112,369
heart-long-beach,4,2,0.016626834869384766,0,637,463,303,185
heart-long-beach,4,3,0.062155961990356445,0,3602,2010,1840,351
heart-long-beach,4,5,0.4381425380706787,0,10207,7436,6436,480
datatrieve,2,2,0.011857032775878906,0,408,136,137,86
datatrieve,2,3,0.015094995498657227,0,597,280,283,168
datatrieve,2,5,0.019338130950927734,0,766,442,422,248
jEdit_4.0_4.2,2,2,0.012433290481567383,0,406,270,181,139
jEdit_4.0_4.2,2,3,0.028681278228759766,0,1413,498,777,254
jEdit_4.0_4.2,2,5,0.033434152603149414,0,1610,606,954,307
ND_LVL_1_4_NormalDist_Random-Synthetic__2_5_10000000_,0,2,10.169917583465576,0,325,275,143,135
ND_LVL_1_4_NormalDist_Random-Synthetic__2_5_10000000_,0,3,22.226699113845825,0,1575,1208,787,279
ND_LVL_1_4_NormalDist_Random-Synthetic__2_5_10000000_,0,5,46.01781606674194,0,3764,2599,1887,360
pitt1_2,WOOD,2,0.006768465042114258,0,115,44,56,27
pitt1_2,WOOD,3,0.00699162483215332,0,140,59,72,35
pitt1_2,WOOD,5,0.007107257843017578,0,141,60,72,35
backache,2,2,0.04713559150695801,0,2792,1604,1431,357
backache,2,3,0.3889646530151367,0,21546,13702,12180,559
backache,2,5,53.18049740791321,0,249584,216727,148694,848
ND_LVL_3_1_NormalDist_Random-Synthetic__2_20_10000_,0,2,0.9922566413879395,0,39395,18519,17666,565
ND_LVL_3_1_NormalDist_Random-Synthetic__2_20_10000_,0,3,28.602900981903076,0,930325,176510,516254,872
ND_LVL_3_1_NormalDist_Random-Synthetic__2_20_10000_,0,5,597.374100446701,0,2899743,177807,1786263,894
ED_LVL_1_3_EqualDist_Random-Synthetic__2_5_1000000_,1,2,1.0652570724487305,0,325,275,134,130
ED_LVL_1_3_EqualDist_Random-Synthetic__2_5_1000000_,1,3,2.088655471801758,0,1575,1525,766,299
ED_LVL_1_3_EqualDist_Random-Synthetic__2_5_1000000_,1,5,7.322275161743164,0,7825,4650,3909,409
thyroid_hypothyroid,hypothyroid,2,0.018683671951293945,0,412,347,189,166
thyroid_hypothyroid,hypothyroid,3,0.06769466400146484,0,2522,2438,1257,391
thyroid_hypothyroid,hypothyroid,5,2.8101847171783447,0,40172,40085,19675,735
grammatical_a3,1,2,0.6560366153717041,0,34602,4795,33968,709
grammatical_a3,1,3,3.267211437225342,0,153257,94326,152622,797
grammatical_a3,1,5,-1.0,1,-1,-1,-1,-1
crx,positive,2,0.029148340225219727,0,1387,520,572,290
crx,positive,3,0.0786280632019043,0,4393,855,2754,449
crx,positive,5,0.09112358093261719,0,4867,1050,3181,532
GermanCredit_UCI_,2,2,0.05469655990600586,0,2776,1728,1352,237
GermanCredit_UCI_,2,3,0.5348823070526123,0,26233,9756,14909,408
GermanCredit_UCI_,2,5,6.788941383361816,0,82841,40960,56186,579
pc1,2,2,0.055931806564331055,0,2850,1315,806,336
pc1,2,3,0.3104724884033203,0,14552,9204,8461,601
pc1,2,5,18.487197160720825,0,129799,103030,96388,983
mfeat-pixel,8,2,11.114472150802612,0,657733,19497,314267,1092
mfeat-pixel,8,3,36.48181104660034,0,1583573,134566,1236228,1898
mfeat-pixel,8,5,-1.0,1,-1,-1,-1,-1
hv_noise,0,2,1.3827035427093506,0,80200,20208,26173,476
hv_noise,0,3,20.99667000770569,0,727002,667009,349573,849
hv_noise,0,5,-1.0,1,-1,-1,-1,-1
image,WINDOW,2,0.046430110931396484,0,1962,615,835,317
image,WINDOW,3,0.11726975440979004,0,5335,2022,4133,549
image,WINDOW,5,0.5122780799865723,0,13995,8908,12791,701
ED_LVL_1_4_EqualDist_Random-Synthetic__2_5_10000000_,0,2,10.09779691696167,0,325,275,132,129
ED_LVL_1_4_EqualDist_Random-Synthetic__2_5_10000000_,0,3,22.384081602096558,0,1575,1525,747,311
ED_LVL_1_4_EqualDist_Random-Synthetic__2_5_10000000_,0,5,91.42352104187012,0,7825,4650,3885,425
polish_bankruptcy_4year,1,2,0.8169245719909668,0,32641,23462,12510,552
polish_bankruptcy_4year,1,3,38.24258208274841,0,1279700,419577,763273,915
polish_bankruptcy_4year,1,5,-1.0,1,-1,-1,-1,-1
lung,3,2,0.04647493362426758,0,2711,1267,1054,238
lung,3,3,0.2921578884124756,0,15310,7841,4493,368
lung,3,5,5.89719033241272,0,73773,49409,34345,462
credit,+,2,0.029129505157470703,0,1387,470,580,287
credit,+,3,0.07016181945800781,0,3815,772,2393,455
credit,+,5,0.08085298538208008,0,4248,962,2794,546
lymphography,fibrosis,2,0.013428926467895508,0,410,208,264,151
lymphography,fibrosis,3,0.02399158477783203,0,1077,608,893,249
lymphography,fibrosis,5,0.04090404510498047,0,1671,1095,1480,289
I_LVL0_Interesting_Non-Random-Synthetic__2_4_62500_,1,2,0.059481143951416016,0,191,151,109,103
I_LVL0_Interesting_Non-Random-Synthetic__2_4_62500_,1,3,0.08848953247070312,0,586,251,434,213
I_LVL0_Interesting_Non-Random-Synthetic__2_4_62500_,1,5,0.08640742301940918,0,586,251,434,213
ring,0,2,0.10834550857543945,0,3240,828,1556,365
ring,0,3,0.2443251609802246,0,8698,828,7014,365
ring,0,5,0.24645209312438965,0,8698,828,7014,365
mc1,2,2,0.17804646492004395,0,3668,2436,1248,314
mc1,2,3,1.8946447372436523,0,42274,29426,22059,647
mc1,2,5,923.6929814815521,0,1678961,1360293,1400028,1114
thyroid_allhyper,goitre.,2,0.039446353912353516,0,1192,923,550,279
thyroid_allhyper,goitre.,3,0.27999186515808105,0,10396,5700,6667,567
thyroid_allhyper,goitre.,5,8.113628625869751,0,103147,84509,88302,844
mammographics,1,2,0.008894681930541992,0,194,117,87,66
mammographics,1,3,0.012837886810302734,0,430,243,225,135
mammographics,1,5,0.015130758285522461,0,515,298,292,168
dresses,1,2,0.04757189750671387,0,2802,823,1058,218
dresses,1,3,0.14235973358154297,0,8393,2805,3832,318
dresses,1,5,0.38097596168518066,0,13631,4488,7110,339
U_LVL1_0_Uninteresting_Non-Random-Synthetic__2_2_4_,0,2,0.00400853157043457,0,4,0,0,0
U_LVL1_0_Uninteresting_Non-Random-Synthetic__2_2_4_,0,3,0.0036220550537109375,0,4,0,0,0
U_LVL1_0_Uninteresting_Non-Random-Synthetic__2_2_4_,0,5,0.0036160945892333984,0,4,0,0,0
thyroid_new_thyroid,2,2,0.006831169128417969,0,125,58,43,31
thyroid_new_thyroid,2,3,0.008019447326660156,0,176,71,89,44
thyroid_new_thyroid,2,5,0.00819849967956543,0,183,77,96,50
Balance_UCI_,R,2,0.00847005844116211,0,210,164,75,75
Balance_UCI_,R,3,0.015810012817382812,0,658,164,307,75
Balance_UCI_,R,5,0.01566910743713379,0,658,164,307,75
vert2,NO,2,0.010044574737548828,0,277,195,128,115
vert2,NO,3,0.01950550079345703,0,881,312,475,164
vert2,NO,5,0.02087235450744629,0,927,336,514,177
U_LVL3_1_Uninteresting_Non-Random-Synthetic__2_7_8235430_,0,2,18.331591367721558,0,1225,1078,0,0
U_LVL3_1_Uninteresting_Non-Random-Synthetic__2_7_8235430_,0,3,111.09130811691284,0,13230,13083,0,0
U_LVL3_1_Uninteresting_Non-Random-Synthetic__2_7_8235430_,0,5,-1.0,1,-1,-1,-1,-1
rmftsa_sleepdata,3,2,0.05117487907409668,0,36,21,7,7
rmftsa_sleepdata,3,3,0.005457162857055664,0,36,21,7,7
rmftsa_sleepdata,3,5,0.006818294525146484,0,36,21,7,7
thoracic-surgery,1,2,0.04488849639892578,0,826,623,446,228
thoracic-surgery,1,3,0.14373493194580078,0,5707,4354,2904,392
thoracic-surgery,1,5,6.184086799621582,0,56383,53886,30093,497
kc3,2,2,0.09678888320922852,0,6334,2732,2650,352
kc3,2,3,1.1060314178466797,0,51105,34178,40845,612
kc3,2,5,1155.5019867420197,0,1789554,1434144,1735973,1061
tae,2,2,0.006778240203857422,0,121,69,49,33
tae,2,3,0.008020162582397461,0,200,123,84,58
tae,2,5,0.008461475372314453,0,217,137,93,65
leaf,32,2,0.021792888641357422,0,1017,440,547,239
leaf,32,3,0.05705547332763672,0,3140,1610,2540,372
leaf,32,5,0.1772317886352539,0,6569,4073,5967,475
australian,1,2,0.02033233642578125,0,822,500,364,252
australian,1,3,0.07281255722045898,0,3939,803,2596,407
australian,1,5,0.0806264877319336,0,4256,930,2886,478
dermatology,4,2,0.04199051856994629,0,2278,1321,1330,397
dermatology,4,3,0.34879040718078613,0,18548,6986,15955,742
dermatology,4,5,11.040100574493408,0,135518,86311,132911,1203
Heart_Statlog__UCI_,2,2,0.018352985382080078,0,781,434,373,220
Heart_Statlog__UCI_,2,3,0.053986310958862305,0,3141,619,2158,366
Heart_Statlog__UCI_,2,5,0.05849790573120117,0,3362,726,2375,403
Census-Income_KDD__UCI_,50000+,2,13.880024433135986,0,60149,1911,18688,532
Census-Income_KDD__UCI_,50000+,3,22.28053379058838,0,75780,10314,31373,829
Census-Income_KDD__UCI_,50000+,5,163.67617678642273,0,263318,175104,196563,1195
japanese,+,2,0.02838873863220215,0,1387,470,580,287
japanese,+,3,0.06878924369812012,0,3815,772,2393,455
japanese,+,5,0.07981157302856445,0,4248,962,2794,546
heart_hungarian,1,2,0.006521940231323242,0,78,51,28,22
heart_hungarian,1,3,0.007050514221191406,0,133,89,50,39
heart_hungarian,1,5,0.0074880123138427734,0,143,99,57,46
I_LVL2_2_Interesting_Non-Random-Synthetic__2_5_312500_,1,2,0.35094404220581055,0,301,251,182,131
I_LVL2_2_Interesting_Non-Random-Synthetic__2_5_312500_,1,3,0.6171071529388428,0,1356,436,990,242
I_LVL2_2_Interesting_Non-Random-Synthetic__2_5_312500_,1,5,0.6728146076202393,0,1356,436,990,242
forest,h ,2,0.08082461357116699,0,5158,460,2171,283
forest,h ,3,0.10592222213745117,0,6501,595,3514,409
forest,h ,5,0.10906410217285156,0,6633,658,3646,453
robot5,bottom_collision,2,0.03303337097167969,0,353,274,140,132
robot5,bottom_collision,3,0.04090452194213867,0,1641,529,890,266
robot5,bottom_collision,5,0.04336977005004883,0,1881,627,1130,312
pen,6,2,0.08102655410766602,0,1490,382,446,247
pen,6,3,0.13992834091186523,0,3355,611,2311,440
pen,6,5,0.15148591995239258,0,3706,723,2662,565
U_LVL3_0_Uninteresting_Non-Random-Synthetic__2_7_823543_,0,2,1.834787368774414,0,1225,1078,0,0
U_LVL3_0_Uninteresting_Non-Random-Synthetic__2_7_823543_,0,3,9.343292474746704,0,13230,13083,0,0
U_LVL3_0_Uninteresting_Non-Random-Synthetic__2_7_823543_,0,5,65.80915474891663,0,97265,13083,0,0
robot3,slightly_moved,2,0.012176990509033203,0,379,326,167,146
robot3,slightly_moved,3,0.03996896743774414,0,2134,888,1026,258
robot3,slightly_moved,5,0.056902408599853516,0,2614,1087,1473,284
DefaultofCreditCard,1,2,0.42576169967651367,0,6019,2573,2849,351
DefaultofCreditCard,1,3,2.676490306854248,0,44307,12367,26874,436
DefaultofCreditCard,1,5,15.399278402328491,0,109682,53372,60214,453
zoo,7,2,0.010831594467163086,0,312,219,184,131
zoo,7,3,0.02463078498840332,0,1183,647,802,313
zoo,7,5,0.07719826698303223,0,3391,2138,3008,509
breast_tissue,gla,2,0.023667573928833008,0,387,92,159,53
breast_tissue,gla,3,0.01495361328125,0,475,159,221,106
breast_tissue,gla,5,0.014208793640136719,0,550,232,294,152
flare, B,2,0.010616779327392578,0,231,170,90,84
flare, B,3,0.02190399169921875,0,849,465,374,179
flare, B,5,0.03864431381225586,0,1589,661,1019,332
banana,1,2,0.006502628326416016,0,36,24,13,13
banana,1,3,0.006300926208496094,0,36,24,13,13
banana,1,5,0.006544589996337891,0,36,24,13,13
polish_bankruptcy_2year,1,2,0.79827880859375,0,32386,27521,13182,553
polish_bankruptcy_2year,1,3,50.81261134147644,0,1771345,403323,858120,983
polish_bankruptcy_2year,1,5,-1.0,1,-1,-1,-1,-1
polish_bankruptcy_3year,1,2,0.8737528324127197,0,32640,29135,13845,601
polish_bankruptcy_3year,1,3,58.62314295768738,0,2034862,616650,951201,930
polish_bankruptcy_3year,1,5,-1.0,1,-1,-1,-1,-1
qualitative,B,2,0.00836944580078125,0,154,95,60,52
qualitative,B,3,0.011441469192504883,0,321,168,189,127
qualitative,B,5,0.012044906616210938,0,388,208,256,176
mfeat-morphological,8,2,0.009552240371704102,0,192,101,42,39
mfeat-morphological,8,3,0.014803409576416016,0,351,241,121,110
mfeat-morphological,8,5,0.017068862915039062,0,516,339,223,167
fourclass,1,2,0.0050771236419677734,0,36,19,12,12
fourclass,1,3,0.005016326904296875,0,36,19,12,12
fourclass,1,5,0.005021572113037109,0,36,19,12,12
liver,1,2,0.010450124740600586,0,300,246,131,122
liver,1,3,0.027294158935546875,0,1340,413,634,171
liver,1,5,0.02987980842590332,0,1411,424,671,173
badges2,1,2,0.012140989303588867,0,355,282,181,145
badges2,1,3,0.03178882598876953,0,1669,438,915,302
badges2,1,5,0.03561592102050781,0,1832,511,1040,365
kc1-binary,1,2,0.46704888343811035,0,30425,5286,18862,422
kc1-binary,1,3,2.736163377761841,0,125631,37535,110957,628
kc1-binary,1,5,776.4673452377319,0,1077923,975290,1034298,768
tao,black,2,0.0056455135345458984,0,36,22,12,12
tao,black,3,0.006078004837036133,0,36,22,12,12
tao,black,5,0.006032228469848633,0,36,22,12,12
ND_LVL_2_4_NormalDist_Random-Synthetic__2_10_10000000_,0,2,58.749465465545654,0,5050,2800,2327,362
ND_LVL_2_4_NormalDist_Random-Synthetic__2_10_10000000_,0,3,-1.0,1,-1,-1,-1,-1
ND_LVL_2_4_NormalDist_Random-Synthetic__2_10_10000000_,0,5,-1.0,1,-1,-1,-1,-1
breast_cancer_wis_pro2,R,2,0.23633170127868652,0,8796,3879,3938,370
breast_cancer_wis_pro2,R,3,1.9979724884033203,0,54605,8943,40919,447
breast_cancer_wis_pro2,R,5,2.270961046218872,0,65372,15573,49977,546
soybean_small,D3,2,0.014682531356811523,0,493,261,313,168
soybean_small,D3,3,0.03138566017150879,0,1532,757,1142,342
soybean_small,D3,5,0.05814480781555176,0,2797,1219,2403,447
U_LVL1_3_Uninteresting_Non-Random-Synthetic__2_2_4000_,0,2,0.005951881408691406,0,10,8,0,0
U_LVL1_3_Uninteresting_Non-Random-Synthetic__2_2_4000_,0,3,0.005374431610107422,0,10,8,0,0
U_LVL1_3_Uninteresting_Non-Random-Synthetic__2_2_4000_,0,5,0.0055005550384521484,0,10,8,0,0
semeion,8,2,3.2955424785614014,0,128783,84484,56836,807
semeion,8,3,348.0550558567047,0,10014640,2608389,7083253,1378
semeion,8,5,-1.0,1,-1,-1,-1,-1
ED_LVL_3_0_EqualDist_Random-Synthetic__2_20_1000_,0,2,1.394517421722412,0,80200,424,41287,176
ED_LVL_3_0_EqualDist_Random-Synthetic__2_20_1000_,0,3,1.3612990379333496,0,80200,424,41287,176
ED_LVL_3_0_EqualDist_Random-Synthetic__2_20_1000_,0,5,1.3873090744018555,0,80200,424,41287,176
molecular_splice,IE,2,0.6802568435668945,0,28729,5518,13007,581
molecular_splice,IE,3,3.1371779441833496,0,112775,6453,96162,763
molecular_splice,IE,5,3.1827077865600586,0,113192,6670,96579,808
audiology_std,cochlear_noise_and_heredity,2,0.04026675224304199,0,1900,1830,1832,234
audiology_std,cochlear_noise_and_heredity,3,0.7303452491760254,0,36120,36050,36052,397
audiology_std,cochlear_noise_and_heredity,5,-1.0,1,-1,-1,-1,-1
automobile,-1,2,0.041365623474121094,0,2387,721,1141,283
automobile,-1,3,0.11657977104187012,0,6841,2872,5322,449
automobile,-1,5,0.8194034099578857,0,20189,10454,18634,660
volcanoes-d2,3,2,0.009917974472045898,0,78,55,17,17
volcanoes-d2,3,3,0.011250734329223633,0,125,86,36,36
volcanoes-d2,3,5,0.011409997940063477,0,125,86,36,36
grammatical_a2,1,2,0.4690268039703369,0,20308,4524,19554,748
grammatical_a2,1,3,3.1989846229553223,0,139101,97372,138347,1002
grammatical_a2,1,5,-1.0,1,-1,-1,-1,-1
U_LVL2_3_Uninteresting_Non-Random-Synthetic__2_5_3125000_,0,2,3.253344774246216,0,325,275,0,0
U_LVL2_3_Uninteresting_Non-Random-Synthetic__2_5_3125000_,0,3,7.019699335098267,0,1575,1525,0,0
U_LVL2_3_Uninteresting_Non-Random-Synthetic__2_5_3125000_,0,5,28.01887822151184,0,7825,4650,0,0
analcatdata_authorship,4,2,0.5789566040039062,0,34459,1018,14289,626
analcatdata_authorship,4,3,0.6690704822540283,0,39202,1584,19031,807
analcatdata_authorship,4,5,0.7110264301300049,0,40214,2037,20043,904
I_LVL3_1_Interesting_Non-Random-Synthetic__2_7_8235430_,1,2,17.421109676361084,0,1130,990,811,141
I_LVL3_1_Interesting_Non-Random-Synthetic__2_7_8235430_,1,3,97.70580720901489,0,11595,990,9658,141
I_LVL3_1_Interesting_Non-Random-Synthetic__2_7_8235430_,1,5,97.54300427436829,0,11595,990,9658,141
EqualDist_Random-Synthetic__2_7_8520_,0,2,0.02889275550842285,0,561,493,244,189
EqualDist_Random-Synthetic__2_7_8520_,0,3,0.11775398254394531,0,4067,3999,1973,394
EqualDist_Random-Synthetic__2_7_8520_,0,5,2.9341139793395996,0,29141,14179,17329,549
cmc,3,2,0.016208648681640625,0,465,388,195,160
cmc,3,3,0.061438798904418945,0,2833,1906,1244,316
cmc,3,5,0.41075778007507324,0,9759,6456,5872,439
Adult_UCI_,>50K,2,0.24844765663146973,0,3338,402,822,228
Adult_UCI_,>50K,3,0.3342101573944092,0,4541,695,1621,350
Adult_UCI_,>50K,5,0.3732912540435791,0,5004,977,2053,439
I_LVL1_2_Interesting_Non-Random-Synthetic__2_2_400_,1,2,0.011225223541259766,0,7,5,4,4
I_LVL1_2_Interesting_Non-Random-Synthetic__2_2_400_,1,3,0.011127233505249023,0,7,5,4,4
I_LVL1_2_Interesting_Non-Random-Synthetic__2_2_400_,1,5,0.011098146438598633,0,7,5,4,4
monks1,0,2,0.019879579544067383,0,137,119,80,80
monks1,0,3,0.013186931610107422,0,479,461,363,179
monks1,0,5,0.02945256233215332,0,1144,726,979,194
ND_LVL_3_0_NormalDist_Random-Synthetic__2_20_1000_,0,2,0.35752201080322266,0,21610,6816,10606,460
ND_LVL_3_0_NormalDist_Random-Synthetic__2_20_1000_,0,3,4.17188286781311,0,194031,7609,115760,469
ND_LVL_3_0_NormalDist_Random-Synthetic__2_20_1000_,0,5,4.183897256851196,0,194046,7609,115773,469
grammatical_a1,1,2,1.4853243827819824,0,81793,9366,76207,689
grammatical_a1,1,3,9.333509922027588,0,428891,283625,423305,892
grammatical_a1,1,5,-1.0,1,-1,-1,-1,-1
mfeat-zernike,8,2,0.356691837310791,0,17766,10603,7357,516
mfeat-zernike,8,3,9.353164434432983,0,386016,71922,301513,697
mfeat-zernike,8,5,547.2885818481445,0,1024868,373201,939345,804
twonorm,1,2,0.11063814163208008,0,3240,413,1538,333
twonorm,1,3,0.15357518196105957,0,4948,413,3246,333
twonorm,1,5,0.15363740921020508,0,4948,413,3246,333
auto7_1,class3,2,0.02134561538696289,0,780,733,382,242
auto7_1,class3,3,0.15109014511108398,0,8230,6601,4037,469
auto7_1,class3,5,2.1132795810699463,0,40197,13794,25452,592
grammatical_b4,1,2,4.0494513511657715,0,237512,8370,204839,744
grammatical_b4,1,3,8.876559495925903,0,444937,118428,412255,897
grammatical_b4,1,5,-1.0,1,-1,-1,-1,-1
wave2,2,2,0.3529083728790283,0,12880,1846,6245,487
wave2,2,3,0.707728385925293,0,23622,2331,16987,511
wave2,2,5,0.7461166381835938,0,24810,2803,18175,511
volcanoes-d1,3,2,0.009953022003173828,0,78,56,15,15
volcanoes-d1,3,3,0.01154470443725586,0,128,89,35,35
volcanoes-d1,3,5,0.011451482772827148,0,128,89,35,35
mfeat-fourier,8,2,0.913790225982666,0,46360,22343,20436,509
mfeat-fourier,8,3,28.592079162597656,0,1005947,47858,886625,702
mfeat-fourier,8,5,54.659958362579346,0,1121678,94023,1002356,804
breast,recurrence-events,2,0.013634920120239258,0,476,274,217,131
breast,recurrence-events,3,0.03139138221740723,0,1538,883,753,219
breast,recurrence-events,5,0.06465792655944824,0,2742,1575,1170,229
I_LVL2_3_Interesting_Non-Random-Synthetic__2_5_3125000_,1,2,3.0781455039978027,0,301,251,182,148
I_LVL2_3_Interesting_Non-Random-Synthetic__2_5_3125000_,1,3,6.274353265762329,0,1356,436,990,221
I_LVL2_3_Interesting_Non-Random-Synthetic__2_5_3125000_,1,5,6.298281669616699,0,1356,436,990,221
U_LVL2_4_Uninteresting_Non-Random-Synthetic__2_5_31250000_,1,2,33.02878952026367,0,325,275,0,0
U_LVL2_4_Uninteresting_Non-Random-Synthetic__2_5_31250000_,1,3,72.96537399291992,0,1575,1525,0,0
U_LVL2_4_Uninteresting_Non-Random-Synthetic__2_5_31250000_,1,5,458.80671977996826,0,7825,4650,0,0
horse_colic_outcome,2,2,0.03581643104553223,0,70,0,36,0
horse_colic_outcome,2,3,0.0077435970306396484,0,70,0,36,0
horse_colic_outcome,2,5,0.0069522857666015625,0,70,0,36,0
ND_LVL_2_0_NormalDist_Random-Synthetic__2_10_1000_,1,2,0.09787750244140625,0,3259,1421,1607,300
ND_LVL_2_0_NormalDist_Random-Synthetic__2_10_1000_,1,3,0.635906457901001,0,19577,4061,10340,387
ND_LVL_2_0_NormalDist_Random-Synthetic__2_10_1000_,1,5,0.6328620910644531,0,24112,4077,13370,387
wall4,Slight-Right-Turn,2,0.008956432342529297,0,82,59,33,33
wall4,Slight-Right-Turn,3,0.010254859924316406,0,156,120,78,75
wall4,Slight-Right-Turn,5,0.01112508773803711,0,180,138,98,90
hayes,2,2,0.005922555923461914,0,81,48,35,29
hayes,2,3,0.006704568862915039,0,121,64,71,44
hayes,2,5,0.006685495376586914,0,121,64,71,44
analcatdata_germangss,4,2,0.008348941802978516,0,171,134,27,25
analcatdata_germangss,4,3,0.013946056365966797,0,514,269,128,71
analcatdata_germangss,4,5,0.015386581420898438,0,572,286,155,77
thyroid_allhypo,primary hypothyroid.,2,0.03747820854187012,0,1099,775,556,289
thyroid_allhypo,primary hypothyroid.,3,0.2650465965270996,0,8950,6048,5880,593
thyroid_allhypo,primary hypothyroid.,5,16.750514268875122,0,145558,92666,130495,1111
user,High,2,0.00854182243347168,0,191,147,73,71
user,High,3,0.014774560928344727,0,592,149,326,71
user,High,5,0.01477956771850586,0,592,149,326,71
thyroid_dis,discordant.,2,0.04387974739074707,0,1390,1163,578,300
thyroid_dis,discordant.,3,0.4206576347351074,0,15428,11772,7693,540
thyroid_dis,discordant.,5,97.94633054733276,0,420564,330172,298168,973
synthetic_control,4,2,0.2221982479095459,0,11868,1232,7895,855
synthetic_control,4,3,0.49374866485595703,0,26157,4978,22184,1134
synthetic_control,4,5,1.503692388534546,0,44724,13589,40751,1221
titanic,1,2,0.006094694137573242,0,36,26,17,16
titanic,1,3,0.006203889846801758,0,48,38,25,24
titanic,1,5,0.006002664566040039,0,48,38,25,24
secom,1,2,0.4003159999847412,0,19306,18684,8999,627
secom,1,3,27.688485622406006,0,1137645,597606,527130,1140
secom,1,5,-1.0,1,-1,-1,-1,-1
wine,1,2,0.020388126373291016,0,913,238,540,224
wine,1,3,0.02970719337463379,0,1582,299,1209,294
wine,1,5,0.03050971031188965,0,1603,307,1230,298
thyroid_allrep,overreplacement.,2,0.03134274482727051,0,844,740,575,299
thyroid_allrep,overreplacement.,3,0.24045133590698242,0,8300,6498,6548,590
thyroid_allrep,overreplacement.,5,21.09487557411194,0,179328,119525,160105,1144
post,S,2,0.008020401000976562,0,176,112,76,51
post,S,3,0.012207746505737305,0,436,273,188,127
post,S,5,0.017685651779174805,0,675,457,311,179
human,1,2,26.993749380111694,0,853092,29928,786122,951
human,1,3,80.46616291999817,0,1957993,245981,1891023,1085
human,1,5,-1.0,1,-1,-1,-1,-1
connectionist_sonar,R,2,0.4365568161010742,0,28920,797,13968,562
connectionist_sonar,R,3,0.47916722297668457,0,30370,966,15407,605
connectionist_sonar,R,5,0.478010892868042,0,30424,997,15461,606
hiv_746,-1,2,0.1424882411956787,0,9751,384,4041,118
hiv_746,-1,3,0.18359827995300293,0,10141,609,4058,118
hiv_746,-1,5,0.19249367713928223,0,10514,968,4060,118
madelon,1,2,41.248966455459595,0,1989019,1961118,959635,1126
madelon,1,3,-1.0,1,-1,-1,-1,-1
madelon,1,5,-1.0,1,-1,-1,-1,-1
NormalDist_Random-Synthetic__2_14_7418_,0,2,0.0689084529876709,0,1891,1727,892,325
NormalDist_Random-Synthetic__2_14_7418_,0,3,0.7890841960906982,0,29113,22977,15105,607
NormalDist_Random-Synthetic__2_14_7418_,0,5,232.0015516281128,0,646654,310036,361361,889
led,2,2,0.007070064544677734,0,105,90,40,40
led,2,3,0.010830163955688477,0,320,285,146,130
led,2,5,0.018015146255493164,0,649,455,366,208
ND_LVL_1_0_NormalDist_Random-Synthetic__2_5_1000_,1,2,0.01112222671508789,0,325,233,131,110
ND_LVL_1_0_NormalDist_Random-Synthetic__2_5_1000_,1,3,0.024815797805786133,0,1117,538,554,195
ND_LVL_1_0_NormalDist_Random-Synthetic__2_5_1000_,1,5,0.03414773941040039,0,1521,645,764,217
auto4,class1,2,1.6387481689453125,0,75466,72492,37080,855
auto4,class1,3,257.71015191078186,0,8717427,704317,4454637,955
auto4,class1,5,-1.0,1,-1,-1,-1,-1
Tic-Tac-ToeEndgame_UCI_,negative,2,0.013658761978149414,0,378,351,151,142
Tic-Tac-ToeEndgame_UCI_,negative,3,0.05109858512878418,0,2646,1461,1135,302
Tic-Tac-ToeEndgame_UCI_,negative,5,0.1170966625213623,0,4851,1789,2979,417
Covertype,7,2,5.850799798965454,0,5484,3137,2292,323
Covertype,7,3,57.45722031593323,0,68475,57485,40753,583
Covertype,7,5,-1.0,1,-1,-1,-1,-1
pc4,2,2,0.24394965171813965,0,7383,3772,3097,419
pc4,2,3,2.1549389362335205,0,74010,23909,54225,639
pc4,2,5,170.10383915901184,0,572496,406905,533869,847
ED_LVL_3_4_EqualDist_Random-Synthetic__2_20_10000000_,0,2,-1.0,1,-1,-1,-1,-1
ED_LVL_3_4_EqualDist_Random-Synthetic__2_20_10000000_,0,3,-1.0,1,-1,-1,-1,-1
ED_LVL_3_4_EqualDist_Random-Synthetic__2_20_10000000_,0,5,-1.0,1,-1,-1,-1,-1
firm,1,2,0.13367199897766113,0,704,616,353,230
firm,1,3,0.5857813358306885,0,6721,6561,3864,474
firm,1,5,3.226515531539917,0,49207,7386,30684,759
ND_LVL_2_2_NormalDist_Random-Synthetic__2_10_100000_,0,2,0.6735570430755615,0,5050,2795,2402,356
ND_LVL_2_2_NormalDist_Random-Synthetic__2_10_100000_,0,3,5.5085718631744385,0,56651,27037,28797,594
ND_LVL_2_2_NormalDist_Random-Synthetic__2_10_100000_,0,5,125.7339563369751,0,441736,85733,229023,705
ND_LVL_3_2_NormalDist_Random-Synthetic__2_20_100000_,1,2,4.0683815479278564,0,39427,21040,19267,548
ND_LVL_3_2_NormalDist_Random-Synthetic__2_20_100000_,1,3,107.54571461677551,0,1126071,367824,594134,812
ND_LVL_3_2_NormalDist_Random-Synthetic__2_20_100000_,1,5,-1.0,1,-1,-1,-1,-1
Stroke_Kaggle_,1,2,0.023054122924804688,0,467,393,218,159
Stroke_Kaggle_,1,3,0.08318161964416504,0,3018,2174,1608,307
Stroke_Kaggle_,1,5,0.9113438129425049,0,15640,11161,11651,380
spambase,1,2,0.1917104721069336,0,7362,2161,3675,753
spambase,1,3,1.3237864971160889,0,44066,29559,19981,818
spambase,1,5,-1.0,1,-1,-1,-1,-1
echocardio,1,2,0.012717723846435547,0,470,68,219,33
echocardio,1,3,0.01284027099609375,0,481,74,224,34
echocardio,1,5,0.012680530548095703,0,481,74,224,34
phoneme,1,2,0.013299703598022461,0,210,174,84,84
phoneme,1,3,0.026378870010375977,0,782,368,356,206
phoneme,1,5,0.035289764404296875,0,948,439,517,223
texture,14,2,0.34127354621887207,0,12406,2704,4638,571
texture,14,3,1.3026094436645508,0,46920,4250,38776,874
texture,14,5,1.406364917755127,0,49474,4969,41330,937
statlog_is,7,2,0.04115939140319824,0,1611,287,647,311
statlog_is,7,3,0.06217050552368164,0,2577,404,1611,485
statlog_is,7,5,0.06460356712341309,0,2766,490,1800,596
banknote,1,2,0.007780313491821289,0,121,85,56,53
banknote,1,3,0.009958267211914062,0,248,161,136,119
banknote,1,5,0.010663509368896484,0,273,181,161,141
NormalDist_Random-Synthetic__2_6_5132_,1,2,0.01211094856262207,0,153,131,71,71
NormalDist_Random-Synthetic__2_6_5132_,1,3,0.022611379623413086,0,545,523,278,208
NormalDist_Random-Synthetic__2_6_5132_,1,5,0.06954073905944824,0,1909,1752,1009,345
ilpd,2,2,0.01877450942993164,0,741,583,348,222
ilpd,2,3,0.0899965763092041,0,5012,1968,2952,335
ilpd,2,5,0.20810747146606445,0,7757,3389,5570,376
EqualDist_Random-Synthetic__2_7_7307_,0,2,0.021600723266601562,0,378,324,168,148
EqualDist_Random-Synthetic__2_7_7307_,0,3,0.06689953804016113,0,2103,2049,1055,345
EqualDist_Random-Synthetic__2_7_7307_,0,5,1.1777746677398682,0,17307,12395,9331,545
ND_LVL_1_3_NormalDist_Random-Synthetic__2_5_1000000_,1,2,1.0408384799957275,0,325,275,132,126
ND_LVL_1_3_NormalDist_Random-Synthetic__2_5_1000000_,1,3,2.091374158859253,0,1575,1273,743,285
ND_LVL_1_3_NormalDist_Random-Synthetic__2_5_1000000_,1,5,4.159735441207886,0,4033,2744,1948,376
satimage,5,2,0.29621362686157227,0,10014,771,3233,444
satimage,5,3,0.4865231513977051,0,17154,5763,10373,805
satimage,5,5,10.06781005859375,0,106205,65553,99424,1234
turkiye,11,2,0.3287482261657715,0,11781,9265,4926,441
turkiye,11,3,8.985473871231079,0,322466,124894,153677,728
turkiye,11,5,-1.0,1,-1,-1,-1,-1
I_LVL3_0_Interesting_Non-Random-Synthetic__2_7_823543_,1,2,1.6808180809020996,0,1039,902,377,139
I_LVL3_0_Interesting_Non-Random-Synthetic__2_7_823543_,1,3,7.227731227874756,0,9964,902,4494,139
I_LVL3_0_Interesting_Non-Random-Synthetic__2_7_823543_,1,5,7.217617034912109,0,9964,902,4494,139
auto2, class2,2,12.274513006210327,0,304590,303675,151921,945
auto2, class2,3,-1.0,1,-1,-1,-1,-1
auto2, class2,5,-1.0,1,-1,-1,-1,-1
oil_spill,2,2,0.30234813690185547,0,17025,9923,7016,404
oil_spill,2,3,6.985188245773315,0,292392,22483,211288,685
oil_spill,2,5,43.754762172698975,0,422228,92947,340861,825
DryBeans,HOROZ,2,0.08269238471984863,0,1717,244,507,263
DryBeans,HOROZ,3,0.1033015251159668,0,2501,361,1291,413
DryBeans,HOROZ,5,0.11629128456115723,0,2889,726,1679,555
spectf_heart,0,2,0.24359536170959473,0,15054,6711,7395,571
spectf_heart,0,3,3.5034260749816895,0,163894,10927,139809,711
spectf_heart,0,5,3.9246954917907715,0,166283,11189,142198,740
I_LVL2_4_Interesting_Non-Random-Synthetic__2_5_31250000_,1,2,32.01146936416626,0,301,251,182,131
I_LVL2_4_Interesting_Non-Random-Synthetic__2_5_31250000_,1,3,63.95252227783203,0,1356,436,990,215
I_LVL2_4_Interesting_Non-Random-Synthetic__2_5_31250000_,1,5,64.23094367980957,0,1356,436,990,215
planning,2,2,0.0242919921875,0,1176,779,494,219
planning,2,3,0.10004472732543945,0,5943,1046,2781,245
planning,2,5,0.10424923896789551,0,5987,1084,2799,246
I_LVL1_3_Interesting_Non-Random-Synthetic__2_2_4000_,1,2,0.005938291549682617,0,7,5,4,4
I_LVL1_3_Interesting_Non-Random-Synthetic__2_2_4000_,1,3,0.0055925846099853516,0,7,5,4,4
I_LVL1_3_Interesting_Non-Random-Synthetic__2_2_4000_,1,5,0.0053560733795166016,0,7,5,4,4
trains,west,2,0.007490873336791992,0,80,0,32,0
trains,west,3,0.007419586181640625,0,80,0,32,0
trains,west,5,0.007960796356201172,0,80,0,32,0
ED_LVL_3_1_EqualDist_Random-Synthetic__2_20_10000_,0,2,1.962656021118164,0,80200,66611,40530,668
ED_LVL_3_1_EqualDist_Random-Synthetic__2_20_10000_,0,3,223.2020206451416,0,6155938,66611,2985345,668
ED_LVL_3_1_EqualDist_Random-Synthetic__2_20_10000_,0,5,220.1580958366394,0,6155938,66611,2985345,668
appendicitis,1,2,0.011206865310668945,0,379,80,105,34
appendicitis,1,3,0.012161016464233398,0,438,118,143,64
appendicitis,1,5,0.012357473373413086,0,462,139,166,84
mc2,2,2,0.16836190223693848,0,9870,1660,3916,392
mc2,2,3,0.41948819160461426,0,22435,8285,14815,654
mc2,2,5,17.652324438095093,0,174061,146322,164593,816
breast_cancer_wis_ori,M,2,0.11084127426147461,0,7141,225,2887,338
breast_cancer_wis_ori,M,3,0.11753988265991211,0,7504,283,3250,427
breast_cancer_wis_ori,M,5,0.1180424690246582,0,7571,339,3317,473
urban,shadow ,2,2.254689931869507,0,135009,2637,64970,680
urban,shadow ,3,2.754986524581909,0,160421,10570,90382,953
urban,shadow ,5,55.174712896347046,0,462021,303353,391982,1038
parkinsons,0,2,0.055727243423461914,0,3658,510,1462,303
parkinsons,0,3,0.09357547760009766,0,6170,1060,3974,444
parkinsons,0,5,0.12219357490539551,0,7434,1622,5238,526
haberman,2,2,0.0059719085693359375,0,66,49,29,28
haberman,2,3,0.006686687469482422,0,107,56,50,29
haberman,2,5,0.006701469421386719,0,107,56,50,29
pitt1_3,LONG,2,0.008370399475097656,0,214,67,94,37
pitt1_3,LONG,3,0.009034872055053711,0,255,94,115,50
pitt1_3,LONG,5,0.00925302505493164,0,259,96,116,51
NormalDist_Random-Synthetic__2_8_5616_,0,2,0.028272390365600586,0,741,645,315,213
NormalDist_Random-Synthetic__2_8_5616_,0,3,0.14102387428283691,0,6167,4879,3030,438
NormalDist_Random-Synthetic__2_8_5616_,0,5,2.7679524421691895,0,38394,18763,21423,614
musk,2,2,5.745182275772095,0,230262,14570,98509,818
musk,2,3,17.037081241607666,0,531406,42890,396939,1092
musk,2,5,194.14163064956665,0,1015834,362707,881364,1260
car,good,2,0.008591175079345703,0,126,104,101,101
car,good,3,0.013519048690795898,0,391,365,360,232
car,good,5,0.025532245635986328,0,850,598,817,294
libras,4,2,0.7005455493927002,0,45210,3525,18106,647
libras,4,3,1.8441805839538574,0,101704,10759,74600,959
libras,4,5,47.17767691612244,0,351857,141412,324753,1053
monks2,1,2,0.010287284851074219,0,153,136,91,91
monks2,1,3,0.015671491622924805,0,592,555,321,236
monks2,1,5,0.035709381103515625,0,1427,877,886,279
onehund_tex,Acer Capillipes,2,0.1671440601348877,0,8449,6673,4890,412
onehund_tex,Acer Capillipes,3,4.725945472717285,0,205299,55576,177287,883
onehund_tex,Acer Capillipes,5,997.0945138931274,0,2417158,967199,2388417,1514
grammatical_b3,0,2,0.9370245933532715,0,51917,3504,50440,644
grammatical_b3,0,3,2.5598793029785156,0,128865,61128,127388,817
grammatical_b3,0,5,-1.0,1,-1,-1,-1,-1
volcanoes-a4,5,2,0.006515979766845703,0,78,46,18,18
volcanoes-a4,5,3,0.007206916809082031,0,106,65,37,37
volcanoes-a4,5,5,0.0074880123138427734,0,106,65,37,37
chronic_kidney_disease,ckd,2,0.03786301612854004,0,2285,187,1101,278
chronic_kidney_disease,ckd,3,0.042888641357421875,0,2641,249,1450,379
chronic_kidney_disease,ckd,5,0.04431581497192383,0,2707,299,1516,423
PopularKids,2,2,0.017736434936523438,0,741,495,294,184
PopularKids,2,3,0.063232421875,0,3476,2070,1591,334
PopularKids,2,5,0.32863831520080566,0,8337,5290,5106,454
ED_LVL_2_2_EqualDist_Random-Synthetic__2_10_100000_,1,2,0.6734826564788818,0,5050,4600,2350,396
ED_LVL_2_2_EqualDist_Random-Synthetic__2_10_100000_,1,3,11.257683038711548,0,125050,66236,64694,669
ED_LVL_2_2_EqualDist_Random-Synthetic__2_10_100000_,1,5,104.6474814414978,0,325114,66236,175972,669
yeast,ME1,2,0.010259389877319336,0,181,132,78,78
yeast,ME1,3,0.017000675201416016,0,551,397,359,210
yeast,ME1,5,0.031467437744140625,0,1155,777,952,325
auto8,class9,2,100.47975039482117,0,6474608,3755187,3035598,1272
auto8,class9,3,-1.0,1,-1,-1,-1,-1
auto8,class9,5,-1.0,1,-1,-1,-1,-1
analcatdata_dmft,1,2,0.009183406829833984,0,231,121,67,54
analcatdata_dmft,1,3,0.012494802474975586,0,419,224,154,103
analcatdata_dmft,1,5,0.013487577438354492,0,446,231,169,109
pc2,2,2,0.12833094596862793,0,3932,2659,1365,336
pc2,2,3,1.530003547668457,0,46249,42859,27750,620
pc2,2,5,-1.0,1,-1,-1,-1,-1
scene,2,2,13.543872594833374,0,700339,258304,346317,1125
scene,2,3,-1.0,1,-1,-1,-1,-1
scene,2,5,-1.0,1,-1,-1,-1,-1
first,1,2,0.4479219913482666,0,15936,5972,7199,445
first,1,3,4.0016114711761475,0,119135,42228,87562,895
first,1,5,106.76176071166992,0,542734,115008,494925,1532
ecoli,om,2,0.007773399353027344,0,129,85,66,58
ecoli,om,3,0.010801076889038086,0,304,208,213,143
ecoli,om,5,0.014270305633544922,0,416,310,315,199
grammatical_a7,1,2,2.8610105514526367,0,159951,13482,132822,709
grammatical_a7,1,3,17.3497371673584,0,756070,490350,728938,1179
grammatical_a7,1,5,-1.0,1,-1,-1,-1,-1
ND_LVL_3_3_NormalDist_Random-Synthetic__2_20_1000000_,0,2,34.255460262298584,0,39452,21534,19515,531
ND_LVL_3_3_NormalDist_Random-Synthetic__2_20_1000000_,0,3,-1.0,1,-1,-1,-1,-1
ND_LVL_3_3_NormalDist_Random-Synthetic__2_20_1000000_,0,5,-1.0,1,-1,-1,-1,-1
parkinson_speech,0,2,0.24686765670776367,0,5358,884,2974,233
parkinson_speech,0,3,0.38330745697021484,0,8311,1123,5263,315
parkinson_speech,0,5,0.19562339782714844,0,8532,1294,5474,340
grammatical_b9,1,2,3.7974560260772705,0,196812,16763,155151,517
grammatical_b9,1,3,21.319069623947144,0,822233,398709,780566,590
grammatical_b9,1,5,-1.0,1,-1,-1,-1,-1
climate,0,2,0.05718564987182617,0,3160,2683,1436,340
climate,0,3,1.092543125152588,0,55560,9798,31940,503
climate,0,5,2.2382586002349854,0,61713,9811,38059,503
isolet,14,2,72.08494520187378,0,2561746,367675,1120443,1062
isolet,14,3,-1.0,1,-1,-1,-1,-1
isolet,14,5,-1.0,1,-1,-1,-1,-1
auto7_3,class3,2,0.01937389373779297,0,780,711,341,230
auto7_3,class3,3,0.12720513343811035,0,7609,4333,3478,454
auto7_3,class3,5,1.0638623237609863,0,20470,9630,12261,540
volcanoes-d3,3,2,0.010263204574584961,0,78,55,17,17
volcanoes-d3,3,3,0.011502981185913086,0,125,87,35,35
volcanoes-d3,3,5,0.011576175689697266,0,125,87,35,35
Diabetic,0,2,0.04409074783325195,0,2017,1636,944,292
Diabetic,0,3,0.5061788558959961,0,23994,8628,13858,429
Diabetic,0,5,6.115927457809448,0,66944,40547,50907,543
ar4,2,2,0.06246757507324219,0,4297,644,1757,268
ar4,2,3,0.12295794486999512,0,7872,3188,5284,513
ar4,2,5,4.634092807769775,0,66688,53702,64099,684
auto5, class3,2,1.9380159378051758,0,112576,93790,52299,819
auto5, class3,3,342.55722522735596,0,10944054,370071,7043217,1239
auto5, class3,5,-1.0,1,-1,-1,-1,-1
Chess_King-Rookvs.King-Pawn__UCI_,nowin,2,0.07042121887207031,0,2558,1568,1355,414
Chess_King-Rookvs.King-Pawn__UCI_,nowin,3,0.6649770736694336,0,25150,14179,13361,731
Chess_King-Rookvs.King-Pawn__UCI_,nowin,5,19.343037128448486,0,207581,108873,122958,1050
bankruptcy,1,2,0.007258892059326172,0,173,18,89,11
bankruptcy,1,3,0.007186174392700195,0,173,18,89,11
bankruptcy,1,5,0.007222175598144531,0,173,18,89,11
onehund_sha,Acer Capillipes,2,0.21971464157104492,0,9572,4782,6485,420
onehund_sha,Acer Capillipes,3,2.6866118907928467,0,116292,16635,113059,851
onehund_sha,Acer Capillipes,5,17.31109595298767,0,264306,64634,261073,1251
pc3,2,2,0.14969110488891602,0,8001,3700,3304,368
pc3,2,3,1.7348589897155762,0,73307,26620,55986,558
pc3,2,5,305.80527114868164,0,775382,627588,746938,732
Marketing_EoSL_,9,2,0.07538461685180664,0,2560,982,756,264
Marketing_EoSL_,9,3,0.30178356170654297,0,9646,2397,4560,451
Marketing_EoSL_,9,5,0.5569336414337158,0,15400,6125,9950,593
I_LVL2_1_Interesting_Non-Random-Synthetic__2_5_31250_,1,2,0.045968055725097656,0,301,251,182,148
I_LVL2_1_Interesting_Non-Random-Synthetic__2_5_31250_,1,3,0.09324097633361816,0,1356,436,990,241
I_LVL2_1_Interesting_Non-Random-Synthetic__2_5_31250_,1,5,0.09408068656921387,0,1356,436,990,241
wpbc,R,2,0.15022897720336914,0,8646,3992,3905,376
wpbc,R,3,1.2690043449401855,0,57703,9515,42772,451
wpbc,R,5,2.404402732849121,0,69191,16389,52328,548
volcanoes-a3,4,2,0.006528139114379883,0,67,41,25,25
volcanoes-a3,4,3,0.006826639175415039,0,89,60,44,44
volcanoes-a3,4,5,0.006739616394042969,0,89,60,44,44
winsconsin,4,2,0.010458230972290039,0,253,142,158,130
winsconsin,4,3,0.018029451370239258,0,720,204,602,250
winsconsin,4,5,0.01905512809753418,0,765,221,647,266
optical,5,2,0.4585301876068115,0,13707,6153,5690,525
optical,5,3,5.487281322479248,0,162541,35077,132602,880
optical,5,5,145.83952260017395,0,805493,377055,747265,1368
NormalDist_Random-Synthetic__2_12_5886_,0,2,0.0516054630279541,0,1485,1308,701,289
NormalDist_Random-Synthetic__2_12_5886_,0,3,0.4766709804534912,0,18479,13473,9197,553
NormalDist_Random-Synthetic__2_12_5886_,0,5,51.05014085769653,0,245646,112511,141072,810
horse_colic_lesion,1,2,0.006768703460693359,0,70,0,0,0
horse_colic_lesion,1,3,0.006647348403930664,0,70,0,0,0
horse_colic_lesion,1,5,0.006670475006103516,0,70,0,0,0
contraceptive,3,2,0.015512704849243164,0,465,388,195,160
contraceptive,3,3,0.05826973915100098,0,2833,1906,1244,316
contraceptive,3,5,0.4132232666015625,0,9759,6456,5872,439
heart_switzerland,1,2,0.008694887161254883,0,224,83,103,52
heart_switzerland,1,3,0.010559558868408203,0,334,163,190,119
heart_switzerland,1,5,0.012830972671508789,0,435,256,286,198
saheart,1,2,0.015807151794433594,0,595,519,291,199
saheart,1,3,0.07653045654296875,0,4470,1342,2284,309
saheart,1,5,0.10291290283203125,0,5179,1428,2936,319
analcatdata_boxing2,2,2,0.009260892868041992,0,301,35,89,16
analcatdata_boxing2,2,3,0.009076118469238281,0,301,35,89,16
analcatdata_boxing2,2,5,0.00899815559387207,0,301,35,89,16
analcatdata_lawsuit,2,2,0.005423307418823242,0,50,32,22,21
analcatdata_lawsuit,2,3,0.005759716033935547,0,74,44,42,32
analcatdata_lawsuit,2,5,0.005990743637084961,0,76,45,44,33
pc1_req,2,2,0.007418155670166016,0,124,103,54,49
pc1_req,2,3,0.012248992919921875,0,397,356,178,144
pc1_req,2,5,0.030686378479003906,0,1162,1073,538,267
robot1,collision,2,0.011987924575805664,0,328,252,171,139
robot1,collision,3,0.029422760009765625,0,1357,518,882,237
robot1,collision,5,0.03597283363342285,0,1627,613,1139,267
credit-g,1,2,0.057108402252197266,0,3083,1905,1470,240
credit-g,1,3,0.6192066669464111,0,30220,9921,17003,411
credit-g,1,5,6.155235767364502,0,81999,36898,56256,566
lsvt,1,2,10.762132406234741,0,735113,7736,311593,665
lsvt,1,3,13.665924310684204,0,872227,14983,448707,798
lsvt,1,5,15.126392602920532,0,904540,16987,481020,864
acute-inflammations,2,2,0.006000995635986328,0,69,53,43,42
acute-inflammations,2,3,0.007246494293212891,0,145,110,117,97
acute-inflammations,2,5,0.008484125137329102,0,192,157,164,134
cardio10,8,2,0.03536224365234375,0,1343,644,599,306
cardio10,8,3,0.12917327880859375,0,6188,1963,5151,588
cardio10,8,5,0.521132230758667,0,15908,7668,14862,977
phishing,-1,2,0.13369965553283691,0,2279,961,1169,395
phishing,-1,3,0.6689357757568359,0,12156,2558,8162,653
phishing,-1,5,2.262580633163452,0,29829,17818,22002,739
prnn_synth,1,2,0.004971981048583984,0,36,18,12,9
prnn_synth,1,3,0.004893064498901367,0,36,18,12,9
prnn_synth,1,5,0.0048198699951171875,0,36,18,12,9
mice,t-SC-s,2,0.7281589508056641,0,43974,2170,19113,607
mice,t-SC-s,3,1.0381062030792236,0,57924,2564,33063,969
mice,t-SC-s,5,1.039870023727417,0,58462,2681,33601,1111
U_LVL0_Uninteresting_Non-Random-Synthetic__2_4_62500_,0,2,0.06158566474914551,0,210,170,0,0
U_LVL0_Uninteresting_Non-Random-Synthetic__2_4_62500_,0,3,0.10013580322265625,0,710,670,0,0
U_LVL0_Uninteresting_Non-Random-Synthetic__2_4_62500_,0,5,0.14872217178344727,0,1335,1295,0,0
grammatical_a4,1,2,1.847705602645874,0,97784,24972,84174,963
grammatical_a4,1,3,46.24401807785034,0,1816985,1610539,1803375,1315
grammatical_a4,1,5,-1.0,1,-1,-1,-1,-1
NormalDist_Random-Synthetic__2_7_7283_,1,2,0.027408838272094727,0,561,481,237,181
NormalDist_Random-Synthetic__2_7_7283_,1,3,0.10506772994995117,0,3843,3172,1986,381
NormalDist_Random-Synthetic__2_7_7283_,1,5,1.4603209495544434,0,22293,12834,12652,544
ND_LVL_2_1_NormalDist_Random-Synthetic__2_10_10000_,0,2,0.14354944229125977,0,5050,2686,2227,360
ND_LVL_2_1_NormalDist_Random-Synthetic__2_10_10000_,0,3,1.475912094116211,0,51591,23696,27767,570
ND_LVL_2_1_NormalDist_Random-Synthetic__2_10_10000_,0,5,29.939772367477417,0,250020,51277,150920,687
grammatical_b2,1,2,7.0841264724731445,0,407554,43457,251450,1047
grammatical_b2,1,3,110.04302191734314,0,4040699,2892802,3884590,1282
grammatical_b2,1,5,-1.0,1,-1,-1,-1,-1
ED_LVL_2_0_EqualDist_Random-Synthetic__2_10_1000_,1,2,0.0842733383178711,0,5050,2460,1984,322
ED_LVL_2_0_EqualDist_Random-Synthetic__2_10_1000_,1,3,0.5663297176361084,0,25621,2460,9731,322
ED_LVL_2_0_EqualDist_Random-Synthetic__2_10_1000_,1,5,0.579021692276001,0,25621,2460,9731,322
grammatical_b6,1,2,6.260693311691284,0,352739,11576,225113,897
grammatical_b6,1,3,15.569746971130371,0,717087,290068,589461,1117
grammatical_b6,1,5,-1.0,1,-1,-1,-1,-1
I_LVL2_0_Interesting_Non-Random-Synthetic__2_5_3125_,1,2,0.013331174850463867,0,278,227,117,109
I_LVL2_0_Interesting_Non-Random-Synthetic__2_5_3125_,1,3,0.029926538467407227,0,1138,412,657,185
I_LVL2_0_Interesting_Non-Random-Synthetic__2_5_3125_,1,5,0.03194379806518555,0,1138,412,657,185
gesture_raw,Preparation,2,0.09418439865112305,0,2926,2230,1186,353
gesture_raw,Preparation,3,1.0347471237182617,0,36024,15628,16799,557
gesture_raw,Preparation,5,37.99943542480469,0,181696,122510,120898,837
monks3,0,2,0.007843971252441406,0,153,133,53,53
monks3,0,3,0.014697551727294922,0,562,234,218,193
monks3,0,5,0.016263484954833984,0,608,234,264,193
I_LVL1_0_Interesting_Non-Random-Synthetic__2_2_4_,1,2,0.004064321517944336,0,4,0,2,0
I_LVL1_0_Interesting_Non-Random-Synthetic__2_2_4_,1,3,0.0040171146392822266,0,4,0,2,0
I_LVL1_0_Interesting_Non-Random-Synthetic__2_2_4_,1,5,0.004215240478515625,0,4,0,2,0
wall2,Slight-Right-Turn,2,0.005616664886474609,0,14,7,5,5
wall2,Slight-Right-Turn,3,0.005709648132324219,0,14,7,5,5
wall2,Slight-Right-Turn,5,0.005576610565185547,0,14,7,5,5
abalone,1,2,0.01951003074645996,0,496,335,155,127
abalone,1,3,0.05230069160461426,0,1994,608,681,254
abalone,1,5,0.06246781349182129,0,2368,734,996,337
wholesale,2,2,0.029745817184448242,0,327,261,150,139
wholesale,2,3,0.03969216346740723,0,1465,355,803,244
wholesale,2,5,0.02997446060180664,0,1517,385,855,276
soybean_large,purple-seed-stain,2,0.03499174118041992,0,1750,1143,1125,433
soybean_large,purple-seed-stain,3,0.26128077507019043,0,14353,2470,12005,681
soybean_large,purple-seed-stain,5,1.1739585399627686,0,35791,22819,33322,741
U_LVL2_1_Uninteresting_Non-Random-Synthetic__2_5_31250_,0,2,0.04550814628601074,0,325,275,0,0
U_LVL2_1_Uninteresting_Non-Random-Synthetic__2_5_31250_,0,3,0.10436844825744629,0,1575,1525,0,0
U_LVL2_1_Uninteresting_Non-Random-Synthetic__2_5_31250_,0,5,0.6327319145202637,0,7825,4650,0,0
onehund_mar,Acer Capillipes,2,0.21504974365234375,0,9538,7656,6249,547
onehund_mar,Acer Capillipes,3,6.114137887954712,0,257722,71150,230966,1059
onehund_mar,Acer Capillipes,5,852.490886926651,0,2138302,638926,2111434,1705
jEdit_4.2_4.3,1,2,0.013066291809082031,0,406,300,181,140
jEdit_4.2_4.3,1,3,0.03431200981140137,0,1769,846,855,254
jEdit_4.2_4.3,1,5,0.05839252471923828,0,2555,1425,1531,320
hiv_impens,1,2,0.12366342544555664,0,8283,339,2224,148
hiv_impens,1,3,0.12752938270568848,0,8480,342,2316,148
hiv_impens,1,5,0.12745356559753418,0,8480,342,2316,148
abalone_ori,18,2,0.01878523826599121,0,466,273,158,149
abalone_ori,18,3,0.04054617881774902,0,1423,1077,765,301
abalone_ori,18,5,0.14366722106933594,0,4037,3490,2900,472
ada_agnostic,2,2,0.1361682415008545,0,4564,2054,1987,430
ada_agnostic,2,3,1.3071775436401367,0,38985,30186,25075,737
ada_agnostic,2,5,-1.0,1,-1,-1,-1,-1
pitt1_1,DECK,2,0.007883071899414062,0,195,65,84,34
pitt1_1,DECK,3,0.008697032928466797,0,235,92,100,44
pitt1_1,DECK,5,0.008853912353515625,0,239,94,101,45
hiv_1625,1,2,0.1777503490447998,0,9340,269,1960,250
hiv_1625,1,3,0.18436002731323242,0,9569,326,2189,342
hiv_1625,1,5,0.18578600883483887,0,9605,352,2225,370
mfeat-factors,7,2,6.674275159835815,0,349894,4402,141865,855
mfeat-factors,7,3,7.7774999141693115,0,398638,8309,190609,1156
mfeat-factors,7,5,8.479150295257568,0,410182,13017,202153,1301
ED_LVL_1_0_EqualDist_Random-Synthetic__2_5_1000_,0,2,0.011696815490722656,0,325,275,133,128
ED_LVL_1_0_EqualDist_Random-Synthetic__2_5_1000_,0,3,0.03327679634094238,0,1575,623,843,205
ED_LVL_1_0_EqualDist_Random-Synthetic__2_5_1000_,0,5,0.03700685501098633,0,1649,623,886,205
ED_LVL_3_2_EqualDist_Random-Synthetic__2_20_100000_,1,2,7.283596515655518,0,80200,76400,38669,731
ED_LVL_3_2_EqualDist_Random-Synthetic__2_20_100000_,1,3,-1.0,1,-1,-1,-1,-1
ED_LVL_3_2_EqualDist_Random-Synthetic__2_20_100000_,1,5,-1.0,1,-1,-1,-1,-1
Seismic-Bumps_UCI_,1,2,0.0915079116821289,0,821,707,358,247
Seismic-Bumps_UCI_,1,3,0.28125643730163574,0,7360,5385,3818,464
Seismic-Bumps_UCI_,1,5,10.151100397109985,0,82529,70088,53008,670
pitt2_4,S,2,0.007452249526977539,0,143,66,67,36
pitt2_4,S,3,0.00872802734375,0,221,113,99,56
pitt2_4,S,5,0.009091377258300781,0,234,121,105,58
lenses,softCL,2,0.006243228912353516,0,15,4,10,3
lenses,softCL,3,0.004616498947143555,0,15,4,10,3
lenses,softCL,5,0.004627704620361328,0,15,4,10,3
statlog_ls,5,2,0.2957437038421631,0,10014,771,3233,444
statlog_ls,5,3,0.47620606422424316,0,17154,5763,10373,805
statlog_ls,5,5,10.130386352539062,0,106205,65553,99424,1234
EqualDist_Random-Synthetic__2_14_5644_,1,2,0.08067440986633301,0,2701,2526,1265,340
EqualDist_Random-Synthetic__2_14_5644_,1,3,1.3474781513214111,0,52966,48639,27167,667
EqualDist_Random-Synthetic__2_14_5644_,1,5,112.88414239883423,0,621857,105060,379652,807
thyroid_sick,sick.,2,0.049263954162597656,0,1775,1080,679,297
thyroid_sick,sick.,3,0.3694896697998047,0,13877,5989,7190,589
thyroid_sick,sick.,5,11.544828176498413,0,123519,106052,98374,929
BreastCancerWisconsin_UCI_,4,2,0.05115056037902832,0,3015,162,1830,169
BreastCancerWisconsin_UCI_,4,3,0.05262160301208496,0,3100,179,1915,184
BreastCancerWisconsin_UCI_,4,5,0.052860260009765625,0,3103,180,1918,185
pamap2,1,2,1.431058645248413,0,19715,1087,2516,377
pamap2,1,3,2.0122616291046143,0,31525,6849,14326,712
pamap2,1,5,5.754559516906738,0,87833,18063,70634,1385
U_LVL1_2_Uninteresting_Non-Random-Synthetic__2_2_400_,1,2,0.004374027252197266,0,10,8,0,0
U_LVL1_2_Uninteresting_Non-Random-Synthetic__2_2_400_,1,3,0.004482269287109375,0,10,8,0,0
U_LVL1_2_Uninteresting_Non-Random-Synthetic__2_2_400_,1,5,0.004479885101318359,0,10,8,0,0
visualizing_livestock,4,2,0.004978656768798828,0,33,3,2,2
visualizing_livestock,4,3,0.004952907562255859,0,33,3,2,2
visualizing_livestock,4,5,0.00504302978515625,0,33,3,2,2
volcanoes-a2,4,2,0.0062787532806396484,0,67,41,22,22
volcanoes-a2,4,3,0.006999015808105469,0,88,60,41,41
volcanoes-a2,4,5,0.006924867630004883,0,88,60,41,41
blogger,no,2,0.006639242172241211,0,106,49,44,18
blogger,no,3,0.0072596073150634766,0,144,76,50,22
blogger,no,5,0.007447481155395508,0,157,85,52,23
grammatical_a5,1,2,3.385068893432617,0,201852,8648,182752,617
grammatical_a5,1,3,7.909031629562378,0,381634,148827,362523,673
grammatical_a5,1,5,-1.0,1,-1,-1,-1,-1
prnn_crabs,1,2,0.012063026428222656,0,351,174,109,85
prnn_crabs,1,3,0.017489910125732422,0,716,409,303,177
prnn_crabs,1,5,0.024252891540527344,0,996,609,474,225
hepatitis,1,2,0.021753549575805664,0,996,482,459,185
hepatitis,1,3,0.060373783111572266,0,3347,1223,1656,336
hepatitis,1,5,0.10600066184997559,0,4967,2027,3149,466
