dataset_name,target_value,depth,DFS_BSD_DP_FC (PS)-real_time_taken,DFS_BSD_DP_FC (PS)-failed,DFS_BSD_DP_FC (PS)-sgs_evaluated,DFS_BSD_DP_FC (PS)-sgs_eval_interesting,DFS_BSD_DP_FC (PS)-sgs_quality_interesting,DFS_BSD_DP_FC (PS)-sgs_top_k_interesting
spect_heart,0,2,0.02569890022277832,0,951,463,265,222
spect_heart,0,3,0.10666680335998535,0,4421,1931,2044,502
spect_heart,0,5,1.4276883602142334,0,71455,33332,46218,1170
fertility,O,2,0.010872602462768555,0,348,156,141,74
fertility,O,3,0.031711578369140625,0,1399,308,554,134
fertility,O,5,0.06887173652648926,0,2798,352,1116,145
ND_LVL_1_1_NormalDist_Random-Synthetic__2_5_10000_,1,2,0.018861055374145508,0,276,276,137,131
ND_LVL_1_1_NormalDist_Random-Synthetic__2_5_10000_,1,3,0.0578765869140625,0,1526,1144,788,261
ND_LVL_1_1_NormalDist_Random-Synthetic__2_5_10000_,1,5,0.12698864936828613,0,4416,1922,2296,346
Mushroom_UCI_,p,2,0.1645982265472412,0,5195,641,1437,375
Mushroom_UCI_,p,3,0.4208226203918457,0,16393,1205,5247,662
Mushroom_UCI_,p,5,1.0252325534820557,0,41128,1906,15113,1135
wall24,Slight-Right-Turn,2,0.13197755813598633,0,4225,809,1669,404
wall24,Slight-Right-Turn,3,0.44353151321411133,0,17298,1807,8728,853
wall24,Slight-Right-Turn,5,1.0849347114562988,0,47561,3477,25899,1723
thyroid_allbp,increased binding protein.,2,0.06940150260925293,0,1904,748,657,252
thyroid_allbp,increased binding protein.,3,0.3334169387817383,0,12163,3566,4783,835
thyroid_allbp,increased binding protein.,5,6.488408088684082,0,235019,47048,121966,2418
analcatdata_creditscore,1,2,0.009806394577026367,0,174,61,84,28
analcatdata_creditscore,1,3,0.015714645385742188,0,445,108,192,46
analcatdata_creditscore,1,5,0.020849943161010742,0,605,125,244,55
primary,1,2,0.02604365348815918,0,670,392,288,170
primary,1,3,0.07565093040466309,0,3179,1394,1533,406
primary,1,5,0.4378349781036377,0,19921,7251,10452,941
breast_tissue_merged,car,2,0.015266895294189453,0,433,99,174,65
breast_tissue_merged,car,3,0.031647682189941406,0,1057,152,420,103
breast_tissue_merged,car,5,0.03503918647766113,0,1325,165,516,112
pima,1,2,0.02010345458984375,0,424,395,216,178
pima,1,3,0.0625770092010498,0,2579,898,1503,386
pima,1,5,0.15169501304626465,0,6716,1030,4046,445
Divorce,1,2,0.29767608642578125,0,16366,385,10815,414
Divorce,1,3,0.5794007778167725,0,31051,484,18630,511
Divorce,1,5,0.8328530788421631,0,50396,561,28281,600
asbestos,(3)_Above_legal_limit,2,0.00434565544128418,0,29,19,13,8
asbestos,(3)_Above_legal_limit,3,0.004262447357177734,0,41,21,18,9
asbestos,(3)_Above_legal_limit,5,0.004510402679443359,0,41,21,18,9
bupa,1,2,0.009736776351928711,0,265,247,131,122
bupa,1,3,0.03186154365539551,0,1481,401,717,164
bupa,1,5,0.03965640068054199,0,1921,407,878,168
U_LVL2_0_Uninteresting_Non-Random-Synthetic__2_5_3125_,0,2,0.005516529083251953,0,1,0,0,0
U_LVL2_0_Uninteresting_Non-Random-Synthetic__2_5_3125_,0,3,0.005629301071166992,0,1,0,0,0
U_LVL2_0_Uninteresting_Non-Random-Synthetic__2_5_3125_,0,5,0.0056269168853759766,0,1,0,0,0
cardio3,2,2,0.05579066276550293,0,2147,587,742,273
cardio3,2,3,0.2267317771911621,0,10752,2439,4769,685
cardio3,2,5,1.216813087463379,0,61874,7960,35602,1494
volcanoes-d4,3,2,0.00860285758972168,0,61,60,17,17
volcanoes-d4,3,3,0.010340452194213867,0,125,95,36,36
volcanoes-d4,3,5,0.010235786437988281,0,125,95,36,36
pitt2_3,LONG,2,0.007584810256958008,0,196,72,89,40
pitt2_3,LONG,3,0.011749505996704102,0,438,119,194,64
pitt2_3,LONG,5,0.013279914855957031,0,515,128,221,69
grammatical_b5,1,2,3.1470839977264404,0,150657,3683,125426,708
grammatical_b5,1,3,31.711375951766968,0,1563395,39888,1367365,1051
grammatical_b5,1,5,-1.0,1,-1,-1,-1,-1
ED_LVL_1_2_EqualDist_Random-Synthetic__2_5_100000_,0,2,0.10228514671325684,0,276,276,139,133
ED_LVL_1_2_EqualDist_Random-Synthetic__2_5_100000_,0,3,0.1772294044494629,0,1526,1526,768,280
ED_LVL_1_2_EqualDist_Random-Synthetic__2_5_100000_,0,5,0.4533064365386963,0,7776,4651,3955,406
pitt1_4,S,2,0.007738828659057617,0,205,66,94,34
pitt1_4,S,3,0.01129603385925293,0,389,92,174,44
pitt1_4,S,5,0.011820077896118164,0,435,93,192,44
ND_LVL_2_3_NormalDist_Random-Synthetic__2_10_1000000_,0,2,4.014175891876221,0,4601,2801,2224,281
ND_LVL_2_3_NormalDist_Random-Synthetic__2_10_1000000_,0,3,28.085230588912964,0,76601,27704,39431,475
ND_LVL_2_3_NormalDist_Random-Synthetic__2_10_1000000_,0,5,422.2965874671936,0,1266011,90637,664413,546
gesture_va,P,2,0.2749745845794678,0,8065,2578,4281,398
gesture_va,P,3,1.8705878257751465,0,73653,3940,50863,564
gesture_va,P,5,4.756482124328613,0,200677,5605,154711,664
connectionist_vowel,4,2,0.03558206558227539,0,1536,644,583,304
connectionist_vowel,4,3,0.10798382759094238,0,5366,928,2723,406
connectionist_vowel,4,5,0.2820708751678467,0,15076,1419,8013,737
breast_cancer_wis_pro,R,2,0.20422697067260742,0,11507,1657,4649,380
breast_cancer_wis_pro,R,3,1.4184236526489258,0,87639,2173,38757,460
breast_cancer_wis_pro,R,5,2.428960084915161,0,152673,2907,66789,486
diggle_table_a2,8,2,0.009614229202270508,0,289,104,76,70
diggle_table_a2,8,3,0.018578529357910156,0,837,216,255,199
diggle_table_a2,8,5,0.03718876838684082,0,1969,496,591,335
page,5,2,0.02965068817138672,0,737,330,244,184
page,5,3,0.06469559669494629,0,2393,591,1043,360
page,5,5,0.12068367004394531,0,5181,898,2487,551
steel-plates-fault,2,2,0.1420273780822754,0,6263,2115,3352,466
steel-plates-fault,2,3,0.6777925491333008,0,33570,5709,19588,863
steel-plates-fault,2,5,0.861396312713623,0,43005,7657,23081,1318
mechanical,4,2,0.021302461624145508,0,372,266,155,145
mechanical,4,3,0.06352996826171875,0,2186,937,748,320
mechanical,4,5,0.13758230209350586,0,5583,1363,1862,459
OnlineShoppersIntention,True,2,0.12683606147766113,0,3467,752,1429,297
OnlineShoppersIntention,True,3,0.573408842086792,0,20929,2823,10797,657
OnlineShoppersIntention,True,5,3.9743881225585938,0,159533,12072,90325,979
ED_LVL_2_1_EqualDist_Random-Synthetic__2_10_10000_,1,2,0.13446617126464844,0,4601,4601,2264,355
ED_LVL_2_1_EqualDist_Random-Synthetic__2_10_10000_,1,3,2.6517975330352783,0,124601,6102,68469,478
ED_LVL_2_1_EqualDist_Random-Synthetic__2_10_10000_,1,5,3.423908233642578,0,162831,6102,88598,478
glass,3,2,0.012530326843261719,0,414,221,174,137
glass,3,3,0.03237605094909668,0,1512,428,699,273
glass,3,5,0.045723915100097656,0,2141,579,1079,329
molecular_promoter,+,2,0.44727063179016113,0,25605,1046,9894,442
molecular_promoter,+,3,1.2643468379974365,0,69973,961,42561,539
molecular_promoter,+,5,1.7588741779327393,0,98845,905,68960,534
blood,1,2,0.006392717361450195,0,113,98,46,46
blood,1,3,0.010238409042358398,0,321,179,102,84
blood,1,5,0.011511802673339844,0,385,204,123,96
weight,B,2,1.896592140197754,0,108220,767,59420,391
weight,B,3,3.231334924697876,0,183962,861,117906,466
weight,B,5,4.632802724838257,0,262919,893,187560,521
ozone1,1,2,0.7543506622314453,0,35291,1156,13106,467
ozone1,1,3,2.260997772216797,0,111599,4352,69963,807
ozone1,1,5,23.699903964996338,0,1219503,47878,899595,1774
U_LVL2_2_Uninteresting_Non-Random-Synthetic__2_5_312500_,0,2,0.29054784774780273,0,276,276,0,0
U_LVL2_2_Uninteresting_Non-Random-Synthetic__2_5_312500_,0,3,0.4600811004638672,0,1526,1526,0,0
U_LVL2_2_Uninteresting_Non-Random-Synthetic__2_5_312500_,0,5,1.032327651977539,0,7776,4651,0,0
ionosphere,b,2,0.15662884712219238,0,8070,639,3571,357
ionosphere,b,3,0.4150857925415039,0,22717,989,11981,513
ionosphere,b,5,1.2529449462890625,0,72532,3772,36091,703
grammatical_b7,1,2,3.1015784740448,0,151802,3645,96245,919
grammatical_b7,1,3,26.181166887283325,0,1333008,46268,1003780,2015
grammatical_b7,1,5,-1.0,1,-1,-1,-1,-1
wine_quality,4,2,0.043123483657836914,0,1015,793,440,237
wine_quality,4,3,0.17343759536743164,0,6711,1557,3810,433
wine_quality,4,5,0.5165054798126221,0,22547,3029,13443,774
VehicleCouponRecommendation,0,2,0.12491655349731445,0,3756,1389,1798,308
VehicleCouponRecommendation,0,3,0.7199516296386719,0,29107,5793,14635,580
VehicleCouponRecommendation,0,5,4.854736089706421,0,210127,35127,88658,1073
auto7_2,class3,2,0.02324986457824707,0,734,696,348,218
auto7_2,class3,3,0.14189410209655762,0,6894,2502,3564,468
auto7_2,class3,5,0.5212936401367188,0,27075,3610,14942,582
wave,0,2,0.10644650459289551,0,3445,1449,1701,413
wave,0,3,0.9532055854797363,0,42513,3255,28964,663
wave,0,5,2.8748362064361572,0,133841,5359,104173,772
cnae9,4,2,15.863161563873291,0,827777,369733,350349,838
cnae9,4,3,-1.0,1,-1,-1,-1,-1
cnae9,4,5,-1.0,1,-1,-1,-1,-1
grammatical_a9,1,2,1.653336763381958,0,81614,3326,64153,528
grammatical_a9,1,3,30.16852879524231,0,1559731,61789,1259072,699
grammatical_a9,1,5,-1.0,1,-1,-1,-1,-1
teaching,2,2,0.009921789169311523,0,340,48,102,21
teaching,2,3,0.01222848892211914,0,474,60,134,25
teaching,2,5,0.012599468231201172,0,494,60,143,25
auto6_1,class8,2,0.24375343322753906,0,11864,5063,5641,418
auto6_1,class8,3,3.561270236968994,0,188257,6011,117973,657
auto6_1,class8,5,5.598218679428101,0,291220,6023,194310,677
ED_LVL_2_4_EqualDist_Random-Synthetic__2_10_10000000_,1,2,42.55272889137268,0,4601,4601,2314,357
ED_LVL_2_4_EqualDist_Random-Synthetic__2_10_10000000_,1,3,526.0844473838806,0,124601,64957,62297,453
ED_LVL_2_4_EqualDist_Random-Synthetic__2_10_10000000_,1,5,-1.0,1,-1,-1,-1,-1
ozone8,1,2,0.7411675453186035,0,34467,1458,15004,500
ozone8,1,3,2.6437904834747314,0,130543,5424,86322,909
ozone8,1,5,30.609426021575928,0,1564433,61825,1148044,1621
U_LVL1_4_Uninteresting_Non-Random-Synthetic__2_2_40000_,0,2,0.013944625854492188,0,9,9,0,0
U_LVL1_4_Uninteresting_Non-Random-Synthetic__2_2_40000_,0,3,0.01367950439453125,0,9,9,0,0
U_LVL1_4_Uninteresting_Non-Random-Synthetic__2_2_40000_,0,5,0.013099193572998047,0,9,9,0,0
bach, C#d,2,0.03070354461669922,0,609,190,208,171
bach, C#d,3,0.10327410697937012,0,3657,700,1195,407
bach, C#d,5,0.6258323192596436,0,29473,2859,8564,988
ED_LVL_3_3_EqualDist_Random-Synthetic__2_20_1000000_,1,2,33.57186579704285,0,76401,76401,38263,210
ED_LVL_3_3_EqualDist_Random-Synthetic__2_20_1000000_,1,3,-1.0,1,-1,-1,-1,-1
ED_LVL_3_3_EqualDist_Random-Synthetic__2_20_1000000_,1,5,-1.0,1,-1,-1,-1,-1
polish_bankruptcy_1year,1,2,0.7675402164459229,0,32173,1470,13123,403
polish_bankruptcy_1year,1,3,2.5030665397644043,0,114785,4412,65729,642
polish_bankruptcy_1year,1,5,23.714529752731323,0,1243073,124189,546864,983
coil2000,1,2,3.051623821258545,0,131569,10352,38688,722
coil2000,1,3,15.59272837638855,0,645993,85468,209707,1318
coil2000,1,5,499.3387734889984,0,19322677,4043617,6981544,3781
robot2,back_col,2,0.011343002319335938,0,317,287,151,133
robot2,back_col,3,0.029413938522338867,0,1229,382,735,202
robot2,back_col,5,0.05240321159362793,0,2461,431,1523,236
EqualDist_Random-Synthetic__2_7_5349_,1,2,0.023732423782348633,0,553,553,269,197
EqualDist_Random-Synthetic__2_7_5349_,1,3,0.1132497787475586,0,4722,3935,2441,430
EqualDist_Random-Synthetic__2_7_5349_,1,5,0.6813366413116455,0,32602,5596,19168,512
U_LVL1_1_Uninteresting_Non-Random-Synthetic__2_2_40_,1,2,0.0035247802734375,0,9,9,0,0
U_LVL1_1_Uninteresting_Non-Random-Synthetic__2_2_40_,1,3,0.003722667694091797,0,9,9,0,0
U_LVL1_1_Uninteresting_Non-Random-Synthetic__2_2_40_,1,5,0.0034029483795166016,0,9,9,0,0
auto6_3,class1,2,0.22166228294372559,0,11864,2467,5586,480
auto6_3,class1,3,1.7334983348846436,0,96356,2947,61815,624
auto6_3,class1,5,2.6654512882232666,0,149901,2994,93045,634
grammatical_b1,1,2,4.996332406997681,0,247493,4737,173545,738
grammatical_b1,1,3,38.20656156539917,0,1950306,42038,1521012,1039
grammatical_b1,1,5,-1.0,1,-1,-1,-1,-1
EqualDist_Random-Synthetic__2_10_7463_,1,2,0.04739713668823242,0,1163,1163,567,262
EqualDist_Random-Synthetic__2_10_7463_,1,3,0.3646676540374756,0,15637,11107,8065,552
EqualDist_Random-Synthetic__2_10_7463_,1,5,2.6098098754882812,0,120548,16690,70676,666
volcanoes-a1,4,2,0.006484508514404297,0,61,42,22,22
volcanoes-a1,4,3,0.008141040802001953,0,121,61,41,41
volcanoes-a1,4,5,0.007869720458984375,0,121,61,41,41
vert3,NO,2,0.009858369827270508,0,265,191,128,115
vert3,NO,3,0.025147438049316406,0,1137,293,516,177
vert3,NO,5,0.03316688537597656,0,1589,299,724,186
CongressionalVotingRecords_UCI_,republican,2,0.026504039764404297,0,1111,349,490,211
CongressionalVotingRecords_UCI_,republican,3,0.06364679336547852,0,3079,559,1936,348
CongressionalVotingRecords_UCI_,republican,5,0.18344616889953613,0,9394,1127,7583,653
pitt2_2,WOOD,2,0.007215738296508789,0,161,52,58,27
pitt2_2,WOOD,3,0.009837627410888672,0,340,77,123,40
pitt2_2,WOOD,5,0.01148080825805664,0,401,79,145,41
statlog_vehicle,opel,2,0.055732011795043945,0,2521,887,1044,302
statlog_vehicle,opel,3,0.22250890731811523,0,11817,1439,5978,492
statlog_vehicle,opel,5,0.7695684432983398,0,41349,3731,24810,798
pitt2_1,DECK,2,0.00742650032043457,0,192,72,76,39
pitt2_1,DECK,3,0.011654138565063477,0,421,118,169,58
pitt2_1,DECK,5,0.01282644271850586,0,492,125,196,60
grammatical_a8,1,2,3.3675339221954346,0,162800,2081,126582,741
grammatical_a8,1,3,17.889995574951172,0,913579,10574,744282,1125
grammatical_a8,1,5,398.3273251056671,0,20290781,189788,16718397,1338
grammatical_a6,1,2,2.0405216217041016,0,96141,2587,70677,716
grammatical_a6,1,3,22.656128883361816,0,1137101,48553,878860,1525
grammatical_a6,1,5,-1.0,1,-1,-1,-1,-1
auto6_2,class5,2,0.2447514533996582,0,11864,1282,5726,233
auto6_2,class5,3,1.1793866157531738,0,60056,3184,34194,429
auto6_2,class5,5,2.781707525253296,0,148694,2849,84104,499
auto1,class1,2,0.02609419822692871,0,801,798,405,231
auto1,class1,3,0.21541643142700195,0,9789,7480,4968,428
auto1,class1,5,1.8967080116271973,0,91373,21119,48980,841
ED_LVL_2_3_EqualDist_Random-Synthetic__2_10_1000000_,1,2,4.114681005477905,0,4601,4601,2297,361
ED_LVL_2_3_EqualDist_Random-Synthetic__2_10_1000000_,1,3,43.10262417793274,0,124601,65070,61808,475
ED_LVL_2_3_EqualDist_Random-Synthetic__2_10_1000000_,1,5,421.58395195007324,0,1181851,65070,602366,475
heart_cleverland,3,2,0.021145343780517578,0,802,479,379,218
heart_cleverland,3,3,0.07685375213623047,0,3854,849,2047,385
heart_cleverland,3,5,0.16834640502929688,0,9110,1027,5232,509
analcatdata_boxing1,1,2,0.007041454315185547,0,189,32,64,14
analcatdata_boxing1,1,3,0.009112834930419922,0,309,32,106,14
analcatdata_boxing1,1,5,0.009120464324951172,0,309,32,106,14
qsar,RB,2,0.15436553955078125,0,7343,1213,2758,371
qsar,RB,3,0.547177791595459,0,27250,4517,14372,506
qsar,RB,5,6.220191240310669,0,301958,57771,195474,1134
internet,ad.,2,52.94335222244263,0,2517727,1210103,1154131,900
internet,ad.,3,-1.0,1,-1,-1,-1,-1
internet,ad.,5,-1.0,1,-1,-1,-1,-1
robot4,normal,2,0.011875629425048828,0,261,185,105,104
robot4,normal,3,0.02339911460876465,0,757,249,390,204
robot4,normal,5,0.03311467170715332,0,1309,315,742,295
mw1,2,2,0.14400243759155273,0,7427,987,2669,366
mw1,2,3,0.5905754566192627,0,33911,4879,13927,724
mw1,2,5,8.277074098587036,0,514469,75755,222591,1709
polish_bankruptcy_5year,1,2,0.7589514255523682,0,32140,1436,10137,424
polish_bankruptcy_5year,1,3,2.7136940956115723,0,127973,7675,66906,706
polish_bankruptcy_5year,1,5,31.566081285476685,0,1539641,57726,1139950,1375
grammatical_b8,1,2,3.4705116748809814,0,170859,1149,134315,531
grammatical_b8,1,3,9.265422582626343,0,463023,5223,384070,660
grammatical_b8,1,5,457.7001178264618,0,24280488,822856,18283397,744
ND_LVL_3_4_NormalDist_Random-Synthetic__2_20_10000000_,0,2,284.2414302825928,0,53601,21561,25838,431
ND_LVL_3_4_NormalDist_Random-Synthetic__2_20_10000000_,0,3,-1.0,1,-1,-1,-1,-1
ND_LVL_3_4_NormalDist_Random-Synthetic__2_20_10000000_,0,5,-1.0,1,-1,-1,-1,-1
heart_va,3,2,0.005672931671142578,0,63,40,28,22
heart_va,3,3,0.0063588619232177734,0,115,69,48,34
heart_va,3,5,0.006811857223510742,0,133,78,55,37
volcanoes-b5,4,2,0.009389638900756836,0,61,57,20,20
volcanoes-b5,4,3,0.011300802230834961,0,125,90,37,37
volcanoes-b5,4,5,0.011718511581420898,0,125,90,37,37
wilt,w,2,0.012125253677368164,0,181,159,78,78
wilt,w,3,0.02347707748413086,0,629,356,304,202
wilt,w,5,0.032840728759765625,0,1049,398,586,257
ND_LVL_1_2_NormalDist_Random-Synthetic__2_5_100000_,0,2,0.10214972496032715,0,276,276,144,134
ND_LVL_1_2_NormalDist_Random-Synthetic__2_5_100000_,0,3,0.17279934883117676,0,1526,1311,775,253
ND_LVL_1_2_NormalDist_Random-Synthetic__2_5_100000_,0,5,0.36348509788513184,0,5426,2841,2822,355
ED_LVL_1_1_EqualDist_Random-Synthetic__2_5_10000_,0,2,0.019533157348632812,0,276,276,136,132
ED_LVL_1_1_EqualDist_Random-Synthetic__2_5_10000_,0,3,0.05128073692321777,0,1526,1526,782,293
ED_LVL_1_1_EqualDist_Random-Synthetic__2_5_10000_,0,5,0.15688633918762207,0,5911,2471,3305,417
mfeat-karhunen,8,2,0.7338602542877197,0,31317,633,13132,348
mfeat-karhunen,8,3,1.3414485454559326,0,60741,632,41426,395
mfeat-karhunen,8,5,1.7077069282531738,0,77765,632,58271,403
I_LVL1_1_Interesting_Non-Random-Synthetic__2_2_40_,1,2,0.0035381317138671875,0,7,6,4,4
I_LVL1_1_Interesting_Non-Random-Synthetic__2_2_40_,1,3,0.0037860870361328125,0,7,6,4,4
I_LVL1_1_Interesting_Non-Random-Synthetic__2_2_40_,1,5,0.003626108169555664,0,7,6,4,4
Iris_UCI_,Iris-virginica,2,0.005908489227294922,0,105,35,42,27
Iris_UCI_,Iris-virginica,3,0.007118701934814453,0,177,41,69,32
Iris_UCI_,Iris-virginica,5,0.007332324981689453,0,185,41,73,32
I_LVL1_4_Interesting_Non-Random-Synthetic__2_2_40000_,1,2,0.01362466812133789,0,7,6,4,4
I_LVL1_4_Interesting_Non-Random-Synthetic__2_2_40000_,1,3,0.013414382934570312,0,7,6,4,4
I_LVL1_4_Interesting_Non-Random-Synthetic__2_2_40000_,1,5,0.014278650283813477,0,7,6,4,4
thyroid_ann,2,2,0.05900311470031738,0,1219,674,471,235
thyroid_ann,2,3,0.2760961055755615,0,7713,2275,3281,598
thyroid_ann,2,5,3.0034685134887695,0,87107,11266,46677,1185
seeds,2,2,0.00941324234008789,0,257,121,112,70
seeds,2,3,0.018854856491088867,0,769,203,366,144
seeds,2,5,0.025182247161865234,0,1165,230,564,185
hv_no_noise,0,2,1.4189107418060303,0,79601,20201,26667,365
hv_no_noise,0,3,44.4250054359436,0,2666801,667001,704898,431
hv_no_noise,0,5,-1.0,1,-1,-1,-1,-1
statlog_australian,1,2,0.03431820869445801,0,1328,583,587,252
statlog_australian,1,3,0.09708452224731445,0,4597,1001,2417,456
statlog_australian,1,5,0.2513308525085449,0,12213,1783,7153,761
hiv_schilling,1,2,0.20260953903198242,0,10321,572,3159,310
hiv_schilling,1,3,0.6301140785217285,0,33681,577,9671,313
hiv_schilling,1,5,0.6185629367828369,0,33801,577,9699,313
heart-long-beach,4,2,0.01956462860107422,0,728,438,315,188
heart-long-beach,4,3,0.09300994873046875,0,4798,1427,2048,344
heart-long-beach,4,5,0.2981688976287842,0,16178,3507,6962,529
datatrieve,2,2,0.012164115905761719,0,399,137,137,86
datatrieve,2,3,0.02518296241760254,0,1115,268,363,168
datatrieve,2,5,0.034538984298706055,0,1731,348,606,238
jEdit_4.0_4.2,2,2,0.012422800064086914,0,368,264,181,139
jEdit_4.0_4.2,2,3,0.03815913200378418,0,1678,514,829,255
jEdit_4.0_4.2,2,5,0.080718994140625,0,4097,771,1882,399
ND_LVL_1_4_NormalDist_Random-Synthetic__2_5_10000000_,0,2,9.08850908279419,0,276,276,143,134
ND_LVL_1_4_NormalDist_Random-Synthetic__2_5_10000000_,0,3,15.70978307723999,0,1526,1209,787,286
ND_LVL_1_4_NormalDist_Random-Synthetic__2_5_10000000_,0,5,30.06909203529358,0,5036,2600,2572,372
pitt1_2,WOOD,2,0.00738525390625,0,170,45,63,27
pitt1_2,WOOD,3,0.010031461715698242,0,324,60,121,35
pitt1_2,WOOD,5,0.010693550109863281,0,368,61,137,35
backache,2,2,0.0690157413482666,0,3293,1423,1531,358
backache,2,3,0.34098315238952637,0,18046,6386,9107,644
backache,2,5,3.7118217945098877,0,202020,71072,83088,1210
ND_LVL_3_1_NormalDist_Random-Synthetic__2_20_10000_,0,2,1.0096774101257324,0,44044,11129,18177,410
ND_LVL_3_1_NormalDist_Random-Synthetic__2_20_10000_,0,3,22.42337942123413,0,1134230,32289,444579,461
ND_LVL_3_1_NormalDist_Random-Synthetic__2_20_10000_,0,5,57.081385135650635,0,2958304,32298,1125697,461
ED_LVL_1_3_EqualDist_Random-Synthetic__2_5_1000000_,1,2,0.9312732219696045,0,276,276,134,129
ED_LVL_1_3_EqualDist_Random-Synthetic__2_5_1000000_,1,3,1.5057823657989502,0,1526,1526,766,293
ED_LVL_1_3_EqualDist_Random-Synthetic__2_5_1000000_,1,5,3.3515350818634033,0,7776,4651,3909,385
thyroid_hypothyroid,hypothyroid,2,0.021867990493774414,0,507,303,189,167
thyroid_hypothyroid,hypothyroid,3,0.07011651992797852,0,2449,1155,1058,307
thyroid_hypothyroid,hypothyroid,5,0.521195650100708,0,19503,9506,11332,493
grammatical_a3,1,2,2.4688520431518555,0,122844,1801,82780,604
grammatical_a3,1,3,14.08420729637146,0,735627,13110,499908,776
grammatical_a3,1,5,546.9151494503021,0,28199086,489349,18824212,1017
crx,positive,2,0.03630328178405762,0,1483,645,633,261
crx,positive,3,0.11788702011108398,0,5518,1208,2721,482
crx,positive,5,0.2684345245361328,0,13129,1620,7779,736
GermanCredit_UCI_,2,2,0.06402587890625,0,2664,1055,1353,258
GermanCredit_UCI_,2,3,0.24764728546142578,0,11329,2618,6908,392
GermanCredit_UCI_,2,5,0.4566066265106201,0,21584,4884,14259,681
pc1,2,2,0.06245827674865723,0,2749,680,806,329
pc1,2,3,0.18868374824523926,0,9270,1802,3236,459
pc1,2,5,1.5318822860717773,0,84733,20282,28476,1349
mfeat-pixel,8,2,4.902970790863037,0,221665,5143,125100,901
mfeat-pixel,8,3,29.454748392105103,0,1362920,33099,973908,1448
mfeat-pixel,8,5,636.2977113723755,0,29740385,352388,24125069,2843
hv_noise,0,2,1.4549965858459473,0,79601,20201,26173,422
hv_noise,0,3,45.03236937522888,0,2666801,667001,802211,750
hv_noise,0,5,-1.0,1,-1,-1,-1,-1
image,WINDOW,2,0.05791020393371582,0,2134,532,835,281
image,WINDOW,3,0.16753697395324707,0,7695,969,3945,529
image,WINDOW,5,0.6197314262390137,0,30680,2352,18324,867
ED_LVL_1_4_EqualDist_Random-Synthetic__2_5_10000000_,0,2,9.200612545013428,0,276,276,132,127
ED_LVL_1_4_EqualDist_Random-Synthetic__2_5_10000000_,0,3,15.852772951126099,0,1526,1526,747,304
ED_LVL_1_4_EqualDist_Random-Synthetic__2_5_10000000_,0,5,41.23102045059204,0,7776,4651,3885,432
polish_bankruptcy_4year,1,2,0.8800387382507324,0,32361,1779,12510,454
polish_bankruptcy_4year,1,3,3.5136220455169678,0,148437,7972,90852,754
polish_bankruptcy_4year,1,5,47.05446648597717,0,2099165,84726,1503505,1576
lung,3,2,0.11025238037109375,0,5896,1001,2542,235
lung,3,3,0.5487134456634521,0,31766,3561,16316,363
lung,3,5,2.464592218399048,0,139420,12535,77433,490
credit,+,2,0.035533905029296875,0,1483,604,640,266
credit,+,3,0.10648775100708008,0,5151,1054,2636,455
credit,+,5,0.27048397064208984,0,13313,1634,8027,773
lymphography,fibrosis,2,0.021318674087524414,0,870,209,330,150
lymphography,fibrosis,3,0.06679987907409668,0,3537,380,1271,236
lymphography,fibrosis,5,0.14623379707336426,0,8426,450,2846,254
I_LVL0_Interesting_Non-Random-Synthetic__2_4_62500_,1,2,0.0546879768371582,0,156,152,109,103
I_LVL0_Interesting_Non-Random-Synthetic__2_4_62500_,1,3,0.07371735572814941,0,546,281,434,190
I_LVL0_Interesting_Non-Random-Synthetic__2_4_62500_,1,5,0.08697247505187988,0,796,406,684,253
ring,0,2,0.11588931083679199,0,3121,1025,1556,365
ring,0,3,0.7493886947631836,0,30221,2212,20491,639
ring,0,5,1.973423957824707,0,86945,3964,55064,867
mc1,2,2,0.20168733596801758,0,4325,868,1248,331
mc1,2,3,0.9058873653411865,0,27477,7875,10587,826
mc1,2,5,24.151743173599243,0,832684,234756,304335,2598
thyroid_allhyper,goitre.,2,0.049131155014038086,0,1469,606,550,271
thyroid_allhyper,goitre.,3,0.25813746452331543,0,10020,2836,4081,823
thyroid_allhyper,goitre.,5,4.917938709259033,0,219861,49498,93863,1637
mammographics,1,2,0.008191823959350586,0,183,118,94,66
mammographics,1,3,0.01722240447998047,0,642,252,299,133
mammographics,1,5,0.019919157028198242,0,761,227,408,157
dresses,1,2,0.10563969612121582,0,6894,728,1580,224
dresses,1,3,0.6789765357971191,0,47435,2106,8731,404
dresses,1,5,2.201796770095825,0,156737,3455,23334,473
U_LVL1_0_Uninteresting_Non-Random-Synthetic__2_2_4_,0,2,0.0034322738647460938,0,1,0,0,0
U_LVL1_0_Uninteresting_Non-Random-Synthetic__2_2_4_,0,3,0.0034584999084472656,0,1,0,0,0
U_LVL1_0_Uninteresting_Non-Random-Synthetic__2_2_4_,0,5,0.003422260284423828,0,1,0,0,0
thyroid_new_thyroid,2,2,0.006968021392822266,0,149,59,43,31
thyroid_new_thyroid,2,3,0.009726762771606445,0,321,72,104,44
thyroid_new_thyroid,2,5,0.010500669479370117,0,349,78,115,50
Balance_UCI_,R,2,0.008147716522216797,0,171,165,75,75
Balance_UCI_,R,3,0.016478538513183594,0,651,165,307,75
Balance_UCI_,R,5,0.016630887985229492,0,651,165,307,75
vert2,NO,2,0.010222673416137695,0,265,191,128,115
vert2,NO,3,0.025410890579223633,0,1137,293,516,177
vert2,NO,5,0.03306436538696289,0,1589,299,724,186
U_LVL3_1_Uninteresting_Non-Random-Synthetic__2_7_8235430_,0,2,15.004858493804932,0,1079,1079,0,0
U_LVL3_1_Uninteresting_Non-Random-Synthetic__2_7_8235430_,0,3,65.65212559700012,0,13084,13084,0,0
U_LVL3_1_Uninteresting_Non-Random-Synthetic__2_7_8235430_,0,5,335.3133146762848,0,97119,13084,0,0
rmftsa_sleepdata,3,2,0.004482746124267578,0,25,22,7,7
rmftsa_sleepdata,3,3,0.004393815994262695,0,25,22,7,7
rmftsa_sleepdata,3,5,0.004476785659790039,0,25,22,7,7
thoracic-surgery,1,2,0.023769617080688477,0,885,596,463,232
thoracic-surgery,1,3,0.12686800956726074,0,6513,2803,3179,398
thoracic-surgery,1,5,1.043285608291626,0,56608,17692,24300,724
kc3,2,2,0.12372589111328125,0,6601,1081,2650,347
kc3,2,3,0.6791212558746338,0,39548,5710,17321,616
kc3,2,5,11.847536087036133,0,708805,126193,314032,1307
tae,2,2,0.006058454513549805,0,111,70,49,33
tae,2,3,0.009401559829711914,0,281,124,119,58
tae,2,5,0.012038946151733398,0,411,138,177,65
leaf,32,2,0.03269553184509277,0,1457,321,547,235
leaf,32,3,0.0728297233581543,0,3883,398,1578,324
leaf,32,5,0.13418078422546387,0,7529,509,3428,405
australian,1,2,0.02379155158996582,0,821,590,387,242
australian,1,3,0.07938885688781738,0,3744,1111,2071,449
australian,1,5,0.23940539360046387,0,11894,1794,7678,781
dermatology,4,2,0.08693647384643555,0,4549,808,1380,417
dermatology,4,3,0.46973490715026855,0,27201,4225,10412,942
dermatology,4,5,5.480583190917969,0,322683,46271,154375,2338
Heart_Statlog__UCI_,2,2,0.020566701889038086,0,758,474,379,219
Heart_Statlog__UCI_,2,3,0.06579232215881348,0,3221,785,2044,411
Heart_Statlog__UCI_,2,5,0.13873052597045898,0,6986,899,5232,535
Census-Income_KDD__UCI_,50000+,2,7.302738428115845,0,46488,933,17229,485
Census-Income_KDD__UCI_,50000+,3,15.416582584381104,0,97641,3230,39750,812
Census-Income_KDD__UCI_,50000+,5,189.17084741592407,0,1217339,75336,361780,1719
japanese,+,2,0.03405165672302246,0,1483,604,640,266
japanese,+,3,0.10354161262512207,0,5151,1054,2636,455
japanese,+,5,0.26255178451538086,0,13313,1634,8027,773
heart_hungarian,1,2,0.005202531814575195,0,65,52,28,22
heart_hungarian,1,3,0.007109880447387695,0,145,90,62,39
heart_hungarian,1,5,0.007323503494262695,0,161,100,73,46
I_LVL2_2_Interesting_Non-Random-Synthetic__2_5_312500_,1,2,0.3049483299255371,0,256,252,182,131
I_LVL2_2_Interesting_Non-Random-Synthetic__2_5_312500_,1,3,0.44136810302734375,0,1311,596,990,275
I_LVL2_2_Interesting_Non-Random-Synthetic__2_5_312500_,1,5,0.61920166015625,0,3026,881,2704,384
forest,h ,2,0.10203909873962402,0,5217,388,2171,263
forest,h ,3,0.23381924629211426,0,12581,731,7616,360
forest,h ,5,1.3233215808868408,0,78581,6145,23532,422
robot5,bottom_collision,2,0.013352394104003906,0,317,278,140,131
robot5,bottom_collision,3,0.03298211097717285,0,1245,506,729,309
robot5,bottom_collision,5,0.07388854026794434,0,3353,787,1933,463
pen,6,2,0.07971954345703125,0,1518,483,446,229
pen,6,3,0.1518397331237793,0,4274,763,1771,480
pen,6,5,0.2912449836730957,0,10247,1045,5572,840
U_LVL3_0_Uninteresting_Non-Random-Synthetic__2_7_823543_,0,2,0.781177282333374,0,1,0,0,0
U_LVL3_0_Uninteresting_Non-Random-Synthetic__2_7_823543_,0,3,0.7701656818389893,0,1,0,0,0
U_LVL3_0_Uninteresting_Non-Random-Synthetic__2_7_823543_,0,5,0.7756121158599854,0,1,0,0,0
robot3,slightly_moved,2,0.011832475662231445,0,341,325,167,145
robot3,slightly_moved,3,0.03905463218688965,0,1797,522,925,194
robot3,slightly_moved,5,0.06364893913269043,0,3085,527,1661,221
DefaultofCreditCard,1,2,0.3861877918243408,0,6599,1933,3177,315
DefaultofCreditCard,1,3,2.29058575630188,0,56194,6110,26590,508
DefaultofCreditCard,1,5,12.62754201889038,0,340511,20303,158635,578
zoo,7,2,0.013172626495361328,0,433,197,224,129
zoo,7,3,0.035423994064331055,0,1553,450,980,275
zoo,7,5,0.07582378387451172,0,3739,757,2711,407
breast_tissue,gla,2,0.012598752975463867,0,473,93,159,53
breast_tissue,gla,3,0.02147388458251953,0,1025,160,338,106
breast_tissue,gla,5,0.024608612060546875,0,1197,190,468,144
flare, B,2,0.014371395111083984,0,444,171,90,84
flare, B,3,0.03261208534240723,0,1495,355,343,162
flare, B,5,0.08095288276672363,0,4585,948,685,302
banana,1,2,0.005680084228515625,0,25,25,13,13
banana,1,3,0.005863189697265625,0,25,25,13,13
banana,1,5,0.005810976028442383,0,25,25,13,13
polish_bankruptcy_2year,1,2,0.8092174530029297,0,31752,1639,13179,398
polish_bankruptcy_2year,1,3,2.750223398208618,0,120501,3922,77642,595
polish_bankruptcy_2year,1,5,13.598583698272705,0,629545,13996,448854,1147
polish_bankruptcy_3year,1,2,0.8620257377624512,0,31988,2137,13844,422
polish_bankruptcy_3year,1,3,3.6263599395751953,0,153444,6354,101997,637
polish_bankruptcy_3year,1,5,37.14035940170288,0,1642480,61275,1282504,1169
qualitative,B,2,0.007139444351196289,0,151,96,60,52
qualitative,B,3,0.013362884521484375,0,454,178,205,127
qualitative,B,5,0.01765894889831543,0,664,214,374,173
mfeat-morphological,8,2,0.009171247482299805,0,172,102,42,39
mfeat-morphological,8,3,0.01635599136352539,0,510,240,121,109
mfeat-morphological,8,5,0.01804828643798828,0,598,228,221,170
fourclass,1,2,0.004417896270751953,0,25,20,12,12
fourclass,1,3,0.004424333572387695,0,25,20,12,12
fourclass,1,5,0.004373311996459961,0,25,20,12,12
liver,1,2,0.009871244430541992,0,265,247,131,122
liver,1,3,0.03207278251647949,0,1481,401,717,164
liver,1,5,0.03979301452636719,0,1921,407,878,168
badges2,1,2,0.012674570083618164,0,404,278,189,138
badges2,1,3,0.04402470588684082,0,2171,718,971,267
badges2,1,5,0.08599090576171875,0,4558,1090,1811,452
kc1-binary,1,2,0.6062135696411133,0,33388,1758,18402,393
kc1-binary,1,3,3.0273962020874023,0,172024,7241,104694,463
kc1-binary,1,5,54.33807325363159,0,3125487,80677,1857266,573
tao,black,2,0.004469633102416992,0,25,23,12,12
tao,black,3,0.004644870758056641,0,25,23,12,12
tao,black,5,0.0045511722564697266,0,25,23,12,12
ND_LVL_2_4_NormalDist_Random-Synthetic__2_10_10000000_,0,2,41.90933609008789,0,4601,2801,2327,325
ND_LVL_2_4_NormalDist_Random-Synthetic__2_10_10000000_,0,3,322.68464708328247,0,76601,27761,38419,522
ND_LVL_2_4_NormalDist_Random-Synthetic__2_10_10000000_,0,5,-1.0,1,-1,-1,-1,-1
breast_cancer_wis_pro2,R,2,0.19307899475097656,0,10903,1514,4385,339
breast_cancer_wis_pro2,R,3,1.0390005111694336,0,62465,1607,29109,413
breast_cancer_wis_pro2,R,5,1.8623037338256836,0,114417,2383,52343,430
soybean_small,D3,2,0.021127700805664062,0,837,244,361,165
soybean_small,D3,3,0.05074286460876465,0,2411,571,1167,339
soybean_small,D3,5,0.09706306457519531,0,5195,1053,2662,475
U_LVL1_3_Uninteresting_Non-Random-Synthetic__2_2_4000_,0,2,0.004576206207275391,0,9,9,0,0
U_LVL1_3_Uninteresting_Non-Random-Synthetic__2_2_4000_,0,3,0.0047969818115234375,0,9,9,0,0
U_LVL1_3_Uninteresting_Non-Random-Synthetic__2_2_4000_,0,5,0.004673480987548828,0,9,9,0,0
semeion,8,2,2.6387619972229004,0,108317,20083,56052,762
semeion,8,3,35.30354619026184,0,1462401,186408,1145879,1447
semeion,8,5,1130.5670247077942,0,48813607,2321573,44618080,3064
ED_LVL_3_0_EqualDist_Random-Synthetic__2_20_1000_,0,2,1.3902273178100586,0,76401,416,41287,167
ED_LVL_3_0_EqualDist_Random-Synthetic__2_20_1000_,0,3,1.4231302738189697,0,78661,416,41896,167
ED_LVL_3_0_EqualDist_Random-Synthetic__2_20_1000_,0,5,1.4127247333526611,0,78661,416,41896,167
molecular_splice,IE,2,0.7773747444152832,0,34549,2904,13134,448
molecular_splice,IE,3,2.7935354709625244,0,137383,1854,81736,715
molecular_splice,IE,5,5.405047416687012,0,268021,1884,185771,874
audiology_std,cochlear_noise_and_heredity,2,0.0803382396697998,0,3966,1831,1894,234
audiology_std,cochlear_noise_and_heredity,3,1.3555572032928467,0,79944,36051,37573,391
audiology_std,cochlear_noise_and_heredity,5,234.20487546920776,0,13845630,5985197,6327901,874
automobile,-1,2,0.06209421157836914,0,3186,520,1195,283
automobile,-1,3,0.2138056755065918,0,12496,1162,5746,470
automobile,-1,5,0.8501789569854736,0,50795,2591,24657,774
volcanoes-d2,3,2,0.008932352066040039,0,61,56,17,17
volcanoes-d2,3,3,0.010850667953491211,0,125,87,36,36
volcanoes-d2,3,5,0.011085271835327148,0,125,87,36,36
grammatical_a2,1,2,1.9727387428283691,0,93710,2099,68000,765
grammatical_a2,1,3,20.040398359298706,0,1024935,29063,792839,1190
grammatical_a2,1,5,-1.0,1,-1,-1,-1,-1
U_LVL2_3_Uninteresting_Non-Random-Synthetic__2_5_3125000_,0,2,2.9062283039093018,0,276,276,0,0
U_LVL2_3_Uninteresting_Non-Random-Synthetic__2_5_3125000_,0,3,4.905232906341553,0,1526,1526,0,0
U_LVL2_3_Uninteresting_Non-Random-Synthetic__2_5_3125000_,0,5,12.348926544189453,0,7776,4651,0,0
analcatdata_authorship,4,2,0.6730971336364746,0,32781,1147,14275,514
analcatdata_authorship,4,3,1.6294071674346924,0,81437,1834,50059,879
analcatdata_authorship,4,5,4.07319450378418,0,207461,2762,158880,1386
I_LVL3_1_Interesting_Non-Random-Synthetic__2_7_8235430_,1,2,14.409330129623413,0,995,991,811,138
I_LVL3_1_Interesting_Non-Random-Synthetic__2_7_8235430_,1,3,58.1421217918396,0,11460,1026,9658,188
I_LVL3_1_Interesting_Non-Random-Synthetic__2_7_8235430_,1,5,60.35771727561951,0,11950,1026,10148,188
EqualDist_Random-Synthetic__2_7_8520_,0,2,0.028087139129638672,0,494,494,244,182
EqualDist_Random-Synthetic__2_7_8520_,0,3,0.10962629318237305,0,4000,3797,1973,383
EqualDist_Random-Synthetic__2_7_8520_,0,5,0.6977477073669434,0,30789,6969,17538,508
cmc,3,2,0.015992403030395508,0,427,364,195,158
cmc,3,3,0.059989213943481445,0,2581,1225,1203,311
cmc,3,5,0.1752769947052002,0,8105,2563,4394,548
Adult_UCI_,>50K,2,0.19355559349060059,0,3540,501,986,223
Adult_UCI_,>50K,3,0.4364597797393799,0,12051,844,3865,418
Adult_UCI_,>50K,5,0.8332822322845459,0,27464,1194,8595,681
I_LVL1_2_Interesting_Non-Random-Synthetic__2_2_400_,1,2,0.00371551513671875,0,7,6,4,4
I_LVL1_2_Interesting_Non-Random-Synthetic__2_2_400_,1,3,0.003816843032836914,0,7,6,4,4
I_LVL1_2_Interesting_Non-Random-Synthetic__2_2_400_,1,5,0.0036995410919189453,0,7,6,4,4
monks1,0,2,0.007341861724853516,0,135,120,80,80
monks1,0,3,0.015847444534301758,0,519,458,363,197
monks1,0,5,0.032776594161987305,0,1289,561,1002,235
ND_LVL_3_0_NormalDist_Random-Synthetic__2_20_1000_,0,2,0.5219132900238037,0,28514,3833,11594,355
ND_LVL_3_0_NormalDist_Random-Synthetic__2_20_1000_,0,3,5.80821418762207,0,362627,3894,130860,358
ND_LVL_3_0_NormalDist_Random-Synthetic__2_20_1000_,0,5,5.900160074234009,0,370070,3894,133264,358
grammatical_a1,1,2,2.153960943222046,0,106279,3741,78078,626
grammatical_a1,1,3,31.061158180236816,0,1629287,56501,1247631,912
grammatical_a1,1,5,-1.0,1,-1,-1,-1,-1
mfeat-zernike,8,2,0.3939087390899658,0,17485,1587,7357,413
mfeat-zernike,8,3,1.708878517150879,0,82449,2473,55605,530
mfeat-zernike,8,5,3.9469351768493652,0,194437,4086,141444,622
twonorm,1,2,0.11490440368652344,0,3121,543,1538,311
twonorm,1,3,0.4128096103668213,0,15933,603,13072,375
twonorm,1,5,0.45646095275878906,0,17925,603,15064,375
auto7_1,class3,2,0.022645950317382812,0,734,719,382,238
auto7_1,class3,3,0.16283345222473145,0,7603,3315,3896,479
auto7_1,class3,5,0.6682939529418945,0,33727,4233,20451,548
grammatical_b4,1,2,2.4229636192321777,0,116512,3853,87757,566
grammatical_b4,1,3,20.90433955192566,0,1063681,42882,857048,788
grammatical_b4,1,5,-1.0,1,-1,-1,-1,-1
wave2,2,2,0.34894728660583496,0,12641,1476,6245,419
wave2,2,3,2.1964967250823975,0,94769,2136,78110,682
wave2,2,5,4.540604591369629,0,205569,2384,187188,716
volcanoes-d1,3,2,0.00910043716430664,0,61,57,15,15
volcanoes-d1,3,3,0.011178970336914062,0,125,90,35,35
volcanoes-d1,3,5,0.01089334487915039,0,125,90,35,35
mfeat-fourier,8,2,0.9989397525787354,0,44441,1428,20436,396
mfeat-fourier,8,3,3.077670097351074,0,148681,1862,83001,518
mfeat-fourier,8,5,4.7033607959747314,0,231773,1965,155120,574
breast,recurrence-events,2,0.014971733093261719,0,510,271,246,132
breast,recurrence-events,3,0.0508265495300293,0,2164,771,1056,254
breast,recurrence-events,5,0.11516046524047852,0,5839,1480,2498,312
I_LVL2_3_Interesting_Non-Random-Synthetic__2_5_3125000_,1,2,2.8473117351531982,0,256,252,182,148
I_LVL2_3_Interesting_Non-Random-Synthetic__2_5_3125000_,1,3,4.520924091339111,0,1301,326,990,150
I_LVL2_3_Interesting_Non-Random-Synthetic__2_5_3125000_,1,5,5.099746465682983,0,1801,381,1490,209
U_LVL2_4_Uninteresting_Non-Random-Synthetic__2_5_31250000_,1,2,28.041364908218384,0,276,276,0,0
U_LVL2_4_Uninteresting_Non-Random-Synthetic__2_5_31250000_,1,3,50.93867611885071,0,1526,1526,0,0
U_LVL2_4_Uninteresting_Non-Random-Synthetic__2_5_31250000_,1,5,134.61768889427185,0,7776,4651,0,0
horse_colic_outcome,2,2,0.005633115768432617,0,1,0,0,0
horse_colic_outcome,2,3,0.005410432815551758,0,1,0,0,0
horse_colic_outcome,2,5,0.005514383316040039,0,1,0,0,0
ND_LVL_2_0_NormalDist_Random-Synthetic__2_10_1000_,1,2,0.07034945487976074,0,3644,1277,1675,274
ND_LVL_2_0_NormalDist_Random-Synthetic__2_10_1000_,1,3,0.5637495517730713,0,33565,2490,12976,371
ND_LVL_2_0_NormalDist_Random-Synthetic__2_10_1000_,1,5,0.9521467685699463,0,59288,2505,22141,371
wall4,Slight-Right-Turn,2,0.007889270782470703,0,77,60,33,33
wall4,Slight-Right-Turn,3,0.010675668716430664,0,165,121,78,75
wall4,Slight-Right-Turn,5,0.011434316635131836,0,209,139,100,90
hayes,2,2,0.005590915679931641,0,88,49,35,29
hayes,2,3,0.007627725601196289,0,192,65,81,44
hayes,2,5,0.007976293563842773,0,208,65,87,44
analcatdata_germangss,4,2,0.006922483444213867,0,144,135,27,25
analcatdata_germangss,4,3,0.01491403579711914,0,560,270,142,71
analcatdata_germangss,4,5,0.01812434196472168,0,720,287,204,77
thyroid_allhypo,primary hypothyroid.,2,0.05230903625488281,0,1560,698,556,297
thyroid_allhypo,primary hypothyroid.,3,0.27445268630981445,0,10709,3187,4552,789
thyroid_allhypo,primary hypothyroid.,5,5.171658039093018,0,212169,47915,97689,2641
user,High,2,0.00782632827758789,0,181,148,73,71
user,High,3,0.01916360855102539,0,805,150,338,71
user,High,5,0.018659114837646484,0,805,150,338,71
thyroid_dis,discordant.,2,0.050177574157714844,0,1530,817,578,293
thyroid_dis,discordant.,3,0.31214404106140137,0,12296,4263,5145,740
thyroid_dis,discordant.,5,6.247593641281128,0,255828,58423,112110,1981
synthetic_control,4,2,0.4100310802459717,0,20057,1508,7894,890
synthetic_control,4,3,1.385775089263916,0,77441,3475,35341,1626
synthetic_control,4,5,2.2057623863220215,0,124721,5147,57637,2101
titanic,1,2,0.005218982696533203,0,29,27,17,16
titanic,1,3,0.005793333053588867,0,41,39,25,24
titanic,1,5,0.005528926849365234,0,41,39,25,24
secom,1,2,0.41161680221557617,0,19019,8871,8999,506
secom,1,3,8.270063400268555,0,416580,34196,247308,875
secom,1,5,60.928083419799805,0,3072394,96782,2027620,1339
wine,1,2,0.02606987953186035,0,1121,330,540,222
wine,1,3,0.05519604682922363,0,2701,238,1576,214
wine,1,5,0.06812334060668945,0,3565,253,2115,232
thyroid_allrep,overreplacement.,2,0.04864239692687988,0,1359,576,575,273
thyroid_allrep,overreplacement.,3,0.24856877326965332,0,9776,2909,4682,682
thyroid_allrep,overreplacement.,5,5.804904937744141,0,257235,60520,129851,2414
post,S,2,0.008368492126464844,0,228,113,99,51
post,S,3,0.019424915313720703,0,846,274,329,125
post,S,5,0.038283348083496094,0,1897,452,716,181
human,1,2,13.84783124923706,0,484554,3334,299736,561
human,1,3,47.42879366874695,0,1779784,8988,1112998,669
human,1,5,323.4949016571045,0,12192824,44357,7609509,790
connectionist_sonar,R,2,0.5470750331878662,0,28561,1242,13968,430
connectionist_sonar,R,3,2.0522732734680176,0,114045,1260,84046,524
connectionist_sonar,R,5,2.9041671752929688,0,161149,1286,125191,545
hiv_746,-1,2,0.16400623321533203,0,9841,354,4395,115
hiv_746,-1,3,0.28802943229675293,0,18841,555,5353,116
hiv_746,-1,5,0.4199533462524414,0,26861,888,5568,117
madelon,1,2,45.020763635635376,0,1988347,1258519,959934,784
madelon,1,3,-1.0,1,-1,-1,-1,-1
madelon,1,5,-1.0,1,-1,-1,-1,-1
NormalDist_Random-Synthetic__2_14_7418_,0,2,0.0792086124420166,0,1770,1548,892,269
NormalDist_Random-Synthetic__2_14_7418_,0,3,0.6511437892913818,0,25212,13290,13163,441
NormalDist_Random-Synthetic__2_14_7418_,0,5,10.92698049545288,0,482691,80053,260214,790
led,2,2,0.00679326057434082,0,99,91,40,40
led,2,3,0.013621330261230469,0,345,269,146,132
led,2,5,0.02289724349975586,0,761,391,395,208
ND_LVL_1_0_NormalDist_Random-Synthetic__2_5_1000_,1,2,0.015232563018798828,0,276,234,131,110
ND_LVL_1_0_NormalDist_Random-Synthetic__2_5_1000_,1,3,0.0396265983581543,0,1296,533,643,191
ND_LVL_1_0_NormalDist_Random-Synthetic__2_5_1000_,1,5,0.0552976131439209,0,2156,630,1089,211
auto4,class1,2,1.989255428314209,0,74847,44557,37080,607
auto4,class1,3,99.84530687332153,0,4700770,191942,2575971,747
auto4,class1,5,617.8665807247162,0,28401894,336500,16969495,840
Tic-Tac-ToeEndgame_UCI_,negative,2,0.01475214958190918,0,352,352,151,142
Tic-Tac-ToeEndgame_UCI_,negative,3,0.06437253952026367,0,2245,1079,1071,308
Tic-Tac-ToeEndgame_UCI_,negative,5,0.1770164966583252,0,7111,1570,4245,482
Covertype,7,2,5.372529983520508,0,6841,3066,2425,331
Covertype,7,3,17.51429319381714,0,45163,17408,18988,736
Covertype,7,5,1146.1619658470154,0,3688633,1548920,1601160,2789
pc4,2,2,0.1854841709136963,0,7282,1213,3117,371
pc4,2,3,0.8118462562561035,0,38361,4038,21091,562
pc4,2,5,6.806583881378174,0,332947,29644,186214,886
ED_LVL_3_4_EqualDist_Random-Synthetic__2_20_10000000_,0,2,419.0858211517334,0,76401,76401,38113,204
ED_LVL_3_4_EqualDist_Random-Synthetic__2_20_10000000_,0,3,-1.0,1,-1,-1,-1,-1
ED_LVL_3_4_EqualDist_Random-Synthetic__2_20_10000000_,0,5,-1.0,1,-1,-1,-1,-1
firm,1,2,0.054033756256103516,0,719,621,353,233
firm,1,3,0.31078410148620605,0,7809,3197,3786,540
firm,1,5,0.4378821849822998,0,13907,4842,7476,1160
ND_LVL_2_2_NormalDist_Random-Synthetic__2_10_100000_,0,2,0.47116971015930176,0,4601,2627,2402,330
ND_LVL_2_2_NormalDist_Random-Synthetic__2_10_100000_,0,3,3.4176974296569824,0,69401,22868,35274,449
ND_LVL_2_2_NormalDist_Random-Synthetic__2_10_100000_,0,5,39.52040243148804,0,949231,63620,462620,550
ND_LVL_3_2_NormalDist_Random-Synthetic__2_20_100000_,1,2,3.0794687271118164,0,49130,16991,22035,416
ND_LVL_3_2_NormalDist_Random-Synthetic__2_20_100000_,1,3,80.41727328300476,0,1899692,224524,789780,468
ND_LVL_3_2_NormalDist_Random-Synthetic__2_20_100000_,1,5,783.2970910072327,0,19091485,226703,7464842,468
Stroke_Kaggle_,1,2,0.0238955020904541,0,445,343,218,159
Stroke_Kaggle_,1,3,0.06548500061035156,0,2102,862,1255,322
Stroke_Kaggle_,1,5,0.2109816074371338,0,8240,1323,5740,432
spambase,1,2,0.20353293418884277,0,6546,2780,3675,731
spambase,1,3,1.5002655982971191,0,50416,23101,19856,658
spambase,1,5,195.78816151618958,0,6469262,2319233,2789387,879
echocardio,1,2,0.013594627380371094,0,486,69,244,33
echocardio,1,3,0.02091693878173828,0,923,75,460,34
echocardio,1,5,0.021397113800048828,0,958,75,484,34
phoneme,1,2,0.012926101684570312,0,181,175,84,84
phoneme,1,3,0.02509593963623047,0,677,416,331,220
phoneme,1,5,0.040557861328125,0,1373,561,704,315
texture,14,2,0.32556986808776855,0,12389,1131,4638,452
texture,14,3,1.1122925281524658,0,46449,2200,25782,761
texture,14,5,3.087350845336914,0,138545,4311,81663,1076
statlog_is,7,2,0.05439949035644531,0,2003,490,650,317
statlog_is,7,3,0.1288313865661621,0,5742,780,2259,598
statlog_is,7,5,0.23005223274230957,0,10959,1083,5015,995
banknote,1,2,0.006802082061767578,0,101,86,56,53
banknote,1,3,0.010483741760253906,0,261,165,140,117
banknote,1,5,0.012360095977783203,0,325,186,175,132
NormalDist_Random-Synthetic__2_6_5132_,1,2,0.011779546737670898,0,132,132,71,71
NormalDist_Random-Synthetic__2_6_5132_,1,3,0.022371292114257812,0,524,522,278,191
NormalDist_Random-Synthetic__2_6_5132_,1,5,0.05645489692687988,0,1980,1569,1074,318
ilpd,2,2,0.018970966339111328,0,687,462,348,219
ilpd,2,3,0.08987069129943848,0,4335,1206,2542,379
ilpd,2,5,0.24936699867248535,0,12903,1471,8506,416
EqualDist_Random-Synthetic__2_7_7307_,0,2,0.0206453800201416,0,325,325,168,151
EqualDist_Random-Synthetic__2_7_7307_,0,3,0.0632932186126709,0,2050,2044,1055,388
EqualDist_Random-Synthetic__2_7_7307_,0,5,0.35110998153686523,0,14941,7231,8019,617
ND_LVL_1_3_NormalDist_Random-Synthetic__2_5_1000000_,1,2,0.9018361568450928,0,276,276,132,124
ND_LVL_1_3_NormalDist_Random-Synthetic__2_5_1000000_,1,3,1.429478406906128,0,1526,1274,743,271
ND_LVL_1_3_NormalDist_Random-Synthetic__2_5_1000000_,1,5,2.560994863510132,0,5261,2745,2581,383
satimage,5,2,0.27231526374816895,0,9993,938,3233,422
satimage,5,3,1.0843992233276367,0,48317,4686,23287,1194
satimage,5,5,8.434107303619385,0,405393,25108,227920,2350
turkiye,11,2,0.2945067882537842,0,11479,2686,4926,459
turkiye,11,3,1.984360933303833,0,88269,14397,41535,547
turkiye,11,5,54.71699142456055,0,2621814,505892,1061747,1326
I_LVL3_0_Interesting_Non-Random-Synthetic__2_7_823543_,1,2,1.3543519973754883,0,911,168,377,139
I_LVL3_0_Interesting_Non-Random-Synthetic__2_7_823543_,1,3,1.9614007472991943,0,2976,203,2431,193
I_LVL3_0_Interesting_Non-Random-Synthetic__2_7_823543_,1,5,2.0926294326782227,0,3466,203,2921,193
auto2, class2,2,11.800710678100586,0,303676,303270,151921,713
auto2, class2,3,-1.0,1,-1,-1,-1,-1
auto2, class2,5,-1.0,1,-1,-1,-1,-1
oil_spill,2,2,0.3368697166442871,0,17439,982,7016,350
oil_spill,2,3,0.735152006149292,0,37365,1202,21606,455
oil_spill,2,5,1.2239809036254883,0,63164,2068,40934,600
DryBeans,HOROZ,2,0.08562397956848145,0,1821,481,507,261
DryBeans,HOROZ,3,0.1735241413116455,0,5353,1025,1868,550
DryBeans,HOROZ,5,0.5186595916748047,0,21293,3233,7950,1444
spectf_heart,0,2,0.27646398544311523,0,15213,2189,7395,484
spectf_heart,0,3,2.150627851486206,0,121705,2552,79548,547
spectf_heart,0,5,2.680671453475952,0,153277,2624,101026,555
I_LVL2_4_Interesting_Non-Random-Synthetic__2_5_31250000_,1,2,27.981244802474976,0,256,252,182,131
I_LVL2_4_Interesting_Non-Random-Synthetic__2_5_31250000_,1,3,46.81224012374878,0,1311,401,990,159
I_LVL2_4_Interesting_Non-Random-Synthetic__2_5_31250000_,1,5,54.261372089385986,0,1916,474,1497,253
planning,2,2,0.02646327018737793,0,1105,720,494,215
planning,2,3,0.17234492301940918,0,9869,907,4324,244
planning,2,5,0.22205162048339844,0,12669,942,5611,248
I_LVL1_3_Interesting_Non-Random-Synthetic__2_2_4000_,1,2,0.00455164909362793,0,7,6,4,4
I_LVL1_3_Interesting_Non-Random-Synthetic__2_2_4000_,1,3,0.004654645919799805,0,7,6,4,4
I_LVL1_3_Interesting_Non-Random-Synthetic__2_2_4000_,1,5,0.004785060882568359,0,7,6,4,4
trains,west,2,0.007508993148803711,0,81,1,32,0
trains,west,3,0.00759124755859375,0,81,1,32,0
trains,west,5,0.007592439651489258,0,81,1,32,0
ED_LVL_3_1_EqualDist_Random-Synthetic__2_20_10000_,0,2,1.7404539585113525,0,76401,6261,40530,191
ED_LVL_3_1_EqualDist_Random-Synthetic__2_20_10000_,0,3,17.386333465576172,0,878781,6261,496639,191
ED_LVL_3_1_EqualDist_Random-Synthetic__2_20_10000_,0,5,17.44622015953064,0,878781,6261,496639,191
appendicitis,1,2,0.010424137115478516,0,345,81,105,34
appendicitis,1,3,0.01643824577331543,0,669,119,207,64
appendicitis,1,5,0.01856517791748047,0,809,140,259,84
mc2,2,2,0.1717851161956787,0,9678,1105,3916,353
mc2,2,3,0.5802135467529297,0,34780,3257,15661,609
mc2,2,5,4.813592433929443,0,294910,31094,149883,938
breast_cancer_wis_ori,M,2,0.13968896865844727,0,7053,389,2887,327
breast_cancer_wis_ori,M,3,0.24939393997192383,0,12961,438,7674,403
breast_cancer_wis_ori,M,5,0.40102601051330566,0,20977,619,14191,576
urban,shadow ,2,2.7210540771484375,0,138389,1143,64385,539
urban,shadow ,3,4.918537616729736,0,251833,4433,162301,924
urban,shadow ,5,75.078604221344,0,3827033,99505,3404669,1385
parkinsons,0,2,0.07112908363342285,0,3737,553,1462,294
parkinsons,0,3,0.20501995086669922,0,11757,732,5143,379
parkinsons,0,5,0.4328145980834961,0,26053,1236,10700,518
haberman,2,2,0.004791975021362305,0,52,50,29,28
haberman,2,3,0.005880832672119141,0,100,57,53,29
haberman,2,5,0.005808353424072266,0,100,57,53,29
pitt1_3,LONG,2,0.00836944580078125,0,239,68,102,37
pitt1_3,LONG,3,0.011716127395629883,0,412,95,182,50
pitt1_3,LONG,5,0.012234687805175781,0,446,97,193,51
NormalDist_Random-Synthetic__2_8_5616_,0,2,0.028344392776489258,0,666,634,315,206
NormalDist_Random-Synthetic__2_8_5616_,0,3,0.13474607467651367,0,5454,3265,2732,415
NormalDist_Random-Synthetic__2_8_5616_,0,5,0.7480597496032715,0,34128,8500,18568,652
musk,2,2,4.9202680587768555,0,187564,3098,87299,602
musk,2,3,14.008753538131714,0,571088,8399,371949,863
musk,2,5,103.28491115570068,0,4541930,71997,3098785,1143
car,good,2,0.00868844985961914,0,139,105,101,101
car,good,3,0.020718097686767578,0,505,296,359,202
car,good,5,0.02907562255859375,0,1057,401,693,275
libras,4,2,0.6974563598632812,0,37397,920,17012,507
libras,4,3,2.126970052719116,0,116073,2814,73365,1084
libras,4,5,38.83868408203125,0,2137529,43159,1611761,1886
monks2,1,2,0.007400989532470703,0,137,137,91,91
monks2,1,3,0.017020463943481445,0,574,541,321,216
monks2,1,5,0.039444684982299805,0,1633,783,968,289
onehund_tex,Acer Capillipes,2,0.25989794731140137,0,11771,991,4890,352
onehund_tex,Acer Capillipes,3,0.8182716369628906,0,39251,3641,22307,508
onehund_tex,Acer Capillipes,5,4.918271064758301,0,239748,22791,161423,967
grammatical_b3,0,2,2.8571114540100098,0,148540,2267,94733,556
grammatical_b3,0,3,19.835842847824097,0,1072898,26508,725756,810
grammatical_b3,0,5,-1.0,1,-1,-1,-1,-1
volcanoes-a4,5,2,0.005570411682128906,0,61,47,18,18
volcanoes-a4,5,3,0.007226705551147461,0,117,66,37,37
volcanoes-a4,5,5,0.0068798065185546875,0,117,66,37,37
chronic_kidney_disease,ckd,2,0.050173044204711914,0,2395,461,1118,269
chronic_kidney_disease,ckd,3,0.1285417079925537,0,6786,854,3812,524
chronic_kidney_disease,ckd,5,0.432650089263916,0,24534,3139,12390,853
PopularKids,2,2,0.018050432205200195,0,671,456,294,175
PopularKids,2,3,0.07541084289550781,0,3822,1257,1656,321
PopularKids,2,5,0.28545236587524414,0,16293,2683,6619,492
ED_LVL_2_2_EqualDist_Random-Synthetic__2_10_100000_,1,2,0.48979806900024414,0,4601,4601,2350,341
ED_LVL_2_2_EqualDist_Random-Synthetic__2_10_100000_,1,3,5.608927249908447,0,124601,34094,64694,437
ED_LVL_2_2_EqualDist_Random-Synthetic__2_10_100000_,1,5,31.35508966445923,0,759541,34094,440886,437
yeast,ME1,2,0.010535717010498047,0,198,133,78,78
yeast,ME1,3,0.01858210563659668,0,552,249,319,202
yeast,ME1,5,0.03382229804992676,0,1235,341,870,288
auto8,class9,2,112.3137092590332,0,5914971,128045,2921526,933
auto8,class9,3,-1.0,1,-1,-1,-1,-1
auto8,class9,5,-1.0,1,-1,-1,-1,-1
analcatdata_dmft,1,2,0.008831262588500977,0,171,122,67,54
analcatdata_dmft,1,3,0.013336420059204102,0,394,225,163,104
analcatdata_dmft,1,5,0.015683650970458984,0,469,232,198,109
pc2,2,2,0.16239261627197266,0,4706,754,1365,388
pc2,2,3,0.6336758136749268,0,23144,4844,8748,1100
pc2,2,5,14.295147180557251,0,610683,129810,238742,3366
scene,2,2,14.429020643234253,0,627091,8043,344723,673
scene,2,3,23.723531007766724,0,1038145,10647,658140,975
scene,2,5,15.72323751449585,0,707503,9184,401461,1233
first,1,2,0.49463748931884766,0,16587,3191,7199,458
first,1,3,2.049572706222534,0,74343,11141,42209,963
first,1,5,5.955918550491333,0,227474,42455,139745,2363
ecoli,om,2,0.008385181427001953,0,165,86,66,58
ecoli,om,3,0.015811443328857422,0,505,189,220,143
ecoli,om,5,0.025980234146118164,0,1065,242,501,198
grammatical_a7,1,2,2.4196937084198,0,116006,4009,77688,737
grammatical_a7,1,3,32.0613477230072,0,1588419,99244,1251498,1446
grammatical_a7,1,5,-1.0,1,-1,-1,-1,-1
ND_LVL_3_3_NormalDist_Random-Synthetic__2_20_1000000_,0,2,25.53335928916931,0,52655,21535,24356,409
ND_LVL_3_3_NormalDist_Random-Synthetic__2_20_1000000_,0,3,780.2735052108765,0,2553388,367863,1100851,450
ND_LVL_3_3_NormalDist_Random-Synthetic__2_20_1000000_,0,5,-1.0,1,-1,-1,-1,-1
parkinson_speech,0,2,0.11615705490112305,0,5210,688,2974,226
parkinson_speech,0,3,0.3925323486328125,0,19470,809,13985,343
parkinson_speech,0,5,0.6967003345489502,0,33611,963,25791,391
grammatical_b9,1,2,3.20389986038208,0,157460,3146,119773,434
grammatical_b9,1,3,23.422234296798706,0,1200861,15796,976539,544
grammatical_b9,1,5,279.909960269928,0,14394235,133362,11650431,626
climate,0,2,0.06790471076965332,0,3044,977,1436,306
climate,0,3,0.35564446449279785,0,18272,1231,12410,429
climate,0,5,0.657036304473877,0,34412,1225,22226,428
isolet,14,2,34.51171040534973,0,1109270,12832,784820,1047
isolet,14,3,202.45022106170654,0,6277830,191728,5054167,2040
isolet,14,5,-1.0,1,-1,-1,-1,-1
auto7_3,class3,2,0.02095818519592285,0,734,663,341,227
auto7_3,class3,3,0.14084410667419434,0,7077,2570,3348,495
auto7_3,class3,5,0.5182509422302246,0,28270,3719,15001,596
volcanoes-d3,3,2,0.009588956832885742,0,61,56,17,17
volcanoes-d3,3,3,0.011095285415649414,0,125,88,35,35
volcanoes-d3,3,5,0.011816024780273438,0,125,88,35,35
Diabetic,0,2,0.049421072006225586,0,1936,1174,944,281
Diabetic,0,3,0.20648860931396484,0,9688,2363,5433,383
Diabetic,0,5,0.9450325965881348,0,45767,5920,32147,555
ar4,2,2,0.0900278091430664,0,4887,512,1819,241
ar4,2,3,0.25932931900024414,0,15134,1678,8145,341
ar4,2,5,2.62959623336792,0,154873,12668,96851,472
auto5, class3,2,2.135676383972168,0,112112,10653,52433,616
auto5, class3,3,22.745909214019775,0,1247141,12202,852467,827
auto5, class3,5,35.2862114906311,0,1919622,12391,1389675,872
Chess_King-Rookvs.King-Pawn__UCI_,nowin,2,0.07734251022338867,0,2618,1499,1382,394
Chess_King-Rookvs.King-Pawn__UCI_,nowin,3,0.5583024024963379,0,23078,9786,12605,672
Chess_King-Rookvs.King-Pawn__UCI_,nowin,5,9.91121244430542,0,410404,115780,239923,1157
bankruptcy,1,2,0.0068454742431640625,0,161,19,89,11
bankruptcy,1,3,0.00721430778503418,0,161,19,89,11
bankruptcy,1,5,0.007162570953369141,0,161,19,89,11
onehund_sha,Acer Capillipes,2,0.38164591789245605,0,17445,496,6485,347
onehund_sha,Acer Capillipes,3,0.6743602752685547,0,33297,731,14427,529
onehund_sha,Acer Capillipes,5,1.0727131366729736,0,54937,1326,25377,728
pc3,2,2,0.17587971687316895,0,7841,1106,3304,375
pc3,2,3,0.7682416439056396,0,37633,3968,18148,591
pc3,2,5,5.060310125350952,0,273848,34705,118769,1484
Marketing_EoSL_,9,2,0.07724857330322266,0,2570,646,764,253
Marketing_EoSL_,9,3,0.19934654235839844,0,8084,1120,3131,473
Marketing_EoSL_,9,5,0.3482370376586914,0,15154,1619,7560,739
I_LVL2_1_Interesting_Non-Random-Synthetic__2_5_31250_,1,2,0.041434288024902344,0,256,252,182,148
I_LVL2_1_Interesting_Non-Random-Synthetic__2_5_31250_,1,3,0.0780487060546875,0,1311,671,990,276
I_LVL2_1_Interesting_Non-Random-Synthetic__2_5_31250_,1,5,0.13891220092773438,0,3391,1244,2972,415
wpbc,R,2,0.1566486358642578,0,8452,1531,3905,342
wpbc,R,3,0.8301105499267578,0,46353,1686,27074,412
wpbc,R,5,1.4406507015228271,0,82535,2420,48640,425
volcanoes-a3,4,2,0.0058557987213134766,0,61,42,25,25
volcanoes-a3,4,3,0.0073969364166259766,0,121,61,44,44
volcanoes-a3,4,5,0.007162809371948242,0,121,61,44,44
winsconsin,4,2,0.010512590408325195,0,234,195,158,131
winsconsin,4,3,0.02636885643005371,0,919,436,705,324
winsconsin,4,5,0.04436230659484863,0,1662,606,1357,489
optical,5,2,0.45412588119506836,0,14196,1736,5746,484
optical,5,3,1.851511001586914,0,57163,7776,31025,775
optical,5,5,22.092679977416992,0,660477,111731,446013,1906
NormalDist_Random-Synthetic__2_12_5886_,0,2,0.05087423324584961,0,1373,1135,701,271
NormalDist_Random-Synthetic__2_12_5886_,0,3,0.37684202194213867,0,16291,7401,8256,436
NormalDist_Random-Synthetic__2_12_5886_,0,5,4.633609294891357,0,221418,31011,119567,702
horse_colic_lesion,1,2,0.005491971969604492,0,1,0,0,0
horse_colic_lesion,1,3,0.0055332183837890625,0,1,0,0,0
horse_colic_lesion,1,5,0.005557060241699219,0,1,0,0,0
contraceptive,3,2,0.015762805938720703,0,427,364,195,158
contraceptive,3,3,0.06098651885986328,0,2581,1225,1203,311
contraceptive,3,5,0.17379283905029297,0,8105,2563,4394,548
heart_switzerland,1,2,0.010647296905517578,0,341,84,132,52
heart_switzerland,1,3,0.021626710891723633,0,942,163,355,118
heart_switzerland,1,5,0.03293323516845703,0,1550,252,641,189
saheart,1,2,0.01644134521484375,0,547,487,291,194
saheart,1,3,0.07998991012573242,0,3985,865,2131,323
saheart,1,5,0.14482522010803223,0,7667,914,4416,339
analcatdata_boxing2,2,2,0.007394552230834961,0,204,36,89,16
analcatdata_boxing2,2,3,0.009742259979248047,0,336,36,150,16
analcatdata_boxing2,2,5,0.00976109504699707,0,336,36,150,16
analcatdata_lawsuit,2,2,0.005176067352294922,0,65,33,22,21
analcatdata_lawsuit,2,3,0.0060727596282958984,0,103,45,43,32
analcatdata_lawsuit,2,5,0.006448984146118164,0,109,46,47,33
pc1_req,2,2,0.008069753646850586,0,161,104,70,49
pc1_req,2,3,0.01782846450805664,0,670,352,254,142
pc1_req,2,5,0.04168534278869629,0,1948,790,735,216
robot1,collision,2,0.012454032897949219,0,305,237,171,139
robot1,collision,3,0.030565261840820312,0,1201,407,796,228
robot1,collision,5,0.06619119644165039,0,3057,750,1842,367
credit-g,1,2,0.06798219680786133,0,3027,1121,1491,251
credit-g,1,3,0.2666056156158447,0,13184,2480,7847,371
credit-g,1,5,0.5176892280578613,0,25377,4409,16727,653
lsvt,1,2,8.167775392532349,0,454334,1746,260123,476
lsvt,1,3,14.185956478118896,0,788931,4317,510185,595
lsvt,1,5,36.86164402961731,0,2130760,96324,1338268,678
acute-inflammations,2,2,0.005819559097290039,0,69,54,43,42
acute-inflammations,2,3,0.008801698684692383,0,183,111,122,97
acute-inflammations,2,5,0.010778665542602539,0,283,142,197,133
cardio10,8,2,0.0514674186706543,0,1830,503,607,290
cardio10,8,3,0.13788175582885742,0,6324,1086,2561,685
cardio10,8,5,0.4609055519104004,0,22614,2715,10684,1473
phishing,-1,2,0.1324911117553711,0,2246,1067,1169,347
phishing,-1,3,0.5707507133483887,0,12633,3806,7898,679
phishing,-1,5,6.6438000202178955,0,156820,36053,112979,2087
prnn_synth,1,2,0.004391908645629883,0,25,19,12,9
prnn_synth,1,3,0.0044062137603759766,0,25,19,12,9
prnn_synth,1,5,0.004586219787597656,0,25,19,12,9
mice,t-SC-s,2,0.8876307010650635,0,45685,1105,19086,538
mice,t-SC-s,3,1.404036283493042,0,73815,1373,39045,850
mice,t-SC-s,5,1.8702726364135742,0,98081,1841,56625,1476
U_LVL0_Uninteresting_Non-Random-Synthetic__2_4_62500_,0,2,0.05817365646362305,0,171,171,0,0
U_LVL0_Uninteresting_Non-Random-Synthetic__2_4_62500_,0,3,0.07596087455749512,0,671,671,0,0
U_LVL0_Uninteresting_Non-Random-Synthetic__2_4_62500_,0,5,0.10236310958862305,0,1296,1296,0,0
grammatical_a4,1,2,2.364102363586426,0,115429,10730,84137,757
grammatical_a4,1,3,82.67288422584534,0,4259373,398845,3254824,1245
grammatical_a4,1,5,-1.0,1,-1,-1,-1,-1
NormalDist_Random-Synthetic__2_7_7283_,1,2,0.026639461517333984,0,494,479,237,175
NormalDist_Random-Synthetic__2_7_7283_,1,3,0.09496927261352539,0,3450,2383,1801,358
NormalDist_Random-Synthetic__2_7_7283_,1,5,0.40175580978393555,0,17265,6113,9711,537
ND_LVL_2_1_NormalDist_Random-Synthetic__2_10_10000_,0,2,0.12855839729309082,0,4601,1988,2227,326
ND_LVL_2_1_NormalDist_Random-Synthetic__2_10_10000_,0,3,1.0721614360809326,0,50491,10505,23654,521
ND_LVL_2_1_NormalDist_Random-Synthetic__2_10_10000_,0,5,5.408093452453613,0,271261,14148,121130,604
grammatical_b2,1,2,3.8892836570739746,0,187953,11375,120482,682
grammatical_b2,1,3,86.49464869499207,0,4389884,228536,3044225,1141
grammatical_b2,1,5,-1.0,1,-1,-1,-1,-1
ED_LVL_2_0_EqualDist_Random-Synthetic__2_10_1000_,1,2,0.10457348823547363,0,4601,1629,1984,256
ED_LVL_2_0_EqualDist_Random-Synthetic__2_10_1000_,1,3,0.8511791229248047,0,50221,1629,17566,256
ED_LVL_2_0_EqualDist_Random-Synthetic__2_10_1000_,1,5,0.8577671051025391,0,50221,1629,17566,256
grammatical_b6,1,2,3.3084750175476074,0,157994,4654,114260,935
grammatical_b6,1,3,40.5097234249115,0,2045987,76627,1587424,1672
grammatical_b6,1,5,-1.0,1,-1,-1,-1,-1
I_LVL2_0_Interesting_Non-Random-Synthetic__2_5_3125_,1,2,0.01294255256652832,0,236,228,117,107
I_LVL2_0_Interesting_Non-Random-Synthetic__2_5_3125_,1,3,0.02937912940979004,0,961,282,657,111
I_LVL2_0_Interesting_Non-Random-Synthetic__2_5_3125_,1,5,0.03693413734436035,0,1336,282,1032,111
gesture_raw,Preparation,2,0.09052634239196777,0,2813,1321,1186,322
gesture_raw,Preparation,3,0.4509851932525635,0,20669,4026,8551,598
gesture_raw,Preparation,5,3.4410388469696045,0,176201,34898,51836,1282
monks3,0,2,0.00732731819152832,0,137,134,53,53
monks3,0,3,0.016219615936279297,0,546,448,218,196
monks3,0,5,0.034047842025756836,0,1398,574,648,246
I_LVL1_0_Interesting_Non-Random-Synthetic__2_2_4_,1,2,0.0036923885345458984,0,1,0,0,0
I_LVL1_0_Interesting_Non-Random-Synthetic__2_2_4_,1,3,0.0037469863891601562,0,1,0,0,0
I_LVL1_0_Interesting_Non-Random-Synthetic__2_2_4_,1,5,0.003572702407836914,0,1,0,0,0
wall2,Slight-Right-Turn,2,0.005703926086425781,0,21,8,5,5
wall2,Slight-Right-Turn,3,0.005573272705078125,0,21,8,5,5
wall2,Slight-Right-Turn,5,0.005692005157470703,0,21,8,5,5
abalone,1,2,0.019870281219482422,0,452,318,155,127
abalone,1,3,0.050766706466674805,0,1888,790,636,295
abalone,1,5,0.0960235595703125,0,4112,986,1460,480
wholesale,2,2,0.01169729232788086,0,324,246,150,139
wholesale,2,3,0.030732154846191406,0,1304,381,742,227
wholesale,2,5,0.0462794303894043,0,2160,367,1331,259
soybean_large,purple-seed-stain,2,0.06463932991027832,0,3097,876,1125,402
soybean_large,purple-seed-stain,3,0.19897198677062988,0,10633,2340,4592,765
soybean_large,purple-seed-stain,5,0.8452541828155518,0,49751,11304,21088,1099
U_LVL2_1_Uninteresting_Non-Random-Synthetic__2_5_31250_,0,2,0.042165517807006836,0,276,276,0,0
U_LVL2_1_Uninteresting_Non-Random-Synthetic__2_5_31250_,0,3,0.08002495765686035,0,1526,1526,0,0
U_LVL2_1_Uninteresting_Non-Random-Synthetic__2_5_31250_,0,5,0.24906110763549805,0,7776,4651,0,0
onehund_mar,Acer Capillipes,2,0.3455648422241211,0,14853,728,6249,416
onehund_mar,Acer Capillipes,3,1.1077632904052734,0,52963,3150,26325,767
onehund_mar,Acer Capillipes,5,13.032988786697388,0,701415,73424,355053,1193
jEdit_4.2_4.3,1,2,0.012525796890258789,0,368,293,181,139
jEdit_4.2_4.3,1,3,0.04051399230957031,0,1873,691,879,275
jEdit_4.2_4.3,1,5,0.10639381408691406,0,5612,1198,2537,349
hiv_impens,1,2,0.14724946022033691,0,8838,323,2262,144
hiv_impens,1,3,0.2624068260192871,0,16350,325,3199,145
hiv_impens,1,5,0.25647497177124023,0,16427,325,3206,145
abalone_ori,18,2,0.019097089767456055,0,436,265,158,144
abalone_ori,18,3,0.04627180099487305,0,1708,536,622,299
abalone_ori,18,5,0.0982201099395752,0,4232,951,1521,460
ada_agnostic,2,2,0.15334224700927734,0,4820,1784,2030,461
ada_agnostic,2,3,1.0658619403839111,0,36625,15610,18487,732
ada_agnostic,2,5,66.33610272407532,0,2197567,1049480,1196535,2617
pitt1_1,DECK,2,0.008333206176757812,0,222,66,84,34
pitt1_1,DECK,3,0.011800527572631836,0,384,93,150,44
pitt1_1,DECK,5,0.01247096061706543,0,416,95,162,45
hiv_1625,1,2,0.1705026626586914,0,9661,343,1960,234
hiv_1625,1,3,0.2622108459472656,0,15181,400,3585,300
hiv_1625,1,5,0.3553142547607422,0,20301,520,4745,411
mfeat-factors,7,2,4.2946107387542725,0,196045,1284,115777,644
mfeat-factors,7,3,8.158747673034668,0,382353,2182,276368,924
mfeat-factors,7,5,17.65525221824646,0,840377,3432,683691,1214
ED_LVL_1_0_EqualDist_Random-Synthetic__2_5_1000_,0,2,0.010926961898803711,0,276,276,133,127
ED_LVL_1_0_EqualDist_Random-Synthetic__2_5_1000_,0,3,0.036585092544555664,0,1526,597,843,223
ED_LVL_1_0_EqualDist_Random-Synthetic__2_5_1000_,0,5,0.05293631553649902,0,2381,597,1315,223
ED_LVL_3_2_EqualDist_Random-Synthetic__2_20_100000_,1,2,4.527073860168457,0,76401,76401,38669,212
ED_LVL_3_2_EqualDist_Random-Synthetic__2_20_100000_,1,3,406.63810753822327,0,9196401,76401,5050547,212
ED_LVL_3_2_EqualDist_Random-Synthetic__2_20_100000_,1,5,410.2135810852051,0,9196401,76401,5050547,212
Seismic-Bumps_UCI_,1,2,0.030147075653076172,0,810,655,358,226
Seismic-Bumps_UCI_,1,3,0.09357619285583496,0,3432,1923,1905,571
Seismic-Bumps_UCI_,1,5,0.5495460033416748,0,22846,11770,13726,1272
pitt2_4,S,2,0.0077669620513916016,0,176,67,83,36
pitt2_4,S,3,0.011612176895141602,0,395,114,169,56
pitt2_4,S,5,0.013343334197998047,0,475,122,197,58
lenses,softCL,2,0.004341840744018555,0,20,5,10,3
lenses,softCL,3,0.0044972896575927734,0,20,5,10,3
lenses,softCL,5,0.00448298454284668,0,20,5,10,3
statlog_ls,5,2,0.2824437618255615,0,9993,938,3233,422
statlog_ls,5,3,1.1432909965515137,0,48317,4686,23287,1194
statlog_ls,5,5,8.730769157409668,0,405393,25108,227920,2350
EqualDist_Random-Synthetic__2_14_5644_,1,2,0.07921957969665527,0,2527,2527,1265,304
EqualDist_Random-Synthetic__2_14_5644_,1,3,1.1373236179351807,0,52792,20648,27167,558
EqualDist_Random-Synthetic__2_14_5644_,1,5,7.88912558555603,0,382601,29146,226760,666
thyroid_sick,sick.,2,0.05777335166931152,0,1842,901,693,304
thyroid_sick,sick.,3,0.28982114791870117,0,11216,3460,4838,773
thyroid_sick,sick.,5,6.256365537643433,0,255043,54948,117119,3110
BreastCancerWisconsin_UCI_,4,2,0.0649261474609375,0,3288,241,2062,168
BreastCancerWisconsin_UCI_,4,3,0.11342740058898926,0,6415,284,3529,189
BreastCancerWisconsin_UCI_,4,5,0.13036632537841797,0,7388,315,3914,192
pamap2,1,2,1.2183008193969727,0,20169,832,2516,342
pamap2,1,3,1.6773066520690918,0,33345,1036,9587,497
pamap2,1,5,2.1298046112060547,0,47877,1034,21385,631
U_LVL1_2_Uninteresting_Non-Random-Synthetic__2_2_400_,1,2,0.0038149356842041016,0,9,9,0,0
U_LVL1_2_Uninteresting_Non-Random-Synthetic__2_2_400_,1,3,0.004055500030517578,0,9,9,0,0
U_LVL1_2_Uninteresting_Non-Random-Synthetic__2_2_400_,1,5,0.003986358642578125,0,9,9,0,0
visualizing_livestock,4,2,0.004544973373413086,0,31,4,2,2
visualizing_livestock,4,3,0.00455474853515625,0,31,4,2,2
visualizing_livestock,4,5,0.004651069641113281,0,31,4,2,2
volcanoes-a2,4,2,0.005808830261230469,0,61,42,22,22
volcanoes-a2,4,3,0.007434368133544922,0,121,61,41,41
volcanoes-a2,4,5,0.0072023868560791016,0,121,61,41,41
blogger,no,2,0.006325960159301758,0,99,50,48,18
blogger,no,3,0.007812976837158203,0,192,77,78,22
blogger,no,5,0.008246898651123047,0,222,86,87,23
grammatical_a5,1,2,3.803673505783081,0,187667,3101,152228,518
grammatical_a5,1,3,27.84257197380066,0,1420249,29952,1149077,668
grammatical_a5,1,5,-1.0,1,-1,-1,-1,-1
prnn_crabs,1,2,0.010458707809448242,0,315,175,109,85
prnn_crabs,1,3,0.026195764541625977,0,1271,381,413,165
prnn_crabs,1,5,0.043150901794433594,0,2227,499,673,269
hepatitis,1,2,0.025951862335205078,0,1063,404,459,182
hepatitis,1,3,0.08986353874206543,0,4571,729,2263,340
hepatitis,1,5,0.3076932430267334,0,16659,1207,8639,522
