dataset_name,target_value,depth,DFS_BSD_DP_FC_qf05 (PS)-real_time_taken,DFS_BSD_DP_FC_qf05 (PS)-failed,DFS_BSD_DP_FC_qf05 (PS)-sgs_evaluated,DFS_BSD_DP_FC_qf05 (PS)-sgs_eval_interesting,DFS_BSD_DP_FC_qf05 (PS)-sgs_quality_interesting,DFS_BSD_DP_FC_qf05 (PS)-sgs_top_k_interesting
spect_heart,0,2,0.02767348289489746,0,951,751,265,215
spect_heart,0,3,0.12349057197570801,0,5903,2747,2254,424
spect_heart,0,5,1.4026803970336914,0,72235,35541,46679,921
fertility,O,2,0.011686325073242188,0,348,156,141,74
fertility,O,3,0.03025221824645996,0,1399,308,554,134
fertility,O,5,0.05468344688415527,0,2798,352,1116,148
ND_LVL_1_1_NormalDist_Random-Synthetic__2_5_10000_,1,2,0.020110368728637695,0,276,276,137,130
ND_LVL_1_1_NormalDist_Random-Synthetic__2_5_10000_,1,3,0.05210518836975098,0,1526,1331,788,301
ND_LVL_1_1_NormalDist_Random-Synthetic__2_5_10000_,1,5,0.14525055885314941,0,5491,2890,2796,352
Mushroom_UCI_,p,2,0.14590883255004883,0,5195,773,1437,394
Mushroom_UCI_,p,3,0.4235372543334961,0,17960,1574,5709,693
Mushroom_UCI_,p,5,1.0895757675170898,0,48688,2408,17611,1251
wall24,Slight-Right-Turn,2,0.11409544944763184,0,4225,1992,1669,416
wall24,Slight-Right-Turn,3,0.6421167850494385,0,29795,4849,15546,927
wall24,Slight-Right-Turn,5,1.9238052368164062,0,91802,9353,52294,2220
thyroid_allbp,increased binding protein.,2,0.05667543411254883,0,1904,1181,657,267
thyroid_allbp,increased binding protein.,3,0.39583373069763184,0,16233,7970,6470,828
thyroid_allbp,increased binding protein.,5,11.147243738174438,0,481287,163539,227400,1656
analcatdata_creditscore,1,2,0.00756072998046875,0,174,61,84,28
analcatdata_creditscore,1,3,0.012450456619262695,0,445,108,192,46
analcatdata_creditscore,1,5,0.015119314193725586,0,605,125,244,55
primary,1,2,0.01867532730102539,0,670,420,288,166
primary,1,3,0.08634328842163086,0,4394,2271,1920,323
primary,1,5,0.643805980682373,0,33647,14209,17430,780
breast_tissue_merged,car,2,0.012388467788696289,0,433,99,174,65
breast_tissue_merged,car,3,0.022649049758911133,0,1057,152,420,103
breast_tissue_merged,car,5,0.027245521545410156,0,1325,165,516,112
pima,1,2,0.014408111572265625,0,424,418,216,180
pima,1,3,0.06597232818603516,0,3038,1398,1641,376
pima,1,5,0.1865694522857666,0,9422,1668,5367,433
Divorce,1,2,0.3383615016937256,0,17576,405,11551,432
Divorce,1,3,0.5788586139678955,0,32326,517,19393,551
Divorce,1,5,0.9290695190429688,0,54856,622,30613,652
asbestos,(3)_Above_legal_limit,2,0.004439353942871094,0,29,19,13,8
asbestos,(3)_Above_legal_limit,3,0.00479888916015625,0,41,21,18,9
asbestos,(3)_Above_legal_limit,5,0.004700422286987305,0,41,21,18,9
bupa,1,2,0.010539770126342773,0,265,247,131,122
bupa,1,3,0.033008575439453125,0,1497,414,719,165
bupa,1,5,0.04189324378967285,0,1953,425,883,169
U_LVL2_0_Uninteresting_Non-Random-Synthetic__2_5_3125_,0,2,0.005741119384765625,0,1,0,0,0
U_LVL2_0_Uninteresting_Non-Random-Synthetic__2_5_3125_,0,3,0.005724430084228516,0,1,0,0,0
U_LVL2_0_Uninteresting_Non-Random-Synthetic__2_5_3125_,0,5,0.005751609802246094,0,1,0,0,0
cardio3,2,2,0.06387615203857422,0,2147,1075,742,272
cardio3,2,3,0.33479905128479004,0,15754,5406,7558,697
cardio3,2,5,3.8729615211486816,0,195556,38335,110371,1510
volcanoes-d4,3,2,0.009419679641723633,0,61,60,17,17
volcanoes-d4,3,3,0.011318206787109375,0,125,95,36,36
volcanoes-d4,3,5,0.010991811752319336,0,125,95,36,36
pitt2_3,LONG,2,0.008018970489501953,0,196,72,89,40
pitt2_3,LONG,3,0.012488603591918945,0,438,119,194,64
pitt2_3,LONG,5,0.013806819915771484,0,515,128,221,69
grammatical_b5,1,2,6.365192413330078,0,301521,9300,217117,735
grammatical_b5,1,3,66.62104988098145,0,3255012,140729,2784666,1135
grammatical_b5,1,5,-1.0,1,-1,-1,-1,-1
ED_LVL_1_2_EqualDist_Random-Synthetic__2_5_100000_,0,2,0.10488605499267578,0,276,276,139,134
ED_LVL_1_2_EqualDist_Random-Synthetic__2_5_100000_,0,3,0.18498539924621582,0,1526,1526,768,293
ED_LVL_1_2_EqualDist_Random-Synthetic__2_5_100000_,0,5,0.45811939239501953,0,7776,4651,3955,410
pitt1_4,S,2,0.008192062377929688,0,205,66,94,34
pitt1_4,S,3,0.013531923294067383,0,389,92,174,44
pitt1_4,S,5,0.012177228927612305,0,435,93,192,44
ND_LVL_2_3_NormalDist_Random-Synthetic__2_10_1000000_,0,2,4.0106072425842285,0,4601,2801,2224,365
ND_LVL_2_3_NormalDist_Random-Synthetic__2_10_1000000_,0,3,28.239712715148926,0,76601,27704,39431,567
ND_LVL_2_3_NormalDist_Random-Synthetic__2_10_1000000_,0,5,396.09747219085693,0,1266011,90637,664413,740
gesture_va,P,2,0.27896976470947266,0,8065,7734,4281,469
gesture_va,P,3,6.994492292404175,0,290585,55067,154653,720
gesture_va,P,5,49.313833475112915,0,2205253,162511,1499212,1256
connectionist_vowel,4,2,0.03693437576293945,0,1536,958,583,294
connectionist_vowel,4,3,0.21617794036865234,0,11314,3530,5098,507
connectionist_vowel,4,5,0.6996586322784424,0,37930,4799,19292,763
breast_cancer_wis_pro,R,2,0.20868754386901855,0,11507,5380,4649,421
breast_cancer_wis_pro,R,3,4.566087484359741,0,289197,10544,107462,463
breast_cancer_wis_pro,R,5,9.426490545272827,0,604655,14580,231811,557
diggle_table_a2,8,2,0.010037899017333984,0,289,104,76,70
diggle_table_a2,8,3,0.020432233810424805,0,889,235,266,196
diggle_table_a2,8,5,0.039330244064331055,0,2037,512,612,258
page,5,2,0.03104090690612793,0,737,475,244,185
page,5,3,0.10404753684997559,0,4217,1571,1671,385
page,5,5,0.29195165634155273,0,13933,3281,5975,670
steel-plates-fault,2,2,0.14937543869018555,0,6263,4735,3352,498
steel-plates-fault,2,3,1.9800565242767334,0,99532,24298,56747,995
steel-plates-fault,2,5,2.953411817550659,0,146804,37253,82449,1554
mechanical,4,2,0.022812366485595703,0,372,270,155,147
mechanical,4,3,0.06808614730834961,0,2284,1247,772,318
mechanical,4,5,0.2975764274597168,0,13582,4770,3650,510
OnlineShoppersIntention,True,2,0.12967157363891602,0,3467,1664,1429,306
OnlineShoppersIntention,True,3,1.0568645000457764,0,42730,11416,17715,699
OnlineShoppersIntention,True,5,15.525556325912476,0,700345,89490,318220,985
ED_LVL_2_1_EqualDist_Random-Synthetic__2_10_10000_,1,2,0.13274049758911133,0,4601,4601,2264,410
ED_LVL_2_1_EqualDist_Random-Synthetic__2_10_10000_,1,3,2.709634304046631,0,124601,30599,68469,649
ED_LVL_2_1_EqualDist_Random-Synthetic__2_10_10000_,1,5,12.59476351737976,0,634601,30599,326461,649
glass,3,2,0.01316213607788086,0,414,221,174,137
glass,3,3,0.0377652645111084,0,1778,556,779,264
glass,3,5,0.05857086181640625,0,2697,816,1290,318
molecular_promoter,+,2,0.4815208911895752,0,25605,1846,9894,478
molecular_promoter,+,3,1.7550981044769287,0,100629,1412,58224,591
molecular_promoter,+,5,2.444289445877075,0,137961,1312,94215,604
blood,1,2,0.006834983825683594,0,113,98,46,46
blood,1,3,0.010871648788452148,0,321,179,102,84
blood,1,5,0.012283563613891602,0,385,204,123,96
weight,B,2,2.6526529788970947,0,152702,1501,68242,432
weight,B,3,5.120625019073486,0,287505,1634,159731,535
weight,B,5,7.6773035526275635,0,427365,1566,275043,592
ozone1,1,2,0.8484025001525879,0,39341,15084,13123,557
ozone1,1,3,19.626569747924805,0,1016721,227188,596460,1066
ozone1,1,5,-1.0,1,-1,-1,-1,-1
U_LVL2_2_Uninteresting_Non-Random-Synthetic__2_5_312500_,0,2,0.30541419982910156,0,276,276,0,0
U_LVL2_2_Uninteresting_Non-Random-Synthetic__2_5_312500_,0,3,0.4573211669921875,0,1526,1526,0,0
U_LVL2_2_Uninteresting_Non-Random-Synthetic__2_5_312500_,0,5,1.0371065139770508,0,7776,4651,0,0
ionosphere,b,2,0.15817475318908691,0,8070,862,3571,374
ionosphere,b,3,0.4917726516723633,0,26460,1763,14665,637
ionosphere,b,5,2.4563372135162354,0,141037,10778,59448,948
grammatical_b7,1,2,4.752242803573608,0,232981,26034,130941,1072
grammatical_b7,1,3,184.86706733703613,0,9482496,1043990,6448449,2516
grammatical_b7,1,5,-1.0,1,-1,-1,-1,-1
wine_quality,4,2,0.044152021408081055,0,1015,1003,440,246
wine_quality,4,3,0.31896090507507324,0,13027,9489,5551,478
wine_quality,4,5,3.5062735080718994,0,167107,43242,81015,950
VehicleCouponRecommendation,0,2,0.12999916076660156,0,3756,2568,1798,333
VehicleCouponRecommendation,0,3,1.3021790981292725,0,54733,17349,26738,612
VehicleCouponRecommendation,0,5,14.858672857284546,0,656753,130596,303101,1130
auto7_2,class3,2,0.021963119506835938,0,734,725,348,228
auto7_2,class3,3,0.1638171672821045,0,7842,4661,3865,448
auto7_2,class3,5,1.0158441066741943,0,52485,8436,27526,575
wave,0,2,0.10888099670410156,0,3445,2499,1701,457
wave,0,3,1.350020170211792,0,60305,11661,36905,868
wave,0,5,10.83914589881897,0,509041,29351,398742,1222
cnae9,4,2,16.195685625076294,0,836301,371951,350387,804
cnae9,4,3,-1.0,1,-1,-1,-1,-1
cnae9,4,5,-1.0,1,-1,-1,-1,-1
grammatical_a9,1,2,2.1082308292388916,0,101367,5975,78350,633
grammatical_a9,1,3,47.039366483688354,0,2403813,178719,1896665,920
grammatical_a9,1,5,-1.0,1,-1,-1,-1,-1
teaching,2,2,0.010480165481567383,0,340,48,102,21
teaching,2,3,0.013132572174072266,0,474,60,134,25
teaching,2,5,0.013119935989379883,0,494,60,143,25
auto6_1,class8,2,0.24451589584350586,0,11864,11789,5641,499
auto6_1,class8,3,10.16676640510559,0,541792,158141,260635,813
auto6_1,class8,5,122.23145747184753,0,6819821,188984,3570986,842
ED_LVL_2_4_EqualDist_Random-Synthetic__2_10_10000000_,1,2,42.5802161693573,0,4601,4601,2314,437
ED_LVL_2_4_EqualDist_Random-Synthetic__2_10_10000000_,1,3,516.9434666633606,0,124601,64957,62297,673
ED_LVL_2_4_EqualDist_Random-Synthetic__2_10_10000000_,1,5,-1.0,1,-1,-1,-1,-1
ozone8,1,2,0.8631653785705566,0,40375,17066,15056,579
ozone8,1,3,20.52786350250244,0,1043227,172934,649814,1188
ozone8,1,5,1184.634605884552,0,62098093,6396364,43365789,2338
U_LVL1_4_Uninteresting_Non-Random-Synthetic__2_2_40000_,0,2,0.015973567962646484,0,9,9,0,0
U_LVL1_4_Uninteresting_Non-Random-Synthetic__2_2_40000_,0,3,0.0151214599609375,0,9,9,0,0
U_LVL1_4_Uninteresting_Non-Random-Synthetic__2_2_40000_,0,5,0.015778064727783203,0,9,9,0,0
bach, C#d,2,0.03189420700073242,0,609,226,208,182
bach, C#d,3,0.11383700370788574,0,4086,1315,1253,439
bach, C#d,5,1.0726604461669922,0,51359,12989,14195,776
ED_LVL_3_3_EqualDist_Random-Synthetic__2_20_1000000_,1,2,33.01974105834961,0,76401,76401,38263,662
ED_LVL_3_3_EqualDist_Random-Synthetic__2_20_1000000_,1,3,-1.0,1,-1,-1,-1,-1
ED_LVL_3_3_EqualDist_Random-Synthetic__2_20_1000000_,1,5,-1.0,1,-1,-1,-1,-1
polish_bankruptcy_1year,1,2,0.7905979156494141,0,32173,23378,13123,522
polish_bankruptcy_1year,1,3,36.6230628490448,0,1864865,790441,725218,1178
polish_bankruptcy_1year,1,5,-1.0,1,-1,-1,-1,-1
coil2000,1,2,3.937464952468872,0,174003,50501,43145,725
coil2000,1,3,163.76562023162842,0,8195638,1444722,1946485,1485
coil2000,1,5,-1.0,1,-1,-1,-1,-1
robot2,back_col,2,0.012034416198730469,0,317,293,151,134
robot2,back_col,3,0.039594173431396484,0,1665,669,885,185
robot2,back_col,5,0.07223939895629883,0,3401,768,1937,229
EqualDist_Random-Synthetic__2_7_5349_,1,2,0.025055885314941406,0,553,553,269,206
EqualDist_Random-Synthetic__2_7_5349_,1,3,0.11498308181762695,0,4722,4717,2441,427
EqualDist_Random-Synthetic__2_7_5349_,1,5,1.13602614402771,0,53108,11645,29890,512
U_LVL1_1_Uninteresting_Non-Random-Synthetic__2_2_40_,1,2,0.00399017333984375,0,9,9,0,0
U_LVL1_1_Uninteresting_Non-Random-Synthetic__2_2_40_,1,3,0.003687143325805664,0,9,9,0,0
U_LVL1_1_Uninteresting_Non-Random-Synthetic__2_2_40_,1,5,0.0035097599029541016,0,9,9,0,0
auto6_3,class1,2,0.23402118682861328,0,11864,10527,5586,521
auto6_3,class1,3,7.253819227218628,0,407222,40428,213326,688
auto6_3,class1,5,28.287015914916992,0,1602873,42813,729037,692
grammatical_b1,1,2,12.86175799369812,0,636387,13273,303375,1011
grammatical_b1,1,3,89.64372491836548,0,4457466,137603,3311075,1522
grammatical_b1,1,5,-1.0,1,-1,-1,-1,-1
EqualDist_Random-Synthetic__2_10_7463_,1,2,0.04893231391906738,0,1163,1163,567,274
EqualDist_Random-Synthetic__2_10_7463_,1,3,0.3806607723236084,0,15637,15632,8065,574
EqualDist_Random-Synthetic__2_10_7463_,1,5,6.821393728256226,0,310086,56866,186957,689
volcanoes-a1,4,2,0.0066051483154296875,0,61,42,22,22
volcanoes-a1,4,3,0.008348941802978516,0,121,61,41,41
volcanoes-a1,4,5,0.008066892623901367,0,121,61,41,41
vert3,NO,2,0.010266780853271484,0,265,196,128,115
vert3,NO,3,0.028509855270385742,0,1217,320,539,176
vert3,NO,5,0.03820395469665527,0,1769,341,765,187
CongressionalVotingRecords_UCI_,republican,2,0.028118371963500977,0,1111,390,490,211
CongressionalVotingRecords_UCI_,republican,3,0.07013821601867676,0,3304,729,2109,361
CongressionalVotingRecords_UCI_,republican,5,0.2530224323272705,0,12316,1945,10252,685
pitt2_2,WOOD,2,0.0072612762451171875,0,161,52,58,27
pitt2_2,WOOD,3,0.010434150695800781,0,340,77,123,40
pitt2_2,WOOD,5,0.011562824249267578,0,401,79,145,41
statlog_vehicle,opel,2,0.058213233947753906,0,2521,1827,1044,321
statlog_vehicle,opel,3,0.4965379238128662,0,25501,5125,12393,400
statlog_vehicle,opel,5,2.151047706604004,0,111329,12051,63563,702
pitt2_1,DECK,2,0.00793910026550293,0,192,72,76,39
pitt2_1,DECK,3,0.012373685836791992,0,421,118,169,58
pitt2_1,DECK,5,0.013887166976928711,0,492,125,196,60
grammatical_a8,1,2,6.786149501800537,0,324461,4454,231079,785
grammatical_a8,1,3,41.63981819152832,0,2050699,67553,1636153,1270
grammatical_a8,1,5,-1.0,1,-1,-1,-1,-1
grammatical_a6,1,2,2.52912974357605,0,117029,7014,83312,699
grammatical_a6,1,3,52.772154331207275,0,2621152,193420,1980142,1277
grammatical_a6,1,5,-1.0,1,-1,-1,-1,-1
auto6_2,class5,2,0.255047082901001,0,11864,11418,5726,234
auto6_2,class5,3,8.258348226547241,0,420589,37898,236097,744
auto6_2,class5,5,37.007140159606934,0,1995270,49134,1019984,844
auto1,class1,2,0.027036190032958984,0,801,801,405,224
auto1,class1,3,0.2267601490020752,0,9919,9873,5015,509
auto1,class1,5,8.089229345321655,0,388255,154367,199143,908
ED_LVL_2_3_EqualDist_Random-Synthetic__2_10_1000000_,1,2,4.110911846160889,0,4601,4601,2297,430
ED_LVL_2_3_EqualDist_Random-Synthetic__2_10_1000000_,1,3,42.87761402130127,0,124601,65070,61808,676
ED_LVL_2_3_EqualDist_Random-Synthetic__2_10_1000000_,1,5,374.0442864894867,0,1181851,65070,602366,676
heart_cleverland,3,2,0.02226734161376953,0,802,604,379,226
heart_cleverland,3,3,0.1334214210510254,0,6847,2232,3253,392
heart_cleverland,3,5,0.45125436782836914,0,24626,3695,13245,453
analcatdata_boxing1,1,2,0.007288455963134766,0,189,32,64,14
analcatdata_boxing1,1,3,0.009992599487304688,0,309,32,106,14
analcatdata_boxing1,1,5,0.009554624557495117,0,309,32,106,14
qsar,RB,2,0.1581873893737793,0,7343,2762,2758,368
qsar,RB,3,1.3030555248260498,0,63882,15901,34722,500
qsar,RB,5,28.69859504699707,0,1442870,335713,905708,904
internet,ad.,2,54.378835916519165,0,2535449,1210513,1163291,896
internet,ad.,3,-1.0,1,-1,-1,-1,-1
internet,ad.,5,-1.0,1,-1,-1,-1,-1
robot4,normal,2,0.011909961700439453,0,261,186,105,104
robot4,normal,3,0.0231935977935791,0,797,290,408,201
robot4,normal,5,0.035479068756103516,0,1389,343,786,303
mw1,2,2,0.14158892631530762,0,7427,3235,2669,367
mw1,2,3,1.4540915489196777,0,84639,16810,33511,783
mw1,2,5,44.42489957809448,0,2789293,550061,1032806,1506
polish_bankruptcy_5year,1,2,0.7420094013214111,0,32140,13035,10137,515
polish_bankruptcy_5year,1,3,10.337464809417725,0,495356,105691,311275,1014
polish_bankruptcy_5year,1,5,881.5187623500824,0,45531960,7252300,28182944,2124
grammatical_b8,1,2,7.33082389831543,0,342285,3067,210763,660
grammatical_b8,1,3,27.541120767593384,0,1306285,25390,1021133,893
grammatical_b8,1,5,-1.0,1,-1,-1,-1,-1
ND_LVL_3_4_NormalDist_Random-Synthetic__2_20_10000000_,0,2,286.4553163051605,0,53601,21561,25838,572
ND_LVL_3_4_NormalDist_Random-Synthetic__2_20_10000000_,0,3,-1.0,1,-1,-1,-1,-1
ND_LVL_3_4_NormalDist_Random-Synthetic__2_20_10000000_,0,5,-1.0,1,-1,-1,-1,-1
heart_va,3,2,0.0055887699127197266,0,63,40,28,22
heart_va,3,3,0.006689310073852539,0,115,69,48,34
heart_va,3,5,0.007215023040771484,0,133,78,55,37
volcanoes-b5,4,2,0.010348796844482422,0,61,57,20,20
volcanoes-b5,4,3,0.012066125869750977,0,125,90,37,37
volcanoes-b5,4,5,0.011739492416381836,0,125,90,37,37
wilt,w,2,0.012631893157958984,0,181,159,78,78
wilt,w,3,0.025637388229370117,0,701,503,308,199
wilt,w,5,0.041745901107788086,0,1365,711,663,253
ND_LVL_1_2_NormalDist_Random-Synthetic__2_5_100000_,0,2,0.10795331001281738,0,276,276,144,134
ND_LVL_1_2_NormalDist_Random-Synthetic__2_5_100000_,0,3,0.1753711700439453,0,1526,1314,775,287
ND_LVL_1_2_NormalDist_Random-Synthetic__2_5_100000_,0,5,0.36561131477355957,0,5431,2850,2822,352
ED_LVL_1_1_EqualDist_Random-Synthetic__2_5_10000_,0,2,0.020285844802856445,0,276,276,136,131
ED_LVL_1_1_EqualDist_Random-Synthetic__2_5_10000_,0,3,0.05161595344543457,0,1526,1526,782,302
ED_LVL_1_1_EqualDist_Random-Synthetic__2_5_10000_,0,5,0.19345831871032715,0,7601,4458,4210,394
mfeat-karhunen,8,2,0.699878454208374,0,32013,6883,13132,370
mfeat-karhunen,8,3,2.7527194023132324,0,130857,2846,104932,581
mfeat-karhunen,8,5,5.675171613693237,0,274065,2745,244189,779
I_LVL1_1_Interesting_Non-Random-Synthetic__2_2_40_,1,2,0.0037162303924560547,0,7,6,4,4
I_LVL1_1_Interesting_Non-Random-Synthetic__2_2_40_,1,3,0.004027843475341797,0,7,6,4,4
I_LVL1_1_Interesting_Non-Random-Synthetic__2_2_40_,1,5,0.003971099853515625,0,7,6,4,4
Iris_UCI_,Iris-virginica,2,0.006395578384399414,0,105,35,42,27
Iris_UCI_,Iris-virginica,3,0.007539272308349609,0,177,41,69,32
Iris_UCI_,Iris-virginica,5,0.007926225662231445,0,185,41,73,32
I_LVL1_4_Interesting_Non-Random-Synthetic__2_2_40000_,1,2,0.014597892761230469,0,7,6,4,4
I_LVL1_4_Interesting_Non-Random-Synthetic__2_2_40000_,1,3,0.013900518417358398,0,7,6,4,4
I_LVL1_4_Interesting_Non-Random-Synthetic__2_2_40000_,1,5,0.014084339141845703,0,7,6,4,4
thyroid_ann,2,2,0.06300234794616699,0,1219,963,471,257
thyroid_ann,2,3,0.34659814834594727,0,10843,6522,4535,602
thyroid_ann,2,5,6.677710294723511,0,227077,80572,114976,1060
seeds,2,2,0.009799003601074219,0,257,121,112,70
seeds,2,3,0.020093917846679688,0,801,208,373,144
seeds,2,5,0.02919626235961914,0,1281,247,607,186
hv_no_noise,0,2,1.3755512237548828,0,79601,20201,26667,420
hv_no_noise,0,3,43.531084060668945,0,2666801,667001,704898,505
hv_no_noise,0,5,-1.0,1,-1,-1,-1,-1
statlog_australian,1,2,0.03342628479003906,0,1328,786,587,271
statlog_australian,1,3,0.11814188957214355,0,5540,1621,2903,488
statlog_australian,1,5,0.33383893966674805,0,16499,2806,9827,863
hiv_schilling,1,2,0.20377850532531738,0,10321,1638,3159,365
hiv_schilling,1,3,1.238274335861206,0,76861,1616,15621,366
hiv_schilling,1,5,1.236633539199829,0,77081,1616,15672,366
heart-long-beach,4,2,0.01958179473876953,0,728,464,315,185
heart-long-beach,4,3,0.11591291427612305,0,6295,2144,2383,343
heart-long-beach,4,5,0.6295559406280518,0,35436,8310,12140,518
datatrieve,2,2,0.012461423873901367,0,399,137,137,86
datatrieve,2,3,0.025527238845825195,0,1141,281,370,169
datatrieve,2,5,0.04153847694396973,0,2089,443,686,245
jEdit_4.0_4.2,2,2,0.012552499771118164,0,368,276,181,139
jEdit_4.0_4.2,2,3,0.041695594787597656,0,1879,638,924,258
jEdit_4.0_4.2,2,5,0.08526611328125,0,4392,866,2058,391
ND_LVL_1_4_NormalDist_Random-Synthetic__2_5_10000000_,0,2,8.865396976470947,0,276,276,143,135
ND_LVL_1_4_NormalDist_Random-Synthetic__2_5_10000000_,0,3,15.637283325195312,0,1526,1209,787,297
ND_LVL_1_4_NormalDist_Random-Synthetic__2_5_10000000_,0,5,29.39774250984192,0,5036,2600,2572,367
pitt1_2,WOOD,2,0.0075953006744384766,0,170,45,63,27
pitt1_2,WOOD,3,0.01036381721496582,0,324,60,121,35
pitt1_2,WOOD,5,0.011129379272460938,0,368,61,137,35
backache,2,2,0.06781888008117676,0,3293,1757,1531,357
backache,2,3,0.7081284523010254,0,39038,17560,17751,595
backache,2,5,15.458613395690918,0,873516,357034,395600,1032
ND_LVL_3_1_NormalDist_Random-Synthetic__2_20_10000_,0,2,0.9650146961212158,0,44310,19653,18208,565
ND_LVL_3_1_NormalDist_Random-Synthetic__2_20_10000_,0,3,31.426562547683716,0,1665107,209170,615246,863
ND_LVL_3_1_NormalDist_Random-Synthetic__2_20_10000_,0,5,278.7669987678528,0,15590579,208874,5130500,870
ED_LVL_1_3_EqualDist_Random-Synthetic__2_5_1000000_,1,2,0.9047379493713379,0,276,276,134,130
ED_LVL_1_3_EqualDist_Random-Synthetic__2_5_1000000_,1,3,1.4536287784576416,0,1526,1526,766,277
ED_LVL_1_3_EqualDist_Random-Synthetic__2_5_1000000_,1,5,3.293306827545166,0,7776,4651,3909,367
thyroid_hypothyroid,hypothyroid,2,0.02268362045288086,0,507,348,189,166
thyroid_hypothyroid,hypothyroid,3,0.10037994384765625,0,3947,2439,1290,359
thyroid_hypothyroid,hypothyroid,5,1.534759759902954,0,72017,40086,21274,542
grammatical_a3,1,2,2.9222700595855713,0,150110,6206,100812,709
grammatical_a3,1,3,43.86720252037048,0,2356604,139480,1593968,1056
grammatical_a3,1,5,-1.0,1,-1,-1,-1,-1
crx,positive,2,0.036417245864868164,0,1483,861,633,290
crx,positive,3,0.14218378067016602,0,6868,1933,3413,507
crx,positive,5,0.38804197311401367,0,19104,2788,11561,800
GermanCredit_UCI_,2,2,0.07057547569274902,0,2664,1835,1353,237
GermanCredit_UCI_,2,3,0.5214118957519531,0,26233,9731,14192,388
GermanCredit_UCI_,2,5,2.5199825763702393,0,122317,38431,75186,712
pc1,2,2,0.06369280815124512,0,2749,1512,806,336
pc1,2,3,0.567946195602417,0,30209,10355,9516,575
pc1,2,5,8.561830759048462,0,474655,119869,151173,1282
mfeat-pixel,8,2,18.680485010147095,0,946418,28897,343892,1092
mfeat-pixel,8,3,113.16078567504883,0,5374137,263850,3473284,1892
mfeat-pixel,8,5,-1.0,1,-1,-1,-1,-1
hv_noise,0,2,1.4496657848358154,0,79601,20209,26173,476
hv_noise,0,3,46.202112436294556,0,2667473,667010,802364,855
hv_noise,0,5,-1.0,1,-1,-1,-1,-1
image,WINDOW,2,0.05829977989196777,0,2134,1004,835,317
image,WINDOW,3,0.2591574192047119,0,12073,2881,6002,605
image,WINDOW,5,1.50160813331604,0,75354,12079,43976,1054
ED_LVL_1_4_EqualDist_Random-Synthetic__2_5_10000000_,0,2,9.214761972427368,0,276,276,132,129
ED_LVL_1_4_EqualDist_Random-Synthetic__2_5_10000000_,0,3,15.949037313461304,0,1526,1526,747,312
ED_LVL_1_4_EqualDist_Random-Synthetic__2_5_10000000_,0,5,40.284969091415405,0,7776,4651,3885,427
polish_bankruptcy_4year,1,2,0.8638455867767334,0,32361,25940,12510,552
polish_bankruptcy_4year,1,3,38.43138837814331,0,1780025,548428,828262,1132
polish_bankruptcy_4year,1,5,-1.0,1,-1,-1,-1,-1
lung,3,2,0.11366701126098633,0,5896,1268,2542,238
lung,3,3,0.9160513877868652,0,52318,9241,20706,371
lung,3,5,7.453421115875244,0,432686,60496,178600,494
credit,+,2,0.03799867630004883,0,1483,829,640,287
credit,+,3,0.13385891914367676,0,6404,1723,3257,507
credit,+,5,0.3680582046508789,0,17941,2630,10970,897
lymphography,fibrosis,2,0.022664308547973633,0,870,209,330,151
lymphography,fibrosis,3,0.08812952041625977,0,4768,609,1537,228
lymphography,fibrosis,5,0.26482152938842773,0,15640,1096,4256,263
I_LVL0_Interesting_Non-Random-Synthetic__2_4_62500_,1,2,0.05767178535461426,0,156,152,109,103
I_LVL0_Interesting_Non-Random-Synthetic__2_4_62500_,1,3,0.07325601577758789,0,546,291,434,187
I_LVL0_Interesting_Non-Random-Synthetic__2_4_62500_,1,5,0.08494830131530762,0,796,416,684,255
ring,0,2,0.11653661727905273,0,3121,1875,1556,365
ring,0,3,1.1924262046813965,0,48437,5234,30508,717
ring,0,5,4.647965669631958,0,209337,10484,129587,1159
mc1,2,2,0.19967103004455566,0,4325,2472,1248,314
mc1,2,3,2.365290641784668,0,74300,31710,23426,775
mc1,2,5,130.45975160598755,0,5061055,1712327,1759070,1637
thyroid_allhyper,goitre.,2,0.04915022850036621,0,1469,924,550,279
thyroid_allhyper,goitre.,3,0.38845300674438477,0,15813,7378,6407,623
thyroid_allhyper,goitre.,5,11.222042560577393,0,497610,149708,226283,1036
mammographics,1,2,0.008904218673706055,0,183,118,94,66
mammographics,1,3,0.018485069274902344,0,672,269,305,135
mammographics,1,5,0.02365589141845703,0,921,291,443,148
dresses,1,2,0.1092681884765625,0,6894,828,1580,218
dresses,1,3,0.7922878265380859,0,55799,3116,9571,382
dresses,1,5,3.3443071842193604,0,244596,6023,32059,462
U_LVL1_0_Uninteresting_Non-Random-Synthetic__2_2_4_,0,2,0.0033473968505859375,0,1,0,0,0
U_LVL1_0_Uninteresting_Non-Random-Synthetic__2_2_4_,0,3,0.003503084182739258,0,1,0,0,0
U_LVL1_0_Uninteresting_Non-Random-Synthetic__2_2_4_,0,5,0.0033102035522460938,0,1,0,0,0
thyroid_new_thyroid,2,2,0.007262706756591797,0,149,59,43,31
thyroid_new_thyroid,2,3,0.010401248931884766,0,321,72,104,44
thyroid_new_thyroid,2,5,0.010805368423461914,0,349,78,115,50
Balance_UCI_,R,2,0.008038759231567383,0,171,165,75,75
Balance_UCI_,R,3,0.017281532287597656,0,651,165,307,75
Balance_UCI_,R,5,0.01730966567993164,0,651,165,307,75
vert2,NO,2,0.01003122329711914,0,265,196,128,115
vert2,NO,3,0.0277252197265625,0,1217,320,539,176
vert2,NO,5,0.03703737258911133,0,1769,341,765,187
U_LVL3_1_Uninteresting_Non-Random-Synthetic__2_7_8235430_,0,2,14.906400203704834,0,1079,1079,0,0
U_LVL3_1_Uninteresting_Non-Random-Synthetic__2_7_8235430_,0,3,64.4325680732727,0,13084,13084,0,0
U_LVL3_1_Uninteresting_Non-Random-Synthetic__2_7_8235430_,0,5,326.900527715683,0,97119,13084,0,0
rmftsa_sleepdata,3,2,0.004763603210449219,0,25,22,7,7
rmftsa_sleepdata,3,3,0.004714488983154297,0,25,22,7,7
rmftsa_sleepdata,3,5,0.00493621826171875,0,25,22,7,7
thoracic-surgery,1,2,0.025208473205566406,0,885,624,463,228
thoracic-surgery,1,3,0.16234707832336426,0,8166,4612,3769,354
thoracic-surgery,1,5,2.366605758666992,0,127461,54320,50830,472
kc3,2,2,0.1297452449798584,0,6601,2842,2650,352
kc3,2,3,1.8541765213012695,0,105995,35897,48335,702
kc3,2,5,105.73535346984863,0,6308184,1605616,2716897,1532
tae,2,2,0.006491661071777344,0,111,70,49,33
tae,2,3,0.009877204895019531,0,281,124,119,58
tae,2,5,0.012735366821289062,0,411,138,177,65
leaf,32,2,0.03352952003479004,0,1457,441,547,239
leaf,32,3,0.1361086368560791,0,7482,1611,2758,326
leaf,32,5,0.44316911697387695,0,25616,3621,10122,439
australian,1,2,0.024235010147094727,0,821,707,387,252
australian,1,3,0.10901474952697754,0,5123,1822,2860,496
australian,1,5,0.3599681854248047,0,17327,2995,11235,842
dermatology,4,2,0.08676362037658691,0,4549,1511,1380,397
dermatology,4,3,0.7725043296813965,0,43632,10106,16418,837
dermatology,4,5,14.707332372665405,0,844567,144613,393881,1717
Heart_Statlog__UCI_,2,2,0.02137613296508789,0,758,591,379,220
Heart_Statlog__UCI_,2,3,0.08185338973999023,0,3819,1128,2360,419
Heart_Statlog__UCI_,2,5,0.20435285568237305,0,10046,1470,7406,564
Census-Income_KDD__UCI_,50000+,2,10.639360904693604,0,82059,3331,21185,532
Census-Income_KDD__UCI_,50000+,3,42.845502614974976,0,353206,18138,128319,868
Census-Income_KDD__UCI_,50000+,5,723.8892481327057,0,6420210,413585,2306307,2308
japanese,+,2,0.036318302154541016,0,1483,829,640,287
japanese,+,3,0.13275456428527832,0,6404,1723,3257,507
japanese,+,5,0.3705172538757324,0,17941,2630,10970,897
heart_hungarian,1,2,0.0052912235260009766,0,65,52,28,22
heart_hungarian,1,3,0.007384538650512695,0,145,90,62,39
heart_hungarian,1,5,0.007853269577026367,0,161,100,73,46
I_LVL2_2_Interesting_Non-Random-Synthetic__2_5_312500_,1,2,0.3210439682006836,0,256,252,182,131
I_LVL2_2_Interesting_Non-Random-Synthetic__2_5_312500_,1,3,0.43739843368530273,0,1311,686,990,274
I_LVL2_2_Interesting_Non-Random-Synthetic__2_5_312500_,1,5,0.6382195949554443,0,3196,960,2779,304
forest,h ,2,0.10688066482543945,0,5217,833,2171,283
forest,h ,3,0.33215761184692383,0,16641,1018,11030,404
forest,h ,5,1.5896897315979004,0,90585,6469,34045,506
robot5,bottom_collision,2,0.01429438591003418,0,317,291,140,132
robot5,bottom_collision,3,0.0399022102355957,0,1501,761,830,325
robot5,bottom_collision,5,0.10887575149536133,0,4789,1321,2649,519
pen,6,2,0.08184528350830078,0,1518,702,446,247
pen,6,3,0.19568419456481934,0,5668,1414,2597,544
pen,6,5,0.39270591735839844,0,13823,2008,7925,1079
U_LVL3_0_Uninteresting_Non-Random-Synthetic__2_7_823543_,0,2,0.7991626262664795,0,1,0,0,0
U_LVL3_0_Uninteresting_Non-Random-Synthetic__2_7_823543_,0,3,0.785407543182373,0,1,0,0,0
U_LVL3_0_Uninteresting_Non-Random-Synthetic__2_7_823543_,0,5,0.7892401218414307,0,1,0,0,0
robot3,slightly_moved,2,0.012775897979736328,0,341,327,167,146
robot3,slightly_moved,3,0.04778242111206055,0,2209,944,1033,183
robot3,slightly_moved,5,0.10546112060546875,0,5281,1160,2544,210
DefaultofCreditCard,1,2,0.39745545387268066,0,6599,2815,3177,351
DefaultofCreditCard,1,3,3.1851532459259033,0,82330,19429,38653,629
DefaultofCreditCard,1,5,46.162402868270874,0,1379640,159597,660338,956
zoo,7,2,0.014184236526489258,0,433,220,224,131
zoo,7,3,0.0455784797668457,0,2089,751,1225,295
zoo,7,5,0.16986680030822754,0,8223,2118,5924,429
breast_tissue,gla,2,0.013261079788208008,0,473,93,159,53
breast_tissue,gla,3,0.022426128387451172,0,1025,160,338,106
breast_tissue,gla,5,0.028638839721679688,0,1397,221,507,144
flare, B,2,0.014805793762207031,0,444,171,90,84
flare, B,3,0.03960061073303223,0,1800,452,377,131
flare, B,5,0.08294963836669922,0,4594,952,687,304
banana,1,2,0.005984783172607422,0,25,25,13,13
banana,1,3,0.0062503814697265625,0,25,25,13,13
banana,1,5,0.006276369094848633,0,25,25,13,13
polish_bankruptcy_2year,1,2,0.8200886249542236,0,32140,27522,13182,553
polish_bankruptcy_2year,1,3,35.837260246276855,0,1715976,586414,793741,1147
polish_bankruptcy_2year,1,5,-1.0,1,-1,-1,-1,-1
polish_bankruptcy_3year,1,2,0.8753583431243896,0,32260,29136,13845,601
polish_bankruptcy_3year,1,3,42.646392822265625,0,1973553,802834,911879,1126
polish_bankruptcy_3year,1,5,-1.0,1,-1,-1,-1,-1
qualitative,B,2,0.0075681209564208984,0,151,96,60,52
qualitative,B,3,0.014099359512329102,0,466,184,208,127
qualitative,B,5,0.01871013641357422,0,670,230,378,178
mfeat-morphological,8,2,0.009371280670166016,0,172,102,42,39
mfeat-morphological,8,3,0.016485929489135742,0,510,242,121,110
mfeat-morphological,8,5,0.019854307174682617,0,642,283,234,172
fourclass,1,2,0.004698038101196289,0,25,20,12,12
fourclass,1,3,0.0046346187591552734,0,25,20,12,12
fourclass,1,5,0.00476527214050293,0,25,20,12,12
liver,1,2,0.01030874252319336,0,265,247,131,122
liver,1,3,0.034349679946899414,0,1497,414,719,165
liver,1,5,0.04223990440368652,0,1953,425,883,169
badges2,1,2,0.013535261154174805,0,404,283,189,145
badges2,1,3,0.046843528747558594,0,2188,812,971,273
badges2,1,5,0.09415864944458008,0,4880,1205,1850,441
kc1-binary,1,2,0.6498496532440186,0,35618,5602,18909,422
kc1-binary,1,3,8.700514793395996,0,493838,47910,303532,632
kc1-binary,1,5,259.49088430404663,0,14851387,670200,9263023,843
tao,black,2,0.004796266555786133,0,25,23,12,12
tao,black,3,0.004864215850830078,0,25,23,12,12
tao,black,5,0.005059957504272461,0,25,23,12,12
ND_LVL_2_4_NormalDist_Random-Synthetic__2_10_10000000_,0,2,42.25763559341431,0,4601,2801,2327,362
ND_LVL_2_4_NormalDist_Random-Synthetic__2_10_10000000_,0,3,324.5521059036255,0,76601,27761,38419,603
ND_LVL_2_4_NormalDist_Random-Synthetic__2_10_10000000_,0,5,-1.0,1,-1,-1,-1,-1
breast_cancer_wis_pro2,R,2,0.2007298469543457,0,10903,5051,4385,370
breast_cancer_wis_pro2,R,3,4.131754398345947,0,260651,9864,97100,415
breast_cancer_wis_pro2,R,5,8.4358491897583,0,526229,13145,208080,490
soybean_small,D3,2,0.02168560028076172,0,837,262,361,168
soybean_small,D3,3,0.06599044799804688,0,3347,867,1603,340
soybean_small,D3,5,0.14136147499084473,0,7218,1674,3687,447
U_LVL1_3_Uninteresting_Non-Random-Synthetic__2_2_4000_,0,2,0.0047948360443115234,0,9,9,0,0
U_LVL1_3_Uninteresting_Non-Random-Synthetic__2_2_4000_,0,3,0.004950761795043945,0,9,9,0,0
U_LVL1_3_Uninteresting_Non-Random-Synthetic__2_2_4000_,0,5,0.004957675933837891,0,9,9,0,0
semeion,8,2,3.1520273685455322,0,129655,89172,56836,807
semeion,8,3,189.96995377540588,0,7997597,3079875,5310775,1408
semeion,8,5,-1.0,1,-1,-1,-1,-1
ED_LVL_3_0_EqualDist_Random-Synthetic__2_20_1000_,0,2,1.3470463752746582,0,76401,425,41287,176
ED_LVL_3_0_EqualDist_Random-Synthetic__2_20_1000_,0,3,1.3984792232513428,0,79501,425,42019,176
ED_LVL_3_0_EqualDist_Random-Synthetic__2_20_1000_,0,5,1.391852617263794,0,79501,425,42019,176
molecular_splice,IE,2,0.7579224109649658,0,35492,14798,13134,581
molecular_splice,IE,3,13.682412147521973,0,705693,27401,412776,1032
molecular_splice,IE,5,41.125699281692505,0,2126928,21272,1538127,1759
audiology_std,cochlear_noise_and_heredity,2,0.0805504322052002,0,3966,1831,1894,234
audiology_std,cochlear_noise_and_heredity,3,1.367642879486084,0,79944,36051,37573,391
audiology_std,cochlear_noise_and_heredity,5,238.3982367515564,0,13845630,5985197,6327901,874
automobile,-1,2,0.06256413459777832,0,3186,903,1195,283
automobile,-1,3,0.35432863235473633,0,20640,3234,9231,416
automobile,-1,5,2.379408597946167,0,145786,12566,66311,799
volcanoes-d2,3,2,0.009268045425415039,0,61,56,17,17
volcanoes-d2,3,3,0.011014699935913086,0,125,87,36,36
volcanoes-d2,3,5,0.011859655380249023,0,125,87,36,36
grammatical_a2,1,2,2.6030142307281494,0,124414,5233,87689,748
grammatical_a2,1,3,43.335850954055786,0,2207882,130102,1678612,1405
grammatical_a2,1,5,-1.0,1,-1,-1,-1,-1
U_LVL2_3_Uninteresting_Non-Random-Synthetic__2_5_3125000_,0,2,2.8928585052490234,0,276,276,0,0
U_LVL2_3_Uninteresting_Non-Random-Synthetic__2_5_3125000_,0,3,4.891093730926514,0,1526,1526,0,0
U_LVL2_3_Uninteresting_Non-Random-Synthetic__2_5_3125000_,0,5,12.228599071502686,0,7776,4651,0,0
analcatdata_authorship,4,2,0.6890246868133545,0,34932,3985,14289,626
analcatdata_authorship,4,3,3.082883596420288,0,158654,7250,92543,1153
analcatdata_authorship,4,5,10.327974796295166,0,541741,9432,369249,1906
I_LVL3_1_Interesting_Non-Random-Synthetic__2_7_8235430_,1,2,14.363479614257812,0,995,991,811,141
I_LVL3_1_Interesting_Non-Random-Synthetic__2_7_8235430_,1,3,57.28022813796997,0,11460,1026,9658,188
I_LVL3_1_Interesting_Non-Random-Synthetic__2_7_8235430_,1,5,58.84664440155029,0,11950,1026,10148,188
EqualDist_Random-Synthetic__2_7_8520_,0,2,0.030297517776489258,0,494,494,244,189
EqualDist_Random-Synthetic__2_7_8520_,0,3,0.11320948600769043,0,4000,4000,1973,385
EqualDist_Random-Synthetic__2_7_8520_,0,5,1.134366750717163,0,50586,16717,28480,544
cmc,3,2,0.016550540924072266,0,427,389,195,160
cmc,3,3,0.06965422630310059,0,2985,2045,1336,288
cmc,3,5,0.3723318576812744,0,17867,7142,8621,501
Adult_UCI_,>50K,2,0.19580960273742676,0,3540,674,986,228
Adult_UCI_,>50K,3,0.5850305557250977,0,17728,1439,5200,429
Adult_UCI_,>50K,5,1.2397351264953613,0,43282,2027,12415,646
I_LVL1_2_Interesting_Non-Random-Synthetic__2_2_400_,1,2,0.0039865970611572266,0,7,6,4,4
I_LVL1_2_Interesting_Non-Random-Synthetic__2_2_400_,1,3,0.00400543212890625,0,7,6,4,4
I_LVL1_2_Interesting_Non-Random-Synthetic__2_2_400_,1,5,0.004041910171508789,0,7,6,4,4
monks1,0,2,0.0076296329498291016,0,135,120,80,80
monks1,0,3,0.01658177375793457,0,519,462,363,206
monks1,0,5,0.03555774688720703,0,1373,727,1074,220
ND_LVL_3_0_NormalDist_Random-Synthetic__2_20_1000_,0,2,0.5019514560699463,0,28514,7214,11594,460
ND_LVL_3_0_NormalDist_Random-Synthetic__2_20_1000_,0,3,9.929965734481812,0,639460,8120,200248,467
ND_LVL_3_0_NormalDist_Random-Synthetic__2_20_1000_,0,5,10.954674243927002,0,700993,8120,216433,467
grammatical_a1,1,2,4.54727578163147,0,226293,10430,143984,689
grammatical_a1,1,3,79.504718542099,0,4143852,320756,3064780,1084
grammatical_a1,1,5,-1.0,1,-1,-1,-1,-1
mfeat-zernike,8,2,0.3903205394744873,0,17485,12116,7357,516
mfeat-zernike,8,3,11.267311811447144,0,574749,91691,321060,741
mfeat-zernike,8,5,178.5344786643982,0,9263617,521615,6513539,1066
twonorm,1,2,0.11698079109191895,0,3121,1026,1538,333
twonorm,1,3,0.6529583930969238,0,25985,1211,20904,452
twonorm,1,5,0.8521523475646973,0,34589,1214,29496,455
auto7_1,class3,2,0.023349761962890625,0,734,734,382,242
auto7_1,class3,3,0.17446494102478027,0,8148,6990,4034,495
auto7_1,class3,5,2.076160430908203,0,105238,19748,58811,544
grammatical_b4,1,2,8.34947156906128,0,410751,14143,252339,744
grammatical_b4,1,3,89.07629084587097,0,4611330,322542,3303963,1346
grammatical_b4,1,5,-1.0,1,-1,-1,-1,-1
wave2,2,2,0.35462236404418945,0,12641,3698,6245,487
wave2,2,3,4.349793195724487,0,193413,9044,158880,844
wave2,2,5,20.430488348007202,0,943961,13620,894423,1042
volcanoes-d1,3,2,0.009348154067993164,0,61,57,15,15
volcanoes-d1,3,3,0.011626482009887695,0,125,90,35,35
volcanoes-d1,3,5,0.011513948440551758,0,125,90,35,35
mfeat-fourier,8,2,0.9965205192565918,0,45905,26244,20436,509
mfeat-fourier,8,3,22.232832431793213,0,1097465,105813,754286,911
mfeat-fourier,8,5,228.8650221824646,0,12153813,270825,7023267,1481
breast,recurrence-events,2,0.015079975128173828,0,510,275,246,131
breast,recurrence-events,3,0.04865765571594238,0,2298,896,1076,255
breast,recurrence-events,5,0.12942242622375488,0,6731,1912,2697,306
I_LVL2_3_Interesting_Non-Random-Synthetic__2_5_3125000_,1,2,2.8243346214294434,0,256,252,182,148
I_LVL2_3_Interesting_Non-Random-Synthetic__2_5_3125000_,1,3,4.491687059402466,0,1301,326,990,118
I_LVL2_3_Interesting_Non-Random-Synthetic__2_5_3125000_,1,5,5.097927808761597,0,1801,386,1490,179
U_LVL2_4_Uninteresting_Non-Random-Synthetic__2_5_31250000_,1,2,28.689620971679688,0,276,276,0,0
U_LVL2_4_Uninteresting_Non-Random-Synthetic__2_5_31250000_,1,3,51.012569189071655,0,1526,1526,0,0
U_LVL2_4_Uninteresting_Non-Random-Synthetic__2_5_31250000_,1,5,134.83580589294434,0,7776,4651,0,0
horse_colic_outcome,2,2,0.005732059478759766,0,1,0,0,0
horse_colic_outcome,2,3,0.00554966926574707,0,1,0,0,0
horse_colic_outcome,2,5,0.005659818649291992,0,1,0,0,0
ND_LVL_2_0_NormalDist_Random-Synthetic__2_10_1000_,1,2,0.07258439064025879,0,3644,1431,1675,300
ND_LVL_2_0_NormalDist_Random-Synthetic__2_10_1000_,1,3,0.6488451957702637,0,38677,4246,14305,399
ND_LVL_2_0_NormalDist_Random-Synthetic__2_10_1000_,1,5,1.411780595779419,0,87387,4255,29377,401
wall4,Slight-Right-Turn,2,0.00823664665222168,0,77,60,33,33
wall4,Slight-Right-Turn,3,0.01095271110534668,0,165,121,78,75
wall4,Slight-Right-Turn,5,0.011831521987915039,0,209,139,100,90
hayes,2,2,0.005808591842651367,0,88,49,35,29
hayes,2,3,0.0077168941497802734,0,192,65,81,44
hayes,2,5,0.008076190948486328,0,208,65,87,44
analcatdata_germangss,4,2,0.007193326950073242,0,144,135,27,25
analcatdata_germangss,4,3,0.015155792236328125,0,560,270,142,71
analcatdata_germangss,4,5,0.018035888671875,0,720,287,204,77
thyroid_allhypo,primary hypothyroid.,2,0.050313711166381836,0,1560,927,556,289
thyroid_allhypo,primary hypothyroid.,3,0.38904619216918945,0,16037,7581,6008,723
thyroid_allhypo,primary hypothyroid.,5,11.35484004020691,0,495725,174555,209957,1783
user,High,2,0.007837533950805664,0,181,148,73,71
user,High,3,0.01930522918701172,0,805,150,338,71
user,High,5,0.019022226333618164,0,805,150,338,71
thyroid_dis,discordant.,2,0.050436973571777344,0,1530,1164,578,300
thyroid_dis,discordant.,3,0.485501766204834,0,20586,12583,7636,751
thyroid_dis,discordant.,5,20.463988065719604,0,921209,395117,372144,1628
synthetic_control,4,2,0.39980006217956543,0,20833,3243,7895,855
synthetic_control,4,3,3.0356686115264893,0,174109,18510,78469,2048
synthetic_control,4,5,8.192579746246338,0,482309,38616,217158,3462
titanic,1,2,0.005226612091064453,0,29,27,17,16
titanic,1,3,0.005637168884277344,0,41,39,25,24
titanic,1,5,0.005666971206665039,0,41,39,25,24
secom,1,2,0.4214036464691162,0,19019,18685,8999,627
secom,1,3,22.463913917541504,0,1167946,628073,526507,1123
secom,1,5,-1.0,1,-1,-1,-1,-1
wine,1,2,0.02673816680908203,0,1121,415,540,224
wine,1,3,0.06543970108032227,0,3301,294,1936,227
wine,1,5,0.07365798950195312,0,3821,289,2272,235
thyroid_allrep,overreplacement.,2,0.04562711715698242,0,1359,741,575,299
thyroid_allrep,overreplacement.,3,0.36817359924316406,0,15336,7207,6542,667
thyroid_allrep,overreplacement.,5,11.232286930084229,0,502668,172909,234116,1341
post,S,2,0.008615493774414062,0,228,113,99,51
post,S,3,0.019819259643554688,0,846,274,329,124
post,S,5,0.039084434509277344,0,1905,458,718,176
human,1,2,44.281285762786865,0,1498697,53688,827171,951
human,1,3,576.800882101059,0,22964874,462324,14266589,1355
human,1,5,-1.0,1,-1,-1,-1,-1
connectionist_sonar,R,2,0.5278286933898926,0,28561,3640,13968,562
connectionist_sonar,R,3,3.6309120655059814,0,204257,2866,136924,695
connectionist_sonar,R,5,6.495357990264893,0,370429,3103,243416,721
hiv_746,-1,2,0.16541743278503418,0,9841,385,4395,118
hiv_746,-1,3,0.30501413345336914,0,19701,610,5391,120
hiv_746,-1,5,0.4177086353302002,0,28361,969,5614,120
madelon,1,2,45.522099018096924,0,1989542,1972542,960333,1126
madelon,1,3,-1.0,1,-1,-1,-1,-1
madelon,1,5,-1.0,1,-1,-1,-1,-1
NormalDist_Random-Synthetic__2_14_7418_,0,2,0.06978011131286621,0,1770,1728,892,325
NormalDist_Random-Synthetic__2_14_7418_,0,3,0.704110860824585,0,29974,23691,15536,608
NormalDist_Random-Synthetic__2_14_7418_,0,5,22.704482078552246,0,1079166,332835,581448,876
led,2,2,0.00648951530456543,0,99,91,40,40
led,2,3,0.012490987777709961,0,353,286,146,130
led,2,5,0.025115013122558594,0,935,523,462,220
ND_LVL_1_0_NormalDist_Random-Synthetic__2_5_1000_,1,2,0.010869264602661133,0,276,234,131,110
ND_LVL_1_0_NormalDist_Random-Synthetic__2_5_1000_,1,3,0.03143572807312012,0,1311,539,647,194
ND_LVL_1_0_NormalDist_Random-Synthetic__2_5_1000_,1,5,0.04939723014831543,0,2201,646,1098,205
auto4,class1,2,1.6698353290557861,0,74847,74297,37080,855
auto4,class1,3,180.35900020599365,0,9083391,1216577,4554747,1157
auto4,class1,5,-1.0,1,-1,-1,-1,-1
Tic-Tac-ToeEndgame_UCI_,negative,2,0.013825654983520508,0,352,352,151,142
Tic-Tac-ToeEndgame_UCI_,negative,3,0.06037116050720215,0,2590,1952,1128,333
Tic-Tac-ToeEndgame_UCI_,negative,5,0.25097012519836426,0,11743,2982,6665,496
Covertype,7,2,5.150491952896118,0,6841,3967,2425,323
Covertype,7,3,53.45786762237549,0,128405,66943,51470,855
Covertype,7,5,-1.0,1,-1,-1,-1,-1
pc4,2,2,0.17360281944274902,0,7282,4027,3117,419
pc4,2,3,2.493241548538208,0,124197,32598,61560,670
pc4,2,5,64.66030406951904,0,3477721,587445,1840967,1502
ED_LVL_3_4_EqualDist_Random-Synthetic__2_20_10000000_,0,2,418.5687026977539,0,76401,76401,38113,718
ED_LVL_3_4_EqualDist_Random-Synthetic__2_20_10000000_,0,3,-1.0,1,-1,-1,-1,-1
ED_LVL_3_4_EqualDist_Random-Synthetic__2_20_10000000_,0,5,-1.0,1,-1,-1,-1,-1
firm,1,2,0.05400490760803223,0,719,627,353,230
firm,1,3,0.33103060722351074,0,8275,6656,3864,534
firm,1,5,1.1535427570343018,0,39479,17163,18738,1170
ND_LVL_2_2_NormalDist_Random-Synthetic__2_10_100000_,0,2,0.4663424491882324,0,4601,2796,2402,356
ND_LVL_2_2_NormalDist_Random-Synthetic__2_10_100000_,0,3,3.6277904510498047,0,76431,27038,38433,602
ND_LVL_2_2_NormalDist_Random-Synthetic__2_10_100000_,0,5,49.3946578502655,0,1184801,85734,562560,732
ND_LVL_3_2_NormalDist_Random-Synthetic__2_20_100000_,1,2,3.151961088180542,0,49130,21041,22035,548
ND_LVL_3_2_NormalDist_Random-Synthetic__2_20_100000_,1,3,101.94923639297485,0,2331984,367825,939289,857
ND_LVL_3_2_NormalDist_Random-Synthetic__2_20_100000_,1,5,-1.0,1,-1,-1,-1,-1
Stroke_Kaggle_,1,2,0.024518966674804688,0,445,394,218,159
Stroke_Kaggle_,1,3,0.08882617950439453,0,3025,2316,1599,326
Stroke_Kaggle_,1,5,0.7049050331115723,0,29957,13451,17751,487
spambase,1,2,0.2057335376739502,0,6546,3348,3675,753
spambase,1,3,1.8473045825958252,0,61489,33317,27068,607
spambase,1,5,267.72658371925354,0,8880404,3736873,4220874,947
echocardio,1,2,0.013883829116821289,0,486,69,244,33
echocardio,1,3,0.022037744522094727,0,923,75,460,34
echocardio,1,5,0.022324323654174805,0,958,75,484,34
phoneme,1,2,0.013184785842895508,0,181,175,84,84
phoneme,1,3,0.026957988739013672,0,745,512,354,207
phoneme,1,5,0.04680991172790527,0,1581,751,797,301
texture,14,2,0.3297240734100342,0,12389,4316,4638,571
texture,14,3,2.610337734222412,0,115409,12797,63184,1052
texture,14,5,11.804925441741943,0,560593,38707,314349,2477
statlog_is,7,2,0.055417776107788086,0,2003,687,650,311
statlog_is,7,3,0.15422844886779785,0,6847,1193,2778,636
statlog_is,7,5,0.253948450088501,0,11991,1277,5502,1025
banknote,1,2,0.007131814956665039,0,101,86,56,53
banknote,1,3,0.01104283332824707,0,265,173,140,118
banknote,1,5,0.012123584747314453,0,325,187,175,133
NormalDist_Random-Synthetic__2_6_5132_,1,2,0.012017965316772461,0,132,132,71,71
NormalDist_Random-Synthetic__2_6_5132_,1,3,0.023225069046020508,0,524,524,278,207
NormalDist_Random-Synthetic__2_6_5132_,1,5,0.05961489677429199,0,1980,1754,1074,341
ilpd,2,2,0.020326852798461914,0,687,619,348,222
ilpd,2,3,0.12337183952331543,0,5891,2447,3091,396
ilpd,2,5,0.5177860260009766,0,26243,4214,14639,410
EqualDist_Random-Synthetic__2_7_7307_,0,2,0.021722078323364258,0,325,325,168,148
EqualDist_Random-Synthetic__2_7_7307_,0,3,0.06619405746459961,0,2050,2050,1055,364
EqualDist_Random-Synthetic__2_7_7307_,0,5,0.4534265995025635,0,18570,13366,9808,585
ND_LVL_1_3_NormalDist_Random-Synthetic__2_5_1000000_,1,2,0.9169290065765381,0,276,276,132,126
ND_LVL_1_3_NormalDist_Random-Synthetic__2_5_1000000_,1,3,1.4448213577270508,0,1526,1274,743,282
ND_LVL_1_3_NormalDist_Random-Synthetic__2_5_1000000_,1,5,2.63218092918396,0,5261,2745,2581,373
satimage,5,2,0.27347540855407715,0,9993,1681,3233,444
satimage,5,3,1.502793550491333,0,63993,15268,33048,1295
satimage,5,5,34.8449912071228,0,1640197,190638,938956,3141
turkiye,11,2,0.3087496757507324,0,11479,9554,4926,441
turkiye,11,3,8.606633424758911,0,418279,132025,161119,681
turkiye,11,5,364.666255235672,0,18817034,3139134,6127200,1149
I_LVL3_0_Interesting_Non-Random-Synthetic__2_7_823543_,1,2,1.3723249435424805,0,911,903,377,139
I_LVL3_0_Interesting_Non-Random-Synthetic__2_7_823543_,1,3,3.9464547634124756,0,9836,938,4494,191
I_LVL3_0_Interesting_Non-Random-Synthetic__2_7_823543_,1,5,4.10453462600708,0,10326,938,4984,191
auto2, class2,2,11.975645303726196,0,303676,303676,151921,945
auto2, class2,3,-1.0,1,-1,-1,-1,-1
auto2, class2,5,-1.0,1,-1,-1,-1,-1
oil_spill,2,2,0.35096073150634766,0,17439,10429,7016,404
oil_spill,2,3,4.47062873840332,0,237881,31819,131396,727
oil_spill,2,5,23.71368384361267,0,1249833,93911,762073,976
DryBeans,HOROZ,2,0.09228754043579102,0,1821,592,507,263
DryBeans,HOROZ,3,0.19911861419677734,0,6149,1375,2202,611
DryBeans,HOROZ,5,0.7459275722503662,0,30257,5296,11714,1443
spectf_heart,0,2,0.2881736755371094,0,15213,8496,7395,571
spectf_heart,0,3,7.582050561904907,0,428537,15468,238790,672
spectf_heart,0,5,15.109622716903687,0,862509,17902,461365,696
I_LVL2_4_Interesting_Non-Random-Synthetic__2_5_31250000_,1,2,28.160813093185425,0,256,252,182,131
I_LVL2_4_Interesting_Non-Random-Synthetic__2_5_31250000_,1,3,46.848464488983154,0,1311,401,990,127
I_LVL2_4_Interesting_Non-Random-Synthetic__2_5_31250000_,1,5,54.614534854888916,0,1941,484,1522,228
planning,2,2,0.026837587356567383,0,1105,780,494,219
planning,2,3,0.1966109275817871,0,10845,1047,4491,249
planning,2,5,0.2507634162902832,0,13885,1085,5821,251
I_LVL1_3_Interesting_Non-Random-Synthetic__2_2_4000_,1,2,0.004927158355712891,0,7,6,4,4
I_LVL1_3_Interesting_Non-Random-Synthetic__2_2_4000_,1,3,0.004897594451904297,0,7,6,4,4
I_LVL1_3_Interesting_Non-Random-Synthetic__2_2_4000_,1,5,0.004990100860595703,0,7,6,4,4
trains,west,2,0.0077686309814453125,0,81,1,32,0
trains,west,3,0.007819652557373047,0,81,1,32,0
trains,west,5,0.007904767990112305,0,81,1,32,0
ED_LVL_3_1_EqualDist_Random-Synthetic__2_20_10000_,0,2,1.7674248218536377,0,76401,71217,40530,668
ED_LVL_3_1_EqualDist_Random-Synthetic__2_20_10000_,0,3,167.16083884239197,0,8710861,71218,3724393,668
ED_LVL_3_1_EqualDist_Random-Synthetic__2_20_10000_,0,5,168.35227751731873,0,8710961,71218,3724422,668
appendicitis,1,2,0.011163473129272461,0,345,81,105,34
appendicitis,1,3,0.017061710357666016,0,669,119,207,64
appendicitis,1,5,0.019591808319091797,0,809,140,259,84
mc2,2,2,0.18021392822265625,0,9678,2560,3916,392
mc2,2,3,1.3902332782745361,0,81028,10154,36181,701
mc2,2,5,18.688916444778442,0,1146496,180154,535938,1203
breast_cancer_wis_ori,M,2,0.14607024192810059,0,7053,483,2887,338
breast_cancer_wis_ori,M,3,0.26751708984375,0,13557,494,8122,445
breast_cancer_wis_ori,M,5,0.46714186668395996,0,23409,715,16061,658
urban,shadow ,2,3.0031280517578125,0,149509,6971,64970,680
urban,shadow ,3,11.298739910125732,0,572013,17736,376186,1245
urban,shadow ,5,280.006716966629,0,14255017,560431,11390011,1968
parkinsons,0,2,0.07465887069702148,0,3737,957,1462,303
parkinsons,0,3,0.25889015197753906,0,14733,1307,6819,375
parkinsons,0,5,0.6159861087799072,0,36237,1937,16451,500
haberman,2,2,0.0055713653564453125,0,52,50,29,28
haberman,2,3,0.0065000057220458984,0,100,57,53,29
haberman,2,5,0.0064280033111572266,0,100,57,53,29
pitt1_3,LONG,2,0.009446144104003906,0,239,68,102,37
pitt1_3,LONG,3,0.012435674667358398,0,412,95,182,50
pitt1_3,LONG,5,0.012883663177490234,0,446,97,193,51
NormalDist_Random-Synthetic__2_8_5616_,0,2,0.03371620178222656,0,666,646,315,213
NormalDist_Random-Synthetic__2_8_5616_,0,3,0.15003752708435059,0,6207,4906,3082,448
NormalDist_Random-Synthetic__2_8_5616_,0,5,1.291707992553711,0,61025,21158,32747,656
musk,2,2,5.882268667221069,0,226449,20362,96987,818
musk,2,3,38.284032583236694,0,1637472,43733,1135728,1119
musk,2,5,484.93587017059326,0,21825479,494840,15645320,1740
car,good,2,0.009301185607910156,0,139,105,101,101
car,good,3,0.01827406883239746,0,508,366,360,205
car,good,5,0.03883671760559082,0,1486,671,865,271
libras,4,2,0.8865947723388672,0,50305,4954,18106,647
libras,4,3,4.49005126953125,0,254709,17079,150276,1077
libras,4,5,170.76612758636475,0,9848985,444111,6471720,1578
monks2,1,2,0.008032798767089844,0,137,137,91,91
monks2,1,3,0.01833486557006836,0,576,556,321,216
monks2,1,5,0.04300355911254883,0,1729,891,996,284
onehund_tex,Acer Capillipes,2,0.259136438369751,0,11771,6674,4890,412
onehund_tex,Acer Capillipes,3,3.814831018447876,0,190989,63950,109540,771
onehund_tex,Acer Capillipes,5,116.76921892166138,0,5913344,1033107,3889032,1517
grammatical_b3,0,2,3.714482307434082,0,190905,3971,123473,644
grammatical_b3,0,3,33.20705056190491,0,1792315,88932,1199602,962
grammatical_b3,0,5,-1.0,1,-1,-1,-1,-1
volcanoes-a4,5,2,0.006094932556152344,0,61,47,18,18
volcanoes-a4,5,3,0.00752711296081543,0,117,66,37,37
volcanoes-a4,5,5,0.007439136505126953,0,117,66,37,37
chronic_kidney_disease,ckd,2,0.05016636848449707,0,2395,495,1118,278
chronic_kidney_disease,ckd,3,0.134596586227417,0,6985,908,3920,532
chronic_kidney_disease,ckd,5,0.44989848136901855,0,25226,3263,12741,873
PopularKids,2,2,0.018483638763427734,0,671,496,294,184
PopularKids,2,3,0.09486103057861328,0,5002,2210,2010,351
PopularKids,2,5,0.4918243885040283,0,28161,6037,11006,494
ED_LVL_2_2_EqualDist_Random-Synthetic__2_10_100000_,1,2,0.4869506359100342,0,4601,4601,2350,396
ED_LVL_2_2_EqualDist_Random-Synthetic__2_10_100000_,1,3,5.689461946487427,0,124601,66237,64694,654
ED_LVL_2_2_EqualDist_Random-Synthetic__2_10_100000_,1,5,49.703187227249146,0,1204801,66237,671440,654
yeast,ME1,2,0.010644674301147461,0,198,133,78,78
yeast,ME1,3,0.022615671157836914,0,750,446,357,195
yeast,ME1,5,0.045285940170288086,0,1808,721,1215,276
auto8,class9,2,124.91024994850159,0,6482538,4095349,3036422,1272
auto8,class9,3,-1.0,1,-1,-1,-1,-1
auto8,class9,5,-1.0,1,-1,-1,-1,-1
analcatdata_dmft,1,2,0.008452415466308594,0,171,122,67,54
analcatdata_dmft,1,3,0.013668537139892578,0,394,225,163,104
analcatdata_dmft,1,5,0.01519155502319336,0,469,232,198,109
pc2,2,2,0.16006755828857422,0,4706,2660,1365,336
pc2,2,3,2.284907102584839,0,98036,42860,27776,813
pc2,2,5,211.49925255775452,0,10502673,3423710,2891868,1348
scene,2,2,15.756720304489136,0,702113,417815,346317,1125
scene,2,3,-1.0,1,-1,-1,-1,-1
scene,2,5,727.9437036514282,0,35294491,1048821,27681998,2581
first,1,2,0.4837527275085449,0,16587,7933,7199,445
first,1,3,5.371882438659668,0,216164,50110,111048,826
first,1,5,37.1684148311615,0,1538386,356072,942717,2245
ecoli,om,2,0.008194923400878906,0,165,86,66,58
ecoli,om,3,0.015842676162719727,0,517,209,223,143
ecoli,om,5,0.02826690673828125,0,1181,305,527,194
grammatical_a7,1,2,6.7972800731658936,0,332939,15579,173242,709
grammatical_a7,1,3,106.57447290420532,0,5417239,544596,3824937,1167
grammatical_a7,1,5,-1.0,1,-1,-1,-1,-1
ND_LVL_3_3_NormalDist_Random-Synthetic__2_20_1000000_,0,2,25.030996322631836,0,52655,21535,24356,531
ND_LVL_3_3_NormalDist_Random-Synthetic__2_20_1000000_,0,3,767.2226412296295,0,2553388,367863,1100851,773
ND_LVL_3_3_NormalDist_Random-Synthetic__2_20_1000000_,0,5,-1.0,1,-1,-1,-1,-1
parkinson_speech,0,2,0.11673235893249512,0,5210,931,2974,233
parkinson_speech,0,3,0.42802953720092773,0,20640,1087,14865,462
parkinson_speech,0,5,0.9276583194732666,0,45549,1462,36322,629
grammatical_b9,1,2,7.4186625480651855,0,366264,18864,230175,517
grammatical_b9,1,3,145.16721200942993,0,7425900,488064,5641411,721
grammatical_b9,1,5,-1.0,1,-1,-1,-1,-1
climate,0,2,0.07079887390136719,0,3044,2684,1436,340
climate,0,3,1.0563950538635254,0,54584,12086,30085,525
climate,0,5,4.36971378326416,0,238368,12108,108325,523
isolet,14,2,79.95536518096924,0,2590699,656326,1120473,1062
isolet,14,3,-1.0,1,-1,-1,-1,-1
isolet,14,5,-1.0,1,-1,-1,-1,-1
auto7_3,class3,2,0.02591228485107422,0,734,712,341,230
auto7_3,class3,3,0.1613926887512207,0,7957,4972,3567,440
auto7_3,class3,5,1.2159833908081055,0,65782,10913,28811,551
volcanoes-d3,3,2,0.009788990020751953,0,61,56,17,17
volcanoes-d3,3,3,0.014304876327514648,0,125,88,35,35
volcanoes-d3,3,5,0.01206350326538086,0,125,88,35,35
Diabetic,0,2,0.05003523826599121,0,1936,1734,944,292
Diabetic,0,3,0.48493170738220215,0,23116,9351,13164,426
Diabetic,0,5,4.987080335617065,0,237718,46501,159278,735
ar4,2,2,0.09402084350585938,0,4887,816,1819,268
ar4,2,3,0.3478262424468994,0,19428,3173,10542,496
ar4,2,5,6.4678754806518555,0,378075,55479,227522,659
auto5, class3,2,2.2176856994628906,0,112112,97142,52433,819
auto5, class3,3,162.02190852165222,0,9029813,643448,5437357,1191
auto5, class3,5,-1.0,1,-1,-1,-1,-1
Chess_King-Rookvs.King-Pawn__UCI_,nowin,2,0.07976627349853516,0,2618,1883,1382,414
Chess_King-Rookvs.King-Pawn__UCI_,nowin,3,0.7450857162475586,0,30633,16677,16614,744
Chess_King-Rookvs.King-Pawn__UCI_,nowin,5,12.287040948867798,0,489461,148710,285289,1301
bankruptcy,1,2,0.007190704345703125,0,161,19,89,11
bankruptcy,1,3,0.007073640823364258,0,161,19,89,11
bankruptcy,1,5,0.007393360137939453,0,161,19,89,11
onehund_sha,Acer Capillipes,2,0.3725244998931885,0,17445,5713,6485,420
onehund_sha,Acer Capillipes,3,2.8312807083129883,0,144989,19976,64657,771
onehund_sha,Acer Capillipes,5,14.122893810272217,0,746405,54508,352240,1209
pc3,2,2,0.18033504486083984,0,7841,4533,3304,368
pc3,2,3,3.007300615310669,0,150813,35203,70634,699
pc3,2,5,92.81566309928894,0,4955550,920596,2244983,1893
Marketing_EoSL_,9,2,0.08582067489624023,0,2570,1331,764,264
Marketing_EoSL_,9,3,0.39489316940307617,0,17297,3845,5979,490
Marketing_EoSL_,9,5,1.2357068061828613,0,55794,8567,27212,734
I_LVL2_1_Interesting_Non-Random-Synthetic__2_5_31250_,1,2,0.04350757598876953,0,256,252,182,148
I_LVL2_1_Interesting_Non-Random-Synthetic__2_5_31250_,1,3,0.0806884765625,0,1311,686,990,276
I_LVL2_1_Interesting_Non-Random-Synthetic__2_5_31250_,1,5,0.14700937271118164,0,3491,1269,3072,381
wpbc,R,2,0.16541481018066406,0,8452,4993,3905,376
wpbc,R,3,3.1837353706359863,0,182351,10520,91269,419
wpbc,R,5,6.1333394050598145,0,347211,13851,193825,490
volcanoes-a3,4,2,0.005981922149658203,0,61,42,25,25
volcanoes-a3,4,3,0.007539272308349609,0,121,61,44,44
volcanoes-a3,4,5,0.0073697566986083984,0,121,61,44,44
winsconsin,4,2,0.010827779769897461,0,234,204,158,130
winsconsin,4,3,0.02812051773071289,0,944,463,730,321
winsconsin,4,5,0.04601740837097168,0,1759,645,1438,492
optical,5,2,0.4735414981842041,0,14196,7572,5746,525
optical,5,3,5.292542934417725,0,180566,47458,109559,912
optical,5,5,68.39051747322083,0,2224520,429124,1618887,2086
NormalDist_Random-Synthetic__2_12_5886_,0,2,0.05190157890319824,0,1373,1309,701,289
NormalDist_Random-Synthetic__2_12_5886_,0,3,0.45656847953796387,0,19702,14106,9774,550
NormalDist_Random-Synthetic__2_12_5886_,0,5,9.889958143234253,0,485449,126654,253401,922
horse_colic_lesion,1,2,0.0057926177978515625,0,1,0,0,0
horse_colic_lesion,1,3,0.005892515182495117,0,1,0,0,0
horse_colic_lesion,1,5,0.00594329833984375,0,1,0,0,0
contraceptive,3,2,0.01640772819519043,0,427,389,195,160
contraceptive,3,3,0.06983280181884766,0,2985,2045,1336,288
contraceptive,3,5,0.37827110290527344,0,17867,7142,8621,501
heart_switzerland,1,2,0.011307477951049805,0,341,84,132,52
heart_switzerland,1,3,0.022374868392944336,0,942,164,355,120
heart_switzerland,1,5,0.034597158432006836,0,1577,257,645,184
saheart,1,2,0.017023086547851562,0,547,525,291,199
saheart,1,3,0.09900355339050293,0,4843,1707,2347,336
saheart,1,5,0.26397109031677246,0,13619,1885,6469,351
analcatdata_boxing2,2,2,0.007822275161743164,0,204,36,89,16
analcatdata_boxing2,2,3,0.010462760925292969,0,336,36,150,16
analcatdata_boxing2,2,5,0.010254383087158203,0,336,36,150,16
analcatdata_lawsuit,2,2,0.0056798458099365234,0,65,33,22,21
analcatdata_lawsuit,2,3,0.006512165069580078,0,103,45,43,32
analcatdata_lawsuit,2,5,0.0064754486083984375,0,109,46,47,33
pc1_req,2,2,0.008287906646728516,0,161,104,70,49
pc1_req,2,3,0.018337249755859375,0,673,357,255,139
pc1_req,2,5,0.05100202560424805,0,2435,1075,826,246
robot1,collision,2,0.015007734298706055,0,305,265,171,139
robot1,collision,3,0.03599381446838379,0,1409,600,912,211
robot1,collision,5,0.08130955696105957,0,3789,1008,2335,363
credit-g,1,2,0.06954264640808105,0,3027,2021,1491,240
credit-g,1,3,0.6169168949127197,0,30564,9872,16094,384
credit-g,1,5,2.9277236461639404,0,143585,35450,86500,714
lsvt,1,2,13.73500680923462,0,746169,9255,311680,665
lsvt,1,3,51.207202434539795,0,2911969,31738,1602530,883
lsvt,1,5,566.1938486099243,0,35832278,4239812,15303259,1002
acute-inflammations,2,2,0.005835533142089844,0,69,54,43,42
acute-inflammations,2,3,0.008423328399658203,0,183,111,122,97
acute-inflammations,2,5,0.011018991470336914,0,283,144,197,132
cardio10,8,2,0.05191183090209961,0,1830,881,607,306
cardio10,8,3,0.2498469352722168,0,11279,3271,4624,698
cardio10,8,5,1.405510663986206,0,68322,13421,32820,1383
phishing,-1,2,0.13482022285461426,0,2246,1505,1169,395
phishing,-1,3,0.654731273651123,0,14243,5081,8979,761
phishing,-1,5,7.38409423828125,0,173806,41568,126544,2187
prnn_synth,1,2,0.0042307376861572266,0,25,19,12,9
prnn_synth,1,3,0.0042803287506103516,0,25,19,12,9
prnn_synth,1,5,0.004239082336425781,0,25,19,12,9
mice,t-SC-s,2,0.9197819232940674,0,47307,6883,19113,607
mice,t-SC-s,3,2.3869338035583496,0,126493,5505,63617,941
mice,t-SC-s,5,31.610302686691284,0,1911839,128059,378153,1725
U_LVL0_Uninteresting_Non-Random-Synthetic__2_4_62500_,0,2,0.05903983116149902,0,171,171,0,0
U_LVL0_Uninteresting_Non-Random-Synthetic__2_4_62500_,0,3,0.07790803909301758,0,671,671,0,0
U_LVL0_Uninteresting_Non-Random-Synthetic__2_4_62500_,0,5,0.10635161399841309,0,1296,1296,0,0
grammatical_a4,1,2,5.737080812454224,0,274785,25956,147799,963
grammatical_a4,1,3,198.32998752593994,0,9943017,1692853,7017329,1918
grammatical_a4,1,5,-1.0,1,-1,-1,-1,-1
NormalDist_Random-Synthetic__2_7_7283_,1,2,0.027535676956176758,0,494,482,237,181
NormalDist_Random-Synthetic__2_7_7283_,1,3,0.10673236846923828,0,3838,3193,2012,383
NormalDist_Random-Synthetic__2_7_7283_,1,5,0.6666827201843262,0,28043,13356,15634,575
ND_LVL_2_1_NormalDist_Random-Synthetic__2_10_10000_,0,2,0.13470935821533203,0,4601,2698,2227,360
ND_LVL_2_1_NormalDist_Random-Synthetic__2_10_10000_,0,3,1.5125417709350586,0,71651,24867,31725,596
ND_LVL_2_1_NormalDist_Random-Synthetic__2_10_10000_,0,5,17.211633443832397,0,875311,60582,346371,677
grammatical_b2,1,2,11.508050441741943,0,550066,45966,263016,1047
grammatical_b2,1,3,344.0024781227112,0,17667734,3016801,11662910,1568
grammatical_b2,1,5,-1.0,1,-1,-1,-1,-1
ED_LVL_2_0_EqualDist_Random-Synthetic__2_10_1000_,1,2,0.0956728458404541,0,4601,2473,1984,322
ED_LVL_2_0_EqualDist_Random-Synthetic__2_10_1000_,1,3,1.125734806060791,0,68611,2473,21293,322
ED_LVL_2_0_EqualDist_Random-Synthetic__2_10_1000_,1,5,1.1420435905456543,0,68611,2473,21293,322
grammatical_b6,1,2,10.257452249526978,0,507521,14990,247939,897
grammatical_b6,1,3,114.23003149032593,0,5805084,417496,4255763,2339
grammatical_b6,1,5,-1.0,1,-1,-1,-1,-1
I_LVL2_0_Interesting_Non-Random-Synthetic__2_5_3125_,1,2,0.012970924377441406,0,236,228,117,109
I_LVL2_0_Interesting_Non-Random-Synthetic__2_5_3125_,1,3,0.029386520385742188,0,961,282,657,112
I_LVL2_0_Interesting_Non-Random-Synthetic__2_5_3125_,1,5,0.0372166633605957,0,1336,282,1032,112
gesture_raw,Preparation,2,0.09185624122619629,0,2813,2330,1186,353
gesture_raw,Preparation,3,1.0679781436920166,0,50785,18836,17945,648
gesture_raw,Preparation,5,15.350640535354614,0,798937,177521,259513,1434
monks3,0,2,0.007409095764160156,0,137,134,53,53
monks3,0,3,0.01671290397644043,0,552,461,218,193
monks3,0,5,0.03552365303039551,0,1442,607,661,248
I_LVL1_0_Interesting_Non-Random-Synthetic__2_2_4_,1,2,0.003426790237426758,0,1,0,0,0
I_LVL1_0_Interesting_Non-Random-Synthetic__2_2_4_,1,3,0.0033674240112304688,0,1,0,0,0
I_LVL1_0_Interesting_Non-Random-Synthetic__2_2_4_,1,5,0.003278493881225586,0,1,0,0,0
wall2,Slight-Right-Turn,2,0.005521535873413086,0,21,8,5,5
wall2,Slight-Right-Turn,3,0.005536317825317383,0,21,8,5,5
wall2,Slight-Right-Turn,5,0.0056803226470947266,0,21,8,5,5
abalone,1,2,0.019707918167114258,0,452,344,155,127
abalone,1,3,0.06057882308959961,0,2284,1058,743,312
abalone,1,5,0.15396404266357422,0,7164,2101,2126,432
wholesale,2,2,0.012198925018310547,0,324,262,150,139
wholesale,2,3,0.03546714782714844,0,1588,476,801,242
wholesale,2,5,0.05475592613220215,0,2560,455,1553,269
soybean_large,purple-seed-stain,2,0.06345224380493164,0,3097,1375,1125,433
soybean_large,purple-seed-stain,3,0.38303065299987793,0,21944,6862,8899,676
soybean_large,purple-seed-stain,5,3.6481778621673584,0,222233,59816,91051,971
U_LVL2_1_Uninteresting_Non-Random-Synthetic__2_5_31250_,0,2,0.04170346260070801,0,276,276,0,0
U_LVL2_1_Uninteresting_Non-Random-Synthetic__2_5_31250_,0,3,0.08045005798339844,0,1526,1526,0,0
U_LVL2_1_Uninteresting_Non-Random-Synthetic__2_5_31250_,0,5,0.24839282035827637,0,7776,4651,0,0
onehund_mar,Acer Capillipes,2,0.31991147994995117,0,14853,7657,6249,547
onehund_mar,Acer Capillipes,3,6.181029319763184,0,320023,98362,164763,1147
onehund_mar,Acer Capillipes,5,173.045907497406,0,9329374,1424084,4713358,2042
jEdit_4.2_4.3,1,2,0.01323080062866211,0,368,301,181,140
jEdit_4.2_4.3,1,3,0.04675865173339844,0,2213,949,983,281
jEdit_4.2_4.3,1,5,0.12880420684814453,0,6760,1644,3056,311
hiv_impens,1,2,0.1507720947265625,0,8838,340,2262,148
hiv_impens,1,3,0.2575414180755615,0,16559,343,3210,149
hiv_impens,1,5,0.26175665855407715,0,16655,343,3218,149
abalone_ori,18,2,0.019157886505126953,0,436,274,158,149
abalone_ori,18,3,0.058740854263305664,0,2360,1078,765,322
abalone_ori,18,5,0.22028112411499023,0,10580,3491,3075,460
ada_agnostic,2,2,0.15563225746154785,0,4820,2661,2030,430
ada_agnostic,2,3,1.7679622173309326,0,62811,32820,31639,801
ada_agnostic,2,5,170.2906138896942,0,6188584,3089502,3393411,2568
pitt1_1,DECK,2,0.008301496505737305,0,222,66,84,34
pitt1_1,DECK,3,0.011506319046020508,0,384,93,150,44
pitt1_1,DECK,5,0.012230157852172852,0,416,95,162,45
hiv_1625,1,2,0.17143821716308594,0,9661,428,1960,250
hiv_1625,1,3,0.26981544494628906,0,16021,482,3764,334
hiv_1625,1,5,0.3533470630645752,0,22001,635,5097,468
mfeat-factors,7,2,7.660638093948364,0,360061,14428,141883,855
mfeat-factors,7,3,27.995447635650635,0,1353981,19950,925213,1801
mfeat-factors,7,5,115.01044344902039,0,5653861,41515,4655318,3249
ED_LVL_1_0_EqualDist_Random-Synthetic__2_5_1000_,0,2,0.011133193969726562,0,276,276,133,128
ED_LVL_1_0_EqualDist_Random-Synthetic__2_5_1000_,0,3,0.036096811294555664,0,1526,626,843,227
ED_LVL_1_0_EqualDist_Random-Synthetic__2_5_1000_,0,5,0.05585956573486328,0,2426,626,1331,227
ED_LVL_3_2_EqualDist_Random-Synthetic__2_20_100000_,1,2,4.5161683559417725,0,76401,76401,38669,731
ED_LVL_3_2_EqualDist_Random-Synthetic__2_20_100000_,1,3,409.77485251426697,0,9196401,76401,5050547,731
ED_LVL_3_2_EqualDist_Random-Synthetic__2_20_100000_,1,5,410.3849902153015,0,9196401,76401,5050547,731
Seismic-Bumps_UCI_,1,2,0.02877497673034668,0,810,748,358,247
Seismic-Bumps_UCI_,1,3,0.1821298599243164,0,7590,6154,3786,567
Seismic-Bumps_UCI_,1,5,3.0649726390838623,0,142283,99677,83450,1348
pitt2_4,S,2,0.0076067447662353516,0,176,67,83,36
pitt2_4,S,3,0.01175999641418457,0,395,114,169,56
pitt2_4,S,5,0.013455867767333984,0,475,122,197,58
lenses,softCL,2,0.004090309143066406,0,20,5,10,3
lenses,softCL,3,0.00427556037902832,0,20,5,10,3
lenses,softCL,5,0.004282236099243164,0,20,5,10,3
statlog_ls,5,2,0.28167009353637695,0,9993,1681,3233,444
statlog_ls,5,3,1.4596436023712158,0,63993,15268,33048,1295
statlog_ls,5,5,33.95515060424805,0,1640197,190638,938956,3141
EqualDist_Random-Synthetic__2_14_5644_,1,2,0.07849407196044922,0,2527,2527,1265,340
EqualDist_Random-Synthetic__2_14_5644_,1,3,1.1531734466552734,0,52792,49905,27167,684
EqualDist_Random-Synthetic__2_14_5644_,1,5,26.716792345046997,0,1301863,126020,792967,831
thyroid_sick,sick.,2,0.057747840881347656,0,1842,1280,693,297
thyroid_sick,sick.,3,0.4242408275604248,0,17547,8800,7314,756
thyroid_sick,sick.,5,12.165112018585205,0,519551,172322,257878,1778
BreastCancerWisconsin_UCI_,4,2,0.0652003288269043,0,3288,249,2062,169
BreastCancerWisconsin_UCI_,4,3,0.12325906753540039,0,6785,299,3718,193
BreastCancerWisconsin_UCI_,4,5,0.13551688194274902,0,7728,327,4082,192
pamap2,1,2,1.2330186367034912,0,20169,1343,2516,377
pamap2,1,3,2.6321661472320557,0,61933,6718,20684,556
pamap2,1,5,6.894164323806763,0,206101,10791,118976,1013
U_LVL1_2_Uninteresting_Non-Random-Synthetic__2_2_400_,1,2,0.004091501235961914,0,9,9,0,0
U_LVL1_2_Uninteresting_Non-Random-Synthetic__2_2_400_,1,3,0.004142284393310547,0,9,9,0,0
U_LVL1_2_Uninteresting_Non-Random-Synthetic__2_2_400_,1,5,0.004002571105957031,0,9,9,0,0
visualizing_livestock,4,2,0.004719972610473633,0,31,4,2,2
visualizing_livestock,4,3,0.00457000732421875,0,31,4,2,2
visualizing_livestock,4,5,0.004582405090332031,0,31,4,2,2
volcanoes-a2,4,2,0.005777835845947266,0,61,42,22,22
volcanoes-a2,4,3,0.0071887969970703125,0,121,61,41,41
volcanoes-a2,4,5,0.007292747497558594,0,121,61,41,41
blogger,no,2,0.006365537643432617,0,99,50,48,18
blogger,no,3,0.00805974006652832,0,192,77,78,22
blogger,no,5,0.00866556167602539,0,222,86,87,23
grammatical_a5,1,2,7.797266960144043,0,382548,10003,265623,617
grammatical_a5,1,3,78.96452784538269,0,3995773,182795,3151469,885
grammatical_a5,1,5,-1.0,1,-1,-1,-1,-1
prnn_crabs,1,2,0.010354042053222656,0,315,175,109,85
prnn_crabs,1,3,0.028360605239868164,0,1387,421,428,167
prnn_crabs,1,5,0.05103421211242676,0,2687,654,778,275
hepatitis,1,2,0.025282859802246094,0,1063,483,459,185
hepatitis,1,3,0.1367511749267578,0,7437,1495,3380,360
hepatitis,1,5,0.5569398403167725,0,31599,2694,15654,522
