dataset_name,target_value,depth,DFS_BSD_DP (PS)-real_time_taken,DFS_BSD_DP (PS)-failed,DFS_BSD_DP (PS)-sgs_evaluated,DFS_BSD_DP (PS)-sgs_eval_interesting,DFS_BSD_DP (PS)-sgs_quality_interesting,DFS_BSD_DP (PS)-sgs_top_k_interesting
spect_heart,0,2,0.021558761596679688,0,697,486,260,210
spect_heart,0,3,0.08419585227966309,0,3767,1945,1809,478
spect_heart,0,5,1.3956153392791748,0,70255,33313,33283,1140
fertility,O,2,0.009725093841552734,0,348,156,74,74
fertility,O,3,0.02547311782836914,0,1399,308,141,133
fertility,O,5,0.044493913650512695,0,2798,352,161,143
ND_LVL_1_1_NormalDist_Random-Synthetic__2_5_10000_,1,2,0.021785259246826172,0,276,276,137,132
ND_LVL_1_1_NormalDist_Random-Synthetic__2_5_10000_,1,3,0.05104207992553711,0,1526,1161,597,282
ND_LVL_1_1_NormalDist_Random-Synthetic__2_5_10000_,1,5,0.1249232292175293,0,4486,1993,1054,379
Mushroom_UCI_,p,2,0.11161494255065918,0,2719,700,484,389
Mushroom_UCI_,p,3,0.2729790210723877,0,10105,1372,1124,744
Mushroom_UCI_,p,5,0.859520673751831,0,36427,2532,2438,1537
wall24,Slight-Right-Turn,2,0.09377026557922363,0,3213,980,757,438
wall24,Slight-Right-Turn,3,0.3194892406463623,0,14778,2236,1793,1037
wall24,Slight-Right-Turn,5,0.8614983558654785,0,47645,4803,4546,2420
thyroid_allbp,increased binding protein.,2,0.050071001052856445,0,1344,782,414,248
thyroid_allbp,increased binding protein.,3,0.3092515468597412,0,11071,3624,2163,832
thyroid_allbp,increased binding protein.,5,5.469740867614746,0,232740,47108,35986,2533
analcatdata_creditscore,1,2,0.0065882205963134766,0,174,61,28,28
analcatdata_creditscore,1,3,0.009991168975830078,0,445,108,46,46
analcatdata_creditscore,1,5,0.012505054473876953,0,605,125,55,55
primary,1,2,0.018452167510986328,0,658,391,203,169
primary,1,3,0.06627774238586426,0,3203,1511,909,432
primary,1,5,0.35872554779052734,0,19655,7256,5014,979
breast_tissue_merged,car,2,0.010211467742919922,0,433,99,65,65
breast_tissue_merged,car,3,0.01945352554321289,0,1057,152,103,103
breast_tissue_merged,car,5,0.02395462989807129,0,1325,165,113,112
pima,1,2,0.01624584197998047,0,424,398,213,182
pima,1,3,0.061929941177368164,0,2617,981,685,422
pima,1,5,0.11397314071655273,0,7050,1112,839,497
Divorce,1,2,0.11520838737487793,0,7551,570,569,561
Divorce,1,3,0.29755711555480957,0,22456,885,884,877
Divorce,1,5,0.8990757465362549,0,65401,1357,1356,1348
asbestos,(3)_Above_legal_limit,2,0.00574493408203125,0,29,19,8,8
asbestos,(3)_Above_legal_limit,3,0.0065460205078125,0,41,21,9,9
asbestos,(3)_Above_legal_limit,5,0.0063512325286865234,0,41,21,9,9
bupa,1,2,0.014732599258422852,0,265,247,123,122
bupa,1,3,0.03232693672180176,0,1481,405,200,170
bupa,1,5,0.03747749328613281,0,1933,414,205,170
U_LVL2_0_Uninteresting_Non-Random-Synthetic__2_5_3125_,0,2,0.00812220573425293,0,1,0,0,0
U_LVL2_0_Uninteresting_Non-Random-Synthetic__2_5_3125_,0,3,0.00763249397277832,0,1,0,0,0
U_LVL2_0_Uninteresting_Non-Random-Synthetic__2_5_3125_,0,5,0.0067882537841796875,0,1,0,0,0
cardio3,2,2,0.0435025691986084,0,1225,596,370,271
cardio3,2,3,0.18046855926513672,0,8527,2619,1300,745
cardio3,2,5,1.0419361591339111,0,59882,8622,6818,1798
volcanoes-d4,3,2,0.01087641716003418,0,61,60,17,17
volcanoes-d4,3,3,0.01273798942565918,0,125,95,36,36
volcanoes-d4,3,5,0.013004541397094727,0,125,95,36,36
pitt2_3,LONG,2,0.007957935333251953,0,196,72,40,40
pitt2_3,LONG,3,0.011807680130004883,0,438,119,64,64
pitt2_3,LONG,5,0.011245250701904297,0,515,128,69,69
grammatical_b5,1,2,2.296348810195923,0,128371,5251,4865,1405
grammatical_b5,1,3,31.820104122161865,0,1802632,50769,49635,3551
grammatical_b5,1,5,-1.0,1,-1,-1,-1,-1
ED_LVL_1_2_EqualDist_Random-Synthetic__2_5_100000_,0,2,0.10355401039123535,0,276,276,139,136
ED_LVL_1_2_EqualDist_Random-Synthetic__2_5_100000_,0,3,0.17484402656555176,0,1526,1526,768,303
ED_LVL_1_2_EqualDist_Random-Synthetic__2_5_100000_,0,5,0.42760396003723145,0,7776,4651,2291,448
pitt1_4,S,2,0.006600856781005859,0,205,66,34,34
pitt1_4,S,3,0.008899927139282227,0,389,92,44,44
pitt1_4,S,5,0.009388923645019531,0,435,93,44,44
ND_LVL_2_3_NormalDist_Random-Synthetic__2_10_1000000_,0,2,3.7618331909179688,0,4601,2801,1414,319
ND_LVL_2_3_NormalDist_Random-Synthetic__2_10_1000000_,0,3,23.480052709579468,0,76601,27704,14070,592
ND_LVL_2_3_NormalDist_Random-Synthetic__2_10_1000000_,0,5,308.9562077522278,0,1266011,90637,45172,857
gesture_va,P,2,0.26522397994995117,0,8065,2837,1985,453
gesture_va,P,3,1.7066926956176758,0,76505,5150,4234,795
gesture_va,P,5,7.179196357727051,0,390501,22739,14700,1915
connectionist_vowel,4,2,0.03252053260803223,0,1492,660,479,312
connectionist_vowel,4,3,0.07889151573181152,0,4348,1007,845,448
connectionist_vowel,4,5,0.20419859886169434,0,14698,1526,1388,812
breast_cancer_wis_pro,R,2,0.16830110549926758,0,11507,1952,1449,420
breast_cancer_wis_pro,R,3,0.9766566753387451,0,94875,2452,1810,524
breast_cancer_wis_pro,R,5,1.7455642223358154,0,177193,3534,2371,610
diggle_table_a2,8,2,0.008632421493530273,0,289,104,70,70
diggle_table_a2,8,3,0.016097545623779297,0,825,223,205,200
diggle_table_a2,8,5,0.03231644630432129,0,1937,500,490,349
page,5,2,0.02614283561706543,0,629,343,216,188
page,5,3,0.05147552490234375,0,2005,601,480,383
page,5,5,0.09561896324157715,0,4785,991,914,620
steel-plates-fault,2,2,0.1328258514404297,0,6069,2356,1721,553
steel-plates-fault,2,3,0.5964038372039795,0,32499,6954,5641,1142
steel-plates-fault,2,5,0.6581559181213379,0,38550,9812,8972,1697
mechanical,4,2,0.021503210067749023,0,372,268,152,142
mechanical,4,3,0.06004452705383301,0,2171,961,605,330
mechanical,4,5,0.12467384338378906,0,5866,1441,1054,475
OnlineShoppersIntention,True,2,0.09905242919921875,0,2440,788,482,304
OnlineShoppersIntention,True,3,0.47394752502441406,0,18702,3024,2092,757
OnlineShoppersIntention,True,5,3.4249801635742188,0,162384,13178,9730,1172
ED_LVL_2_1_EqualDist_Random-Synthetic__2_10_10000_,1,2,0.13730645179748535,0,4601,4601,2264,412
ED_LVL_2_1_EqualDist_Random-Synthetic__2_10_10000_,1,3,2.0691330432891846,0,124601,7254,4425,743
ED_LVL_2_1_EqualDist_Random-Synthetic__2_10_10000_,1,5,2.9197518825531006,0,191841,7254,4425,743
glass,3,2,0.011497259140014648,0,414,221,145,137
glass,3,3,0.026435136795043945,0,1494,426,355,279
glass,3,5,0.03650045394897461,0,2141,581,511,346
molecular_promoter,+,2,0.16009926795959473,0,13009,1135,911,466
molecular_promoter,+,3,0.6352977752685547,0,62593,954,876,524
molecular_promoter,+,5,0.9785149097442627,0,97273,863,820,524
blood,1,2,0.0061872005462646484,0,113,98,46,46
blood,1,3,0.009638309478759766,0,321,179,84,84
blood,1,5,0.01071619987487793,0,385,204,96,96
weight,B,2,0.17612934112548828,0,15074,657,621,374
weight,B,3,0.4211263656616211,0,40235,634,622,421
weight,B,5,1.2165040969848633,0,122184,585,539,436
ozone1,1,2,0.18622756004333496,0,9211,1456,1333,559
ozone1,1,3,1.3433218002319336,0,79889,5032,5006,1291
ozone1,1,5,21.879481315612793,0,1410091,62603,62598,4356
U_LVL2_2_Uninteresting_Non-Random-Synthetic__2_5_312500_,0,2,0.294191837310791,0,276,276,0,0
U_LVL2_2_Uninteresting_Non-Random-Synthetic__2_5_312500_,0,3,0.4608736038208008,0,1526,1526,0,0
U_LVL2_2_Uninteresting_Non-Random-Synthetic__2_5_312500_,0,5,0.9963750839233398,0,7776,4651,0,0
ionosphere,b,2,0.08612489700317383,0,5083,757,548,345
ionosphere,b,3,0.24395275115966797,0,16990,1365,957,618
ionosphere,b,5,1.116065502166748,0,95108,7455,2125,1180
grammatical_b7,1,2,1.4313337802886963,0,84822,5644,5327,1674
grammatical_b7,1,3,23.927571296691895,0,1514008,68239,66982,6094
grammatical_b7,1,5,-1.0,1,-1,-1,-1,-1
wine_quality,4,2,0.04219841957092285,0,1015,818,427,247
wine_quality,4,3,0.15603065490722656,0,6755,1737,1167,470
wine_quality,4,5,0.47803711891174316,0,24427,3417,2837,921
VehicleCouponRecommendation,0,2,0.11252593994140625,0,3267,1476,835,340
VehicleCouponRecommendation,0,3,0.6421849727630615,0,28040,6236,3142,679
VehicleCouponRecommendation,0,5,4.4378135204315186,0,221420,38308,15438,1377
auto7_2,class3,2,0.02115607261657715,0,734,700,333,222
auto7_2,class3,3,0.12301301956176758,0,6914,2613,1645,503
auto7_2,class3,5,0.40789175033569336,0,28894,3936,2515,656
wave,0,2,0.10024070739746094,0,3293,1574,1116,489
wave,0,3,0.8647415637969971,0,44761,4251,3566,958
wave,0,5,3.308642864227295,0,193729,9648,8185,1692
cnae9,4,2,13.211993932723999,0,785835,369743,261398,816
cnae9,4,3,-1.0,1,-1,-1,-1,-1
cnae9,4,5,-1.0,1,-1,-1,-1,-1
grammatical_a9,1,2,1.3208839893341064,0,81716,4928,4594,1193
grammatical_a9,1,3,29.055817127227783,0,1935438,82156,81482,2792
grammatical_a9,1,5,-1.0,1,-1,-1,-1,-1
teaching,2,2,0.008072137832641602,0,340,48,21,21
teaching,2,3,0.009571075439453125,0,474,60,25,25
teaching,2,5,0.009696006774902344,0,494,60,25,25
auto6_1,class8,2,0.22504186630249023,0,11864,5460,4344,484
auto6_1,class8,3,2.8651559352874756,0,193653,7387,6833,828
auto6_1,class8,5,4.788726329803467,0,362171,7377,6847,884
ED_LVL_2_4_EqualDist_Random-Synthetic__2_10_10000000_,1,2,42.596357345581055,0,4601,4601,2314,436
ED_LVL_2_4_EqualDist_Random-Synthetic__2_10_10000000_,1,3,499.3382978439331,0,124601,64957,32506,750
ED_LVL_2_4_EqualDist_Random-Synthetic__2_10_10000000_,1,5,-1.0,1,-1,-1,-1,-1
ozone8,1,2,0.2991447448730469,0,15403,1994,1652,656
ozone8,1,3,1.654578685760498,0,99693,6701,6543,1450
ozone8,1,5,27.36983370780945,0,1752569,73265,72909,4072
U_LVL1_4_Uninteresting_Non-Random-Synthetic__2_2_40000_,0,2,0.014342784881591797,0,9,9,0,0
U_LVL1_4_Uninteresting_Non-Random-Synthetic__2_2_40000_,0,3,0.013167858123779297,0,9,9,0,0
U_LVL1_4_Uninteresting_Non-Random-Synthetic__2_2_40000_,0,5,0.013124942779541016,0,9,9,0,0
bach, C#d,2,0.027378559112548828,0,574,191,184,168
bach, C#d,3,0.08888506889343262,0,3622,702,701,395
bach, C#d,5,0.5156750679016113,0,29218,2858,2857,938
ED_LVL_3_3_EqualDist_Random-Synthetic__2_20_1000000_,1,2,29.817412614822388,0,76401,76401,38263,673
ED_LVL_3_3_EqualDist_Random-Synthetic__2_20_1000000_,1,3,-1.0,1,-1,-1,-1,-1
ED_LVL_3_3_EqualDist_Random-Synthetic__2_20_1000000_,1,5,-1.0,1,-1,-1,-1,-1
polish_bankruptcy_1year,1,2,0.31696486473083496,0,14409,1622,1454,494
polish_bankruptcy_1year,1,3,1.5978271961212158,0,86689,6612,5428,1249
polish_bankruptcy_1year,1,5,19.281157970428467,0,1244141,131522,118017,2633
coil2000,1,2,1.830451250076294,0,82626,11794,6885,1136
coil2000,1,3,12.638957500457764,0,585210,94248,57148,1762
coil2000,1,5,453.70777320861816,0,19236438,4068103,2602429,4931
robot2,back_col,2,0.011019706726074219,0,317,288,147,135
robot2,back_col,3,0.02498173713684082,0,1257,401,315,209
robot2,back_col,5,0.04101991653442383,0,2517,458,374,264
EqualDist_Random-Synthetic__2_7_5349_,1,2,0.023882389068603516,0,553,553,269,204
EqualDist_Random-Synthetic__2_7_5349_,1,3,0.11318349838256836,0,4722,4014,2246,476
EqualDist_Random-Synthetic__2_7_5349_,1,5,0.5235276222229004,0,34268,5881,3647,597
U_LVL1_1_Uninteresting_Non-Random-Synthetic__2_2_40_,1,2,0.003396272659301758,0,9,9,0,0
U_LVL1_1_Uninteresting_Non-Random-Synthetic__2_2_40_,1,3,0.0035071372985839844,0,9,9,0,0
U_LVL1_1_Uninteresting_Non-Random-Synthetic__2_2_40_,1,5,0.003308534622192383,0,9,9,0,0
auto6_3,class1,2,0.19910764694213867,0,11533,2747,2331,529
auto6_3,class1,3,1.1393406391143799,0,95718,3352,3137,762
auto6_3,class1,5,1.919645071029663,0,176386,3428,3215,769
grammatical_b1,1,2,3.1800050735473633,0,197421,7206,6697,1497
grammatical_b1,1,3,36.994080781936646,0,2353463,69555,55629,3351
grammatical_b1,1,5,-1.0,1,-1,-1,-1,-1
EqualDist_Random-Synthetic__2_10_7463_,1,2,0.04734683036804199,0,1163,1163,567,273
EqualDist_Random-Synthetic__2_10_7463_,1,3,0.3597879409790039,0,15637,11553,6427,675
EqualDist_Random-Synthetic__2_10_7463_,1,5,2.182856559753418,0,130500,18420,11302,846
volcanoes-a1,4,2,0.005792140960693359,0,61,42,22,22
volcanoes-a1,4,3,0.0073070526123046875,0,121,61,41,41
volcanoes-a1,4,5,0.0071485042572021484,0,121,61,41,41
vert3,NO,2,0.009113788604736328,0,265,196,115,115
vert3,NO,3,0.020188093185424805,0,1153,297,205,179
vert3,NO,5,0.025939464569091797,0,1677,312,226,194
CongressionalVotingRecords_UCI_,republican,2,0.0178983211517334,0,706,345,230,211
CongressionalVotingRecords_UCI_,republican,3,0.04075312614440918,0,2212,577,524,355
CongressionalVotingRecords_UCI_,republican,5,0.12882328033447266,0,8290,1233,1232,750
pitt2_2,WOOD,2,0.006033897399902344,0,161,52,27,27
pitt2_2,WOOD,3,0.008391618728637695,0,340,77,40,40
pitt2_2,WOOD,5,0.008998870849609375,0,401,79,41,41
statlog_vehicle,opel,2,0.05050039291381836,0,2453,993,639,332
statlog_vehicle,opel,3,0.19739389419555664,0,12173,1726,1386,570
statlog_vehicle,opel,5,0.6431782245635986,0,44013,4271,3832,1046
pitt2_1,DECK,2,0.0066852569580078125,0,192,72,39,39
pitt2_1,DECK,3,0.0095977783203125,0,421,118,58,58
pitt2_1,DECK,5,0.010537385940551758,0,492,125,60,60
grammatical_a8,1,2,1.4700946807861328,0,86963,3735,3444,1390
grammatical_a8,1,3,19.54272699356079,0,1250327,38687,38347,3662
grammatical_a8,1,5,-1.0,1,-1,-1,-1,-1
grammatical_a6,1,2,1.058473825454712,0,59196,3801,3460,1203
grammatical_a6,1,3,20.739320039749146,0,1264854,60692,60348,3903
grammatical_a6,1,5,-1.0,1,-1,-1,-1,-1
auto6_2,class5,2,0.2057356834411621,0,11612,1291,846,159
auto6_2,class5,3,0.9672732353210449,0,59068,5377,3832,1007
auto6_2,class5,5,3.3082218170166016,0,278979,5326,4396,1114
auto1,class1,2,0.02592015266418457,0,801,798,405,233
auto1,class1,3,0.20937228202819824,0,9789,7555,4135,456
auto1,class1,5,1.7228214740753174,0,94363,22701,14647,956
ED_LVL_2_3_EqualDist_Random-Synthetic__2_10_1000000_,1,2,3.9142227172851562,0,4601,4601,2297,426
ED_LVL_2_3_EqualDist_Random-Synthetic__2_10_1000000_,1,3,35.62264537811279,0,124601,65070,32205,735
ED_LVL_2_3_EqualDist_Random-Synthetic__2_10_1000000_,1,5,289.16918301582336,0,1181851,65070,32205,735
heart_cleverland,3,2,0.02017521858215332,0,787,509,290,222
heart_cleverland,3,3,0.06565070152282715,0,3722,937,722,409
heart_cleverland,3,5,0.13435101509094238,0,9566,1118,922,549
analcatdata_boxing1,1,2,0.0060656070709228516,0,189,32,14,14
analcatdata_boxing1,1,3,0.0076906681060791016,0,309,32,14,14
analcatdata_boxing1,1,5,0.007593631744384766,0,309,32,14,14
qsar,RB,2,0.08897113800048828,0,3889,1386,1071,410
qsar,RB,3,0.38030123710632324,0,19405,4595,4135,581
qsar,RB,5,5.201066970825195,0,291599,58258,57072,1185
internet,ad.,2,45.37881517410278,0,2417099,1210271,673513,889
internet,ad.,3,-1.0,1,-1,-1,-1,-1
internet,ad.,5,-1.0,1,-1,-1,-1,-1
robot4,normal,2,0.011725664138793945,0,261,186,104,104
robot4,normal,3,0.0191805362701416,0,681,261,251,220
robot4,normal,5,0.028356552124023438,0,1269,346,340,328
mw1,2,2,0.06526732444763184,0,3403,1091,805,384
mw1,2,3,0.37619638442993164,0,26414,5041,4437,762
mw1,2,5,6.439351320266724,0,505179,76960,73193,2013
polish_bankruptcy_5year,1,2,0.20722603797912598,0,8639,1521,1105,507
polish_bankruptcy_5year,1,3,1.695821762084961,0,93792,8404,5809,1138
polish_bankruptcy_5year,1,5,27.766865015029907,0,1644672,68971,65676,3252
grammatical_b8,1,2,1.4111177921295166,0,82756,3025,2616,1289
grammatical_b8,1,3,10.484899520874023,0,669073,19401,15366,3143
grammatical_b8,1,5,1107.9222340583801,0,73001322,6007147,5552278,8023
ND_LVL_3_4_NormalDist_Random-Synthetic__2_20_10000000_,0,2,281.23005723953247,0,53601,21561,10545,592
ND_LVL_3_4_NormalDist_Random-Synthetic__2_20_10000000_,0,3,-1.0,1,-1,-1,-1,-1
ND_LVL_3_4_NormalDist_Random-Synthetic__2_20_10000000_,0,5,-1.0,1,-1,-1,-1,-1
heart_va,3,2,0.018720149993896484,0,63,40,22,22
heart_va,3,3,0.00584721565246582,0,115,69,34,34
heart_va,3,5,0.00606226921081543,0,133,78,37,37
volcanoes-b5,4,2,0.008990764617919922,0,61,57,20,20
volcanoes-b5,4,3,0.01068115234375,0,125,90,37,37
volcanoes-b5,4,5,0.010796308517456055,0,125,90,37,37
wilt,w,2,0.01148366928100586,0,181,159,78,78
wilt,w,3,0.02097320556640625,0,613,368,260,210
wilt,w,5,0.02884054183959961,0,1045,414,332,264
ND_LVL_1_2_NormalDist_Random-Synthetic__2_5_100000_,0,2,0.10516881942749023,0,276,276,144,135
ND_LVL_1_2_NormalDist_Random-Synthetic__2_5_100000_,0,3,0.17187118530273438,0,1526,1311,666,268
ND_LVL_1_2_NormalDist_Random-Synthetic__2_5_100000_,0,5,0.33879590034484863,0,5426,2843,1438,396
ED_LVL_1_1_EqualDist_Random-Synthetic__2_5_10000_,0,2,0.019227266311645508,0,276,276,136,132
ED_LVL_1_1_EqualDist_Random-Synthetic__2_5_10000_,0,3,0.05111217498779297,0,1526,1526,782,313
ED_LVL_1_1_EqualDist_Random-Synthetic__2_5_10000_,0,5,0.1419064998626709,0,6096,2620,1597,459
mfeat-karhunen,8,2,0.2755000591278076,0,13017,646,632,316
mfeat-karhunen,8,3,0.7323651313781738,0,39385,1109,1024,715
mfeat-karhunen,8,5,2.6556434631347656,0,181657,2209,2093,1470
I_LVL1_1_Interesting_Non-Random-Synthetic__2_2_40_,1,2,0.0034999847412109375,0,7,6,4,4
I_LVL1_1_Interesting_Non-Random-Synthetic__2_2_40_,1,3,0.003583669662475586,0,7,6,4,4
I_LVL1_1_Interesting_Non-Random-Synthetic__2_2_40_,1,5,0.0035703182220458984,0,7,6,4,4
Iris_UCI_,Iris-virginica,2,0.0054967403411865234,0,105,35,27,27
Iris_UCI_,Iris-virginica,3,0.006127595901489258,0,177,41,32,32
Iris_UCI_,Iris-virginica,5,0.006293296813964844,0,185,41,32,32
I_LVL1_4_Interesting_Non-Random-Synthetic__2_2_40000_,1,2,0.013119935989379883,0,7,6,4,4
I_LVL1_4_Interesting_Non-Random-Synthetic__2_2_40000_,1,3,0.012581825256347656,0,7,6,4,4
I_LVL1_4_Interesting_Non-Random-Synthetic__2_2_40000_,1,5,0.01286768913269043,0,7,6,4,4
thyroid_ann,2,2,0.05190134048461914,0,985,683,357,230
thyroid_ann,2,3,0.24725699424743652,0,7033,2326,1729,593
thyroid_ann,2,5,2.7734720706939697,0,85853,11280,10748,1187
seeds,2,2,0.008464813232421875,0,257,121,70,70
seeds,2,3,0.015441179275512695,0,753,202,152,141
seeds,2,5,0.021410465240478516,0,1205,239,201,185
hv_no_noise,0,2,1.1566352844238281,0,79601,20201,10100,253
hv_no_noise,0,3,35.75713324546814,0,2666801,667001,333500,336
hv_no_noise,0,5,-1.0,1,-1,-1,-1,-1
statlog_australian,1,2,0.027314186096191406,0,1103,623,348,263
statlog_australian,1,3,0.08121633529663086,0,4114,1133,774,499
statlog_australian,1,5,0.1986377239227295,0,12339,2146,1408,894
hiv_schilling,1,2,0.12364864349365234,0,7741,757,626,391
hiv_schilling,1,3,0.514641523361206,0,43161,762,628,394
hiv_schilling,1,5,0.5221385955810547,0,43361,762,628,394
heart-long-beach,4,2,0.018419265747070312,0,728,444,249,185
heart-long-beach,4,3,0.07232213020324707,0,4776,1441,999,349
heart-long-beach,4,5,0.21453571319580078,0,16349,3582,2904,560
datatrieve,2,2,0.010392189025878906,0,399,137,86,86
datatrieve,2,3,0.019714832305908203,0,1095,267,183,166
datatrieve,2,5,0.028645753860473633,0,1801,369,287,233
jEdit_4.0_4.2,2,2,0.011608600616455078,0,368,267,148,138
jEdit_4.0_4.2,2,3,0.03021860122680664,0,1682,536,352,259
jEdit_4.0_4.2,2,5,0.06118059158325195,0,4099,780,482,408
ND_LVL_1_4_NormalDist_Random-Synthetic__2_5_10000000_,0,2,9.027175426483154,0,276,276,143,135
ND_LVL_1_4_NormalDist_Random-Synthetic__2_5_10000000_,0,3,15.46179461479187,0,1526,1209,623,304
ND_LVL_1_4_NormalDist_Random-Synthetic__2_5_10000000_,0,5,28.982898235321045,0,5036,2600,1330,412
pitt1_2,WOOD,2,0.0064580440521240234,0,170,45,27,27
pitt1_2,WOOD,3,0.008221626281738281,0,324,60,35,35
pitt1_2,WOOD,5,0.008681297302246094,0,368,61,35,35
backache,2,2,0.0570521354675293,0,3200,1485,803,364
backache,2,3,0.29880428314208984,0,18725,7222,3911,676
backache,2,5,3.0940728187561035,0,200434,71183,28561,1351
ND_LVL_3_1_NormalDist_Random-Synthetic__2_20_10000_,0,2,0.7643024921417236,0,37779,11613,6155,599
ND_LVL_3_1_NormalDist_Random-Synthetic__2_20_10000_,0,3,17.608415365219116,0,1171116,45389,28930,1019
ND_LVL_3_1_NormalDist_Random-Synthetic__2_20_10000_,0,5,54.10944080352783,0,4158793,45639,29240,1035
ED_LVL_1_3_EqualDist_Random-Synthetic__2_5_1000000_,1,2,0.9155640602111816,0,276,276,134,131
ED_LVL_1_3_EqualDist_Random-Synthetic__2_5_1000000_,1,3,1.4398770332336426,0,1526,1526,766,306
ED_LVL_1_3_EqualDist_Random-Synthetic__2_5_1000000_,1,5,3.048827648162842,0,7776,4651,2331,438
thyroid_hypothyroid,hypothyroid,2,0.020503997802734375,0,459,303,182,164
thyroid_hypothyroid,hypothyroid,3,0.06224846839904785,0,2229,1156,872,295
thyroid_hypothyroid,hypothyroid,5,0.4663877487182617,0,18945,9521,8877,464
grammatical_a3,1,2,1.0807137489318848,0,67068,3235,3021,1228
grammatical_a3,1,3,15.380847215652466,0,1068977,46157,44978,3216
grammatical_a3,1,5,-1.0,1,-1,-1,-1,-1
crx,positive,2,0.028290510177612305,0,1190,677,371,278
crx,positive,3,0.08597946166992188,0,4867,1323,889,517
crx,positive,5,0.20716595649719238,0,12545,1872,1455,846
GermanCredit_UCI_,2,2,0.05039620399475098,0,2255,1127,647,256
GermanCredit_UCI_,2,3,0.18590283393859863,0,10000,2773,1964,460
GermanCredit_UCI_,2,5,0.3837442398071289,0,21361,5733,4493,969
pc1,2,2,0.043076515197753906,0,1866,723,463,334
pc1,2,3,0.1262671947479248,0,7094,1820,1389,459
pc1,2,5,1.2904329299926758,0,83333,20574,14996,1685
mfeat-pixel,8,2,1.6821553707122803,0,92316,5670,5410,951
mfeat-pixel,8,3,19.658419847488403,0,1117705,33937,33484,1593
mfeat-pixel,8,5,518.358146905899,0,33631664,511391,486210,4070
hv_noise,0,2,1.1557786464691162,0,79601,20201,10100,624
hv_noise,0,3,35.10687565803528,0,2666801,667001,333500,996
hv_noise,0,5,-1.0,1,-1,-1,-1,-1
image,WINDOW,2,0.044411420822143555,0,1464,589,389,299
image,WINDOW,3,0.11220860481262207,0,5616,1053,980,600
image,WINDOW,5,0.49840450286865234,0,30123,2695,2654,1062
ED_LVL_1_4_EqualDist_Random-Synthetic__2_5_10000000_,0,2,9.100434303283691,0,276,276,132,131
ED_LVL_1_4_EqualDist_Random-Synthetic__2_5_10000000_,0,3,15.712263584136963,0,1526,1526,747,322
ED_LVL_1_4_EqualDist_Random-Synthetic__2_5_10000000_,0,5,38.79564356803894,0,7776,4651,2318,487
polish_bankruptcy_4year,1,2,0.30510663986206055,0,11197,2147,1637,596
polish_bankruptcy_4year,1,3,2.4952752590179443,0,123029,10907,8919,1363
polish_bankruptcy_4year,1,5,44.90024995803833,0,2371057,104162,97989,4245
lung,3,2,0.07400178909301758,0,5302,995,416,224
lung,3,3,0.3466324806213379,0,29253,3658,2308,342
lung,3,5,1.5295212268829346,0,133797,12470,9053,517
credit,+,2,0.0279843807220459,0,1168,647,368,279
credit,+,3,0.0815880298614502,0,4465,1179,819,508
credit,+,5,0.21134257316589355,0,12639,1889,1414,894
lymphography,fibrosis,2,0.01781916618347168,0,870,209,174,148
lymphography,fibrosis,3,0.04804062843322754,0,3381,393,365,236
lymphography,fibrosis,5,0.10365772247314453,0,8486,479,471,269
I_LVL0_Interesting_Non-Random-Synthetic__2_4_62500_,1,2,0.05508136749267578,0,156,152,109,104
I_LVL0_Interesting_Non-Random-Synthetic__2_4_62500_,1,3,0.06929874420166016,0,546,291,249,189
I_LVL0_Interesting_Non-Random-Synthetic__2_4_62500_,1,5,0.08015036582946777,0,796,419,377,276
ring,0,2,0.11139464378356934,0,3121,1187,836,385
ring,0,3,0.7554559707641602,0,34321,3301,2062,930
ring,0,5,2.5311336517333984,0,138885,6769,4053,1601
mc1,2,2,0.12740063667297363,0,2314,901,670,343
mc1,2,3,0.7764537334442139,0,23953,8021,6035,896
mc1,2,5,23.392491340637207,0,851781,246214,180202,3214
thyroid_allhyper,goitre.,2,0.04239940643310547,0,1289,623,421,266
thyroid_allhyper,goitre.,3,0.22626090049743652,0,9423,2843,2124,830
thyroid_allhyper,goitre.,5,4.343961000442505,0,218316,49505,38702,1649
mammographics,1,2,0.007961750030517578,0,183,118,66,66
mammographics,1,3,0.015616655349731445,0,664,261,148,133
mammographics,1,5,0.018105745315551758,0,821,254,189,159
dresses,1,2,0.07734942436218262,0,6306,731,368,228
dresses,1,3,0.4977426528930664,0,46875,2199,1198,428
dresses,1,5,1.6181018352508545,0,166347,3701,2017,535
U_LVL1_0_Uninteresting_Non-Random-Synthetic__2_2_4_,0,2,0.003190755844116211,0,1,0,0,0
U_LVL1_0_Uninteresting_Non-Random-Synthetic__2_2_4_,0,3,0.003374814987182617,0,1,0,0,0
U_LVL1_0_Uninteresting_Non-Random-Synthetic__2_2_4_,0,5,0.0033659934997558594,0,1,0,0,0
thyroid_new_thyroid,2,2,0.006608247756958008,0,149,59,31,31
thyroid_new_thyroid,2,3,0.00855398178100586,0,321,72,44,44
thyroid_new_thyroid,2,5,0.009023666381835938,0,349,78,50,50
Balance_UCI_,R,2,0.00765681266784668,0,171,165,75,75
Balance_UCI_,R,3,0.013240814208984375,0,651,165,75,75
Balance_UCI_,R,5,0.013500452041625977,0,651,165,75,75
vert2,NO,2,0.009466886520385742,0,265,196,115,115
vert2,NO,3,0.02120208740234375,0,1153,297,205,179
vert2,NO,5,0.02641010284423828,0,1677,312,226,194
U_LVL3_1_Uninteresting_Non-Random-Synthetic__2_7_8235430_,0,2,14.538880586624146,0,1079,1079,0,0
U_LVL3_1_Uninteresting_Non-Random-Synthetic__2_7_8235430_,0,3,59.48857927322388,0,13084,13084,0,0
U_LVL3_1_Uninteresting_Non-Random-Synthetic__2_7_8235430_,0,5,286.52214217185974,0,97119,13084,0,0
rmftsa_sleepdata,3,2,0.004352569580078125,0,25,22,7,7
rmftsa_sleepdata,3,3,0.004281759262084961,0,25,22,7,7
rmftsa_sleepdata,3,5,0.004380941390991211,0,25,22,7,7
thoracic-surgery,1,2,0.02214646339416504,0,885,598,323,239
thoracic-surgery,1,3,0.11269402503967285,0,6513,2831,1592,418
thoracic-surgery,1,5,0.9097104072570801,0,56942,17839,9581,818
kc3,2,2,0.08074426651000977,0,3930,1162,937,379
kc3,2,3,0.5138669013977051,0,33338,6132,5062,810
kc3,2,5,9.837342739105225,0,711163,129676,123263,1915
tae,2,2,0.005717039108276367,0,111,70,33,33
tae,2,3,0.008393287658691406,0,281,124,58,58
tae,2,5,0.01016378402709961,0,411,138,65,65
leaf,32,2,0.02600383758544922,0,1358,330,324,232
leaf,32,3,0.04911041259765625,0,3462,411,410,318
leaf,32,5,0.0924067497253418,0,7156,544,543,403
australian,1,2,0.021843671798706055,0,798,612,319,244
australian,1,3,0.07041454315185547,0,3731,1205,783,476
australian,1,5,0.21232175827026367,0,12519,2032,1545,911
dermatology,4,2,0.05414390563964844,0,2971,823,721,417
dermatology,4,3,0.33794593811035156,0,22796,4286,4213,990
dermatology,4,5,4.477291107177734,0,317159,46616,46587,2648
Heart_Statlog__UCI_,2,2,0.01961970329284668,0,753,500,279,219
Heart_Statlog__UCI_,2,3,0.054337501525878906,0,3008,828,668,445
Heart_Statlog__UCI_,2,5,0.11405754089355469,0,7343,1046,932,590
Census-Income_KDD__UCI_,50000+,2,3.9253287315368652,0,15512,1262,910,546
Census-Income_KDD__UCI_,50000+,3,11.299200773239136,0,77704,6618,2937,1090
Census-Income_KDD__UCI_,50000+,5,156.14316749572754,0,1362258,89919,41995,3250
japanese,+,2,0.027057170867919922,0,1168,647,368,279
japanese,+,3,0.08080077171325684,0,4465,1179,819,508
japanese,+,5,0.20154690742492676,0,12639,1889,1414,894
heart_hungarian,1,2,0.004930734634399414,0,65,52,22,22
heart_hungarian,1,3,0.00640559196472168,0,145,90,39,39
heart_hungarian,1,5,0.006743431091308594,0,161,100,46,46
I_LVL2_2_Interesting_Non-Random-Synthetic__2_5_312500_,1,2,0.29094743728637695,0,256,252,182,131
I_LVL2_2_Interesting_Non-Random-Synthetic__2_5_312500_,1,3,0.42746829986572266,0,1311,676,552,283
I_LVL2_2_Interesting_Non-Random-Synthetic__2_5_312500_,1,5,0.6171488761901855,0,3316,992,868,443
forest,h ,2,0.054412841796875,0,2837,554,365,261
forest,h ,3,0.12676382064819336,0,8265,776,469,410
forest,h ,5,0.889167308807373,0,76809,6309,668,582
robot5,bottom_collision,2,0.013253927230834961,0,317,280,139,135
robot5,bottom_collision,3,0.02976679801940918,0,1225,526,409,327
robot5,bottom_collision,5,0.06592178344726562,0,3577,897,735,540
pen,6,2,0.05996394157409668,0,1009,535,289,235
pen,6,3,0.1032416820526123,0,2938,898,637,544
pen,6,5,0.2071211338043213,0,8086,1355,1294,1103
U_LVL3_0_Uninteresting_Non-Random-Synthetic__2_7_823543_,0,2,0.771404504776001,0,1,0,0,0
U_LVL3_0_Uninteresting_Non-Random-Synthetic__2_7_823543_,0,3,0.7659659385681152,0,1,0,0,0
U_LVL3_0_Uninteresting_Non-Random-Synthetic__2_7_823543_,0,5,0.767249345779419,0,1,0,0,0
robot3,slightly_moved,2,0.01197052001953125,0,341,326,164,147
robot3,slightly_moved,3,0.03351163864135742,0,1841,566,402,202
robot3,slightly_moved,5,0.04929161071777344,0,3205,557,400,229
DefaultofCreditCard,1,2,0.33421850204467773,0,4776,2054,1073,343
DefaultofCreditCard,1,3,2.1121010780334473,0,54443,6688,3963,614
DefaultofCreditCard,1,5,12.95966911315918,0,387723,26424,18035,1215
zoo,7,2,0.01174020767211914,0,417,201,138,129
zoo,7,3,0.026455402374267578,0,1365,459,434,276
zoo,7,5,0.05991792678833008,0,3859,869,867,411
breast_tissue,gla,2,0.010204792022705078,0,473,93,53,53
breast_tissue,gla,3,0.016687393188476562,0,1025,160,106,106
breast_tissue,gla,5,0.019270658493041992,0,1205,192,172,155
flare, B,2,0.01310586929321289,0,444,171,84,84
flare, B,3,0.02588629722595215,0,1320,348,280,160
flare, B,5,0.06515026092529297,0,4304,973,456,317
banana,1,2,0.005453348159790039,0,25,25,13,13
banana,1,3,0.005672931671142578,0,25,25,13,13
banana,1,5,0.005578041076660156,0,25,25,13,13
polish_bankruptcy_2year,1,2,0.3967571258544922,0,16752,2057,1867,540
polish_bankruptcy_2year,1,3,1.9667730331420898,0,99716,5506,4908,1172
polish_bankruptcy_2year,1,5,15.822442770004272,0,959218,66486,60218,3623
polish_bankruptcy_3year,1,2,0.5112061500549316,0,20719,2714,2267,643
polish_bankruptcy_3year,1,3,2.6964492797851562,0,133708,9596,8026,1308
polish_bankruptcy_3year,1,5,35.82860279083252,0,1942905,112335,92180,3540
qualitative,B,2,0.006676197052001953,0,151,96,52,52
qualitative,B,3,0.01145792007446289,0,457,181,127,127
qualitative,B,5,0.014826774597167969,0,643,219,186,180
mfeat-morphological,8,2,0.008720159530639648,0,172,102,39,39
mfeat-morphological,8,3,0.014765024185180664,0,506,239,111,110
mfeat-morphological,8,5,0.01543116569519043,0,536,231,184,176
fourclass,1,2,0.004240989685058594,0,25,20,12,12
fourclass,1,3,0.0041086673736572266,0,25,20,12,12
fourclass,1,5,0.0041806697845458984,0,25,20,12,12
liver,1,2,0.009757757186889648,0,265,247,123,122
liver,1,3,0.024576187133789062,0,1481,405,200,170
liver,1,5,0.029047012329101562,0,1933,414,205,170
badges2,1,2,0.011838912963867188,0,404,283,155,142
badges2,1,3,0.03579521179199219,0,2115,724,408,270
badges2,1,5,0.0664680004119873,0,4510,1107,601,474
kc1-binary,1,2,0.24496769905090332,0,17624,2057,1791,421
kc1-binary,1,3,1.9373729228973389,0,149280,8142,7118,572
kc1-binary,1,5,40.90685153007507,0,3154176,84140,69418,1096
tao,black,2,0.004270792007446289,0,25,23,12,12
tao,black,3,0.0044324398040771484,0,25,23,12,12
tao,black,5,0.004308223724365234,0,25,23,12,12
ND_LVL_2_4_NormalDist_Random-Synthetic__2_10_10000000_,0,2,41.32057976722717,0,4601,2801,1421,340
ND_LVL_2_4_NormalDist_Random-Synthetic__2_10_10000000_,0,3,313.1737596988678,0,76601,27761,13782,631
ND_LVL_2_4_NormalDist_Random-Synthetic__2_10_10000000_,0,5,-1.0,1,-1,-1,-1,-1
breast_cancer_wis_pro2,R,2,0.15072035789489746,0,10903,1675,1290,353
breast_cancer_wis_pro2,R,3,0.7592971324920654,0,73565,1983,1502,419
breast_cancer_wis_pro2,R,5,1.1623015403747559,0,115265,2453,1882,449
soybean_small,D3,2,0.016580820083618164,0,791,245,188,173
soybean_small,D3,3,0.034902334213256836,0,2033,561,524,339
soybean_small,D3,5,0.0676419734954834,0,4535,1069,1003,440
U_LVL1_3_Uninteresting_Non-Random-Synthetic__2_2_4000_,0,2,0.0043871402740478516,0,9,9,0,0
U_LVL1_3_Uninteresting_Non-Random-Synthetic__2_2_4000_,0,3,0.004496097564697266,0,9,9,0,0
U_LVL1_3_Uninteresting_Non-Random-Synthetic__2_2_4000_,0,5,0.004647970199584961,0,9,9,0,0
semeion,8,2,1.505814790725708,0,65211,20385,18673,774
semeion,8,3,27.895142316818237,0,1338853,186784,185449,1507
semeion,8,5,946.6743681430817,0,48523729,2322601,2320312,3282
ED_LVL_3_0_EqualDist_Random-Synthetic__2_20_1000_,0,2,0.770122766494751,0,76401,425,203,172
ED_LVL_3_0_EqualDist_Random-Synthetic__2_20_1000_,0,3,0.7885739803314209,0,79501,425,203,172
ED_LVL_3_0_EqualDist_Random-Synthetic__2_20_1000_,0,5,0.7998151779174805,0,79501,425,203,172
molecular_splice,IE,2,0.5306870937347412,0,27036,4283,3439,597
molecular_splice,IE,3,2.3343276977539062,0,140200,3866,3669,1103
molecular_splice,IE,5,6.399892568588257,0,415916,4333,4247,1991
audiology_std,cochlear_noise_and_heredity,2,0.07184672355651855,0,3966,1831,1830,177
audiology_std,cochlear_noise_and_heredity,3,1.1648540496826172,0,79944,36051,36050,284
audiology_std,cochlear_noise_and_heredity,5,200.7543590068817,0,13845630,5985197,5985196,709
automobile,-1,2,0.03890585899353027,0,2302,537,435,291
automobile,-1,3,0.13472533226013184,0,10606,1159,1061,476
automobile,-1,5,0.5713016986846924,0,50426,2751,2611,867
volcanoes-d2,3,2,0.008494377136230469,0,61,56,17,17
volcanoes-d2,3,3,0.01022195816040039,0,125,87,36,36
volcanoes-d2,3,5,0.010344982147216797,0,125,87,36,36
grammatical_a2,1,2,1.0829317569732666,0,65070,3504,3269,1522
grammatical_a2,1,3,19.174217462539673,0,1284034,44046,43848,4513
grammatical_a2,1,5,-1.0,1,-1,-1,-1,-1
U_LVL2_3_Uninteresting_Non-Random-Synthetic__2_5_3125000_,0,2,2.7562756538391113,0,276,276,0,0
U_LVL2_3_Uninteresting_Non-Random-Synthetic__2_5_3125000_,0,3,4.429084777832031,0,1526,1526,0,0
U_LVL2_3_Uninteresting_Non-Random-Synthetic__2_5_3125000_,0,5,10.063257455825806,0,7776,4651,0,0
analcatdata_authorship,4,2,0.19360995292663574,0,10571,1784,1283,695
analcatdata_authorship,4,3,0.8216636180877686,0,52342,3442,2840,1485
analcatdata_authorship,4,5,4.03402853012085,0,307991,5777,4269,2466
I_LVL3_1_Interesting_Non-Random-Synthetic__2_7_8235430_,1,2,13.996354579925537,0,995,991,811,124
I_LVL3_1_Interesting_Non-Random-Synthetic__2_7_8235430_,1,3,52.954984188079834,0,11460,1087,907,204
I_LVL3_1_Interesting_Non-Random-Synthetic__2_7_8235430_,1,5,56.766597270965576,0,12916,1087,907,204
EqualDist_Random-Synthetic__2_7_8520_,0,2,0.02840423583984375,0,494,494,244,183
EqualDist_Random-Synthetic__2_7_8520_,0,3,0.10894060134887695,0,4000,3822,1947,415
EqualDist_Random-Synthetic__2_7_8520_,0,5,0.5803101062774658,0,32132,7423,4363,605
cmc,3,2,0.014680862426757812,0,409,364,182,160
cmc,3,3,0.054490089416503906,0,2599,1312,796,336
cmc,3,5,0.14741182327270508,0,8325,2710,1942,616
Adult_UCI_,>50K,2,0.15339326858520508,0,2413,500,265,219
Adult_UCI_,>50K,3,0.33935999870300293,0,10285,903,549,437
Adult_UCI_,>50K,5,0.6484842300415039,0,25644,1239,991,721
I_LVL1_2_Interesting_Non-Random-Synthetic__2_2_400_,1,2,0.003481149673461914,0,7,6,4,4
I_LVL1_2_Interesting_Non-Random-Synthetic__2_2_400_,1,3,0.003895282745361328,0,7,6,4,4
I_LVL1_2_Interesting_Non-Random-Synthetic__2_2_400_,1,5,0.003770112991333008,0,7,6,4,4
monks1,0,2,0.0069196224212646484,0,135,120,80,80
monks1,0,3,0.015328407287597656,0,519,461,362,202
monks1,0,5,0.027158021926879883,0,1321,584,474,241
ND_LVL_3_0_NormalDist_Random-Synthetic__2_20_1000_,0,2,0.337005615234375,0,26711,4225,2802,445
ND_LVL_3_0_NormalDist_Random-Synthetic__2_20_1000_,0,3,4.01186728477478,0,403252,4370,2947,478
ND_LVL_3_0_NormalDist_Random-Synthetic__2_20_1000_,0,5,4.184951543807983,0,417897,4370,2947,478
grammatical_a1,1,2,1.509976863861084,0,95674,5663,5273,1376
grammatical_a1,1,3,28.97743058204651,0,1979099,73303,71734,3844
grammatical_a1,1,5,-1.0,1,-1,-1,-1,-1
mfeat-zernike,8,2,0.2819535732269287,0,14297,1994,1849,519
mfeat-zernike,8,3,1.3744101524353027,0,81565,3211,3106,762
mfeat-zernike,8,5,3.582204818725586,0,226765,6028,5916,1244
twonorm,1,2,0.09661316871643066,0,2701,733,560,377
twonorm,1,3,0.40842151641845703,0,18481,1043,1000,656
twonorm,1,5,0.7955729961395264,0,40313,1776,1733,1364
auto7_1,class3,2,0.022555112838745117,0,734,722,381,250
auto7_1,class3,3,0.14635539054870605,0,7609,3489,2291,548
auto7_1,class3,5,0.580329179763794,0,38841,5021,3772,643
grammatical_b4,1,2,1.8167426586151123,0,111288,6372,6010,1295
grammatical_b4,1,3,22.269279718399048,0,1475297,69852,69130,3391
grammatical_b4,1,5,-1.0,1,-1,-1,-1,-1
wave2,2,2,0.26181960105895996,0,10025,1811,1375,518
wave2,2,3,1.8594880104064941,0,98113,3114,2768,1006
wave2,2,5,5.758863210678101,0,332649,4861,4566,1703
volcanoes-d1,3,2,0.00844120979309082,0,61,57,15,15
volcanoes-d1,3,3,0.010619640350341797,0,125,90,35,35
volcanoes-d1,3,5,0.010286331176757812,0,125,90,35,35
mfeat-fourier,8,2,0.630730390548706,0,34089,2015,1127,484
mfeat-fourier,8,3,2.4316012859344482,0,147101,6932,5123,1260
mfeat-fourier,8,5,8.533589124679565,0,653845,9154,7335,2174
breast,recurrence-events,2,0.013334512710571289,0,510,272,140,132
breast,recurrence-events,3,0.03676295280456543,0,2143,778,385,262
breast,recurrence-events,5,0.08560872077941895,0,5908,1522,583,335
I_LVL2_3_Interesting_Non-Random-Synthetic__2_5_3125000_,1,2,2.772669553756714,0,256,252,182,145
I_LVL2_3_Interesting_Non-Random-Synthetic__2_5_3125000_,1,3,4.17635703086853,0,1301,343,274,153
I_LVL2_3_Interesting_Non-Random-Synthetic__2_5_3125000_,1,5,4.7577455043792725,0,1876,424,355,234
U_LVL2_4_Uninteresting_Non-Random-Synthetic__2_5_31250000_,1,2,28.356337547302246,0,276,276,0,0
U_LVL2_4_Uninteresting_Non-Random-Synthetic__2_5_31250000_,1,3,49.616148471832275,0,1526,1526,0,0
U_LVL2_4_Uninteresting_Non-Random-Synthetic__2_5_31250000_,1,5,128.66319799423218,0,7776,4651,0,0
horse_colic_outcome,2,2,0.005465030670166016,0,1,0,0,0
horse_colic_outcome,2,3,0.005394935607910156,0,1,0,0,0
horse_colic_outcome,2,5,0.005336761474609375,0,1,0,0,0
ND_LVL_2_0_NormalDist_Random-Synthetic__2_10_1000_,1,2,0.06022381782531738,0,3614,1302,672,304
ND_LVL_2_0_NormalDist_Random-Synthetic__2_10_1000_,1,3,0.39672350883483887,0,34174,2673,1659,438
ND_LVL_2_0_NormalDist_Random-Synthetic__2_10_1000_,1,5,0.7010908126831055,0,63647,2686,1668,445
wall4,Slight-Right-Turn,2,0.007473945617675781,0,77,60,33,33
wall4,Slight-Right-Turn,3,0.010223388671875,0,165,121,75,75
wall4,Slight-Right-Turn,5,0.010545730590820312,0,209,139,90,90
hayes,2,2,0.0052547454833984375,0,88,49,29,29
hayes,2,3,0.006543636322021484,0,192,65,44,44
hayes,2,5,0.006850481033325195,0,208,65,44,44
analcatdata_germangss,4,2,0.0064966678619384766,0,144,135,25,25
analcatdata_germangss,4,3,0.012940406799316406,0,560,270,71,71
analcatdata_germangss,4,5,0.015388965606689453,0,720,287,77,77
thyroid_allhypo,primary hypothyroid.,2,0.04296302795410156,0,1291,699,464,292
thyroid_allhypo,primary hypothyroid.,3,0.25458455085754395,0,10756,3401,2905,800
thyroid_allhypo,primary hypothyroid.,5,4.603841543197632,0,210752,47957,47094,2719
user,High,2,0.007502079010009766,0,181,148,71,71
user,High,3,0.014322996139526367,0,805,150,71,71
user,High,5,0.014637947082519531,0,805,150,71,71
thyroid_dis,discordant.,2,0.04443216323852539,0,1338,831,507,282
thyroid_dis,discordant.,3,0.2794630527496338,0,11694,4278,3257,762
thyroid_dis,discordant.,5,5.6722118854522705,0,254640,59101,47171,2022
synthetic_control,4,2,0.1884751319885254,0,11117,2010,1913,1151
synthetic_control,4,3,1.1909754276275635,0,85645,6401,6310,3172
synthetic_control,4,5,2.560459852218628,0,206153,11152,11101,5076
titanic,1,2,0.004894733428955078,0,29,27,16,16
titanic,1,3,0.005610942840576172,0,41,39,24,24
titanic,1,5,0.005568742752075195,0,41,39,24,24
secom,1,2,0.39568114280700684,0,19019,9324,7160,615
secom,1,3,7.153772830963135,0,416500,36760,32077,1291
secom,1,5,49.996262073516846,0,3152564,101336,94215,2132
wine,1,2,0.020134687423706055,0,945,363,282,238
wine,1,3,0.04560399055480957,0,3441,286,259,233
wine,1,5,0.04696226119995117,0,3457,271,266,242
thyroid_allrep,overreplacement.,2,0.04049944877624512,0,1203,584,440,259
thyroid_allrep,overreplacement.,3,0.21857285499572754,0,9390,2926,2622,669
thyroid_allrep,overreplacement.,5,5.156389951705933,0,256109,60505,56425,2332
post,S,2,0.007524967193603516,0,228,113,51,51
post,S,3,0.0160982608795166,0,846,274,128,124
post,S,5,0.02913355827331543,0,1897,453,217,180
human,1,2,9.279514789581299,0,371504,7534,7466,1216
human,1,3,61.28721332550049,0,2863360,26438,26417,2384
human,1,5,954.4209589958191,0,49297836,337511,337507,8127
connectionist_sonar,R,2,0.3873147964477539,0,26465,2071,1524,601
connectionist_sonar,R,3,1.5446500778198242,0,145469,1789,1487,715
connectionist_sonar,R,5,2.407529830932617,0,232909,1829,1522,734
hiv_746,-1,2,0.1073293685913086,0,9841,384,123,120
hiv_746,-1,3,0.20251679420471191,0,19701,609,125,122
hiv_746,-1,5,0.2915530204772949,0,28361,968,126,123
madelon,1,2,44.954644203186035,0,1988347,1309461,765947,1119
madelon,1,3,-1.0,1,-1,-1,-1,-1
madelon,1,5,-1.0,1,-1,-1,-1,-1
NormalDist_Random-Synthetic__2_14_7418_,0,2,0.06989526748657227,0,1770,1572,779,271
NormalDist_Random-Synthetic__2_14_7418_,0,3,0.5608482360839844,0,25315,13495,7108,507
NormalDist_Random-Synthetic__2_14_7418_,0,5,8.96718692779541,0,495990,84720,48082,1064
led,2,2,0.0063474178314208984,0,99,91,40,40
led,2,3,0.011244535446166992,0,343,270,136,133
led,2,5,0.018529415130615234,0,753,399,243,216
ND_LVL_1_0_NormalDist_Random-Synthetic__2_5_1000_,1,2,0.010332107543945312,0,276,234,110,110
ND_LVL_1_0_NormalDist_Random-Synthetic__2_5_1000_,1,3,0.025985240936279297,0,1296,533,270,200
ND_LVL_1_0_NormalDist_Random-Synthetic__2_5_1000_,1,5,0.037854671478271484,0,2156,632,326,224
auto4,class1,2,1.60915207862854,0,74847,44938,25243,692
auto4,class1,3,80.24286818504333,0,4727237,204942,131192,1249
auto4,class1,5,637.9902198314667,0,37749816,483853,349741,2282
Tic-Tac-ToeEndgame_UCI_,negative,2,0.013349771499633789,0,352,352,151,143
Tic-Tac-ToeEndgame_UCI_,negative,3,0.05053377151489258,0,2284,1141,684,336
Tic-Tac-ToeEndgame_UCI_,negative,5,0.13528132438659668,0,7699,1735,1233,545
Covertype,7,2,4.8116066455841064,0,6207,3181,1799,347
Covertype,7,3,13.475921154022217,0,38809,18033,10536,959
Covertype,7,5,1026.695243358612,0,3709291,1563515,847238,8556
pc4,2,2,0.1035153865814209,0,4917,1434,1156,457
pc4,2,3,0.5725255012512207,0,33250,4329,3928,720
pc4,2,5,5.306246757507324,0,335563,31805,29596,1345
ED_LVL_3_4_EqualDist_Random-Synthetic__2_20_10000000_,0,2,407.2845776081085,0,76401,76401,38113,754
ED_LVL_3_4_EqualDist_Random-Synthetic__2_20_10000000_,0,3,-1.0,1,-1,-1,-1,-1
ED_LVL_3_4_EqualDist_Random-Synthetic__2_20_10000000_,0,5,-1.0,1,-1,-1,-1,-1
firm,1,2,0.053260087966918945,0,717,621,353,227
firm,1,3,0.29456257820129395,0,7859,3256,2377,558
firm,1,5,0.39861559867858887,0,14153,5141,4465,1219
ND_LVL_2_2_NormalDist_Random-Synthetic__2_10_100000_,0,2,0.444303035736084,0,4601,2648,1322,367
ND_LVL_2_2_NormalDist_Random-Synthetic__2_10_100000_,0,3,2.992131233215332,0,70161,23274,11876,561
ND_LVL_2_2_NormalDist_Random-Synthetic__2_10_100000_,0,5,32.772743940353394,0,987281,66615,35449,793
ND_LVL_3_2_NormalDist_Random-Synthetic__2_20_100000_,1,2,2.6450932025909424,0,46216,17390,8957,551
ND_LVL_3_2_NormalDist_Random-Synthetic__2_20_100000_,1,3,67.2072286605835,0,1946023,247039,133012,938
ND_LVL_3_2_NormalDist_Random-Synthetic__2_20_100000_,1,5,664.91015625,0,21380373,252908,136691,936
Stroke_Kaggle_,1,2,0.022618532180786133,0,431,348,210,159
Stroke_Kaggle_,1,3,0.060663461685180664,0,2034,907,642,337
Stroke_Kaggle_,1,5,0.18175554275512695,0,8288,1511,1293,529
spambase,1,2,0.1479647159576416,0,4241,2834,1429,789
spambase,1,3,1.3315653800964355,0,46106,23186,6032,647
spambase,1,5,182.53368067741394,0,6461693,2319363,716401,1025
echocardio,1,2,0.010130167007446289,0,486,69,33,33
echocardio,1,3,0.015038728713989258,0,923,75,34,34
echocardio,1,5,0.014917850494384766,0,958,75,34,34
phoneme,1,2,0.012864351272583008,0,181,175,84,84
phoneme,1,3,0.023316144943237305,0,669,432,270,228
phoneme,1,5,0.03744053840637207,0,1421,610,429,349
texture,14,2,0.19651150703430176,0,7389,1427,1256,582
texture,14,3,0.8365964889526367,0,42277,2883,2764,1143
texture,14,5,3.3894965648651123,0,196389,11266,9668,3309
statlog_is,7,2,0.03859567642211914,0,1396,522,388,314
statlog_is,7,3,0.08082866668701172,0,4007,874,802,666
statlog_is,7,5,0.1437244415283203,0,8049,1278,1272,1186
banknote,1,2,0.00652313232421875,0,101,86,53,53
banknote,1,3,0.009615421295166016,0,261,169,122,117
banknote,1,5,0.010988473892211914,0,325,186,143,133
NormalDist_Random-Synthetic__2_6_5132_,1,2,0.011356115341186523,0,132,132,71,71
NormalDist_Random-Synthetic__2_6_5132_,1,3,0.022354602813720703,0,524,522,278,198
NormalDist_Random-Synthetic__2_6_5132_,1,5,0.054177045822143555,0,1980,1578,802,332
ilpd,2,2,0.018477678298950195,0,687,484,322,224
ilpd,2,3,0.07173562049865723,0,4263,1333,1018,447
ilpd,2,5,0.19089818000793457,0,14499,1758,1456,496
EqualDist_Random-Synthetic__2_7_7307_,0,2,0.020328283309936523,0,325,325,168,152
EqualDist_Random-Synthetic__2_7_7307_,0,3,0.06284451484680176,0,2050,2045,1055,411
EqualDist_Random-Synthetic__2_7_7307_,0,5,0.3245229721069336,0,15203,7461,4329,677
ND_LVL_1_3_NormalDist_Random-Synthetic__2_5_1000000_,1,2,0.9116230010986328,0,276,276,132,126
ND_LVL_1_3_NormalDist_Random-Synthetic__2_5_1000000_,1,3,1.4028992652893066,0,1526,1274,598,297
ND_LVL_1_3_NormalDist_Random-Synthetic__2_5_1000000_,1,5,2.3724365234375,0,5261,2745,1320,416
satimage,5,2,0.1153252124786377,0,3573,1077,679,463
satimage,5,3,0.7242414951324463,0,36221,6010,4032,1718
satimage,5,5,7.853077411651611,0,458153,33225,28001,4356
turkiye,11,2,0.26989173889160156,0,11184,3050,1673,570
turkiye,11,3,1.6912786960601807,0,85989,14753,10826,716
turkiye,11,5,45.98036217689514,0,2646109,512165,388725,3076
I_LVL3_0_Interesting_Non-Random-Synthetic__2_7_823543_,1,2,1.3253018856048584,0,911,168,139,127
I_LVL3_0_Interesting_Non-Random-Synthetic__2_7_823543_,1,3,1.8377559185028076,0,2976,292,263,250
I_LVL3_0_Interesting_Non-Random-Synthetic__2_7_823543_,1,5,2.2252395153045654,0,4845,292,263,250
auto2, class2,2,11.941264390945435,0,303676,303291,151764,984
auto2, class2,3,-1.0,1,-1,-1,-1,-1
auto2, class2,5,-1.0,1,-1,-1,-1,-1
oil_spill,2,2,0.18564367294311523,0,9778,1049,999,321
oil_spill,2,3,0.3267056941986084,0,20692,1469,1454,628
oil_spill,2,5,0.7678742408752441,0,52137,3147,3139,1239
DryBeans,HOROZ,2,0.06166243553161621,0,1117,491,301,265
DryBeans,HOROZ,3,0.1265430450439453,0,4057,1159,704,615
DryBeans,HOROZ,5,0.4144449234008789,0,19209,3533,2119,1676
spectf_heart,0,2,0.21823501586914062,0,13465,2756,2457,661
spectf_heart,0,3,1.6121106147766113,0,152925,3866,3375,776
spectf_heart,0,5,2.811896324157715,0,275841,5209,3493,824
I_LVL2_4_Interesting_Non-Random-Synthetic__2_5_31250000_,1,2,27.801707983016968,0,256,252,182,130
I_LVL2_4_Interesting_Non-Random-Synthetic__2_5_31250000_,1,3,45.86030554771423,0,1311,430,285,164
I_LVL2_4_Interesting_Non-Random-Synthetic__2_5_31250000_,1,5,56.601266622543335,0,2141,529,395,274
planning,2,2,0.02487015724182129,0,1105,726,372,221
planning,2,3,0.11512613296508789,0,10013,924,511,255
planning,2,5,0.14229869842529297,0,12869,959,527,260
I_LVL1_3_Interesting_Non-Random-Synthetic__2_2_4000_,1,2,0.004372835159301758,0,7,6,4,4
I_LVL1_3_Interesting_Non-Random-Synthetic__2_2_4000_,1,3,0.004536151885986328,0,7,6,4,4
I_LVL1_3_Interesting_Non-Random-Synthetic__2_2_4000_,1,5,0.004498720169067383,0,7,6,4,4
trains,west,2,0.006747722625732422,0,81,1,0,0
trains,west,3,0.006787538528442383,0,81,1,0,0
trains,west,5,0.006687164306640625,0,81,1,0,0
ED_LVL_3_1_EqualDist_Random-Synthetic__2_20_10000_,0,2,1.5452125072479248,0,76401,22537,18149,759
ED_LVL_3_1_EqualDist_Random-Synthetic__2_20_10000_,0,3,40.19191861152649,0,3276321,22537,18149,759
ED_LVL_3_1_EqualDist_Random-Synthetic__2_20_10000_,0,5,40.298473834991455,0,3276321,22537,18149,759
appendicitis,1,2,0.008434057235717773,0,345,81,34,34
appendicitis,1,3,0.012748956680297852,0,669,119,64,64
appendicitis,1,5,0.014332294464111328,0,809,140,84,84
mc2,2,2,0.09336280822753906,0,6276,1309,892,414
mc2,2,3,0.3442997932434082,0,27296,3220,3065,670
mc2,2,5,3.303607702255249,0,288384,31982,31810,1268
breast_cancer_wis_ori,M,2,0.057122230529785156,0,2957,642,488,380
breast_cancer_wis_ori,M,3,0.09408164024353027,0,5561,553,552,544
breast_cancer_wis_ori,M,5,0.27688097953796387,0,19485,1081,1080,1072
urban,shadow ,2,0.2670328617095947,0,14441,1678,1497,735
urban,shadow ,3,1.7072975635528564,0,108025,4867,4628,1195
urban,shadow ,5,57.44187021255493,0,3894041,105443,105088,2407
parkinsons,0,2,0.04920840263366699,0,2421,622,487,334
parkinsons,0,3,0.11701726913452148,0,9461,737,563,386
parkinsons,0,5,0.2645702362060547,0,23565,1279,932,580
haberman,2,2,0.004737377166748047,0,52,50,28,28
haberman,2,3,0.005445241928100586,0,100,57,29,29
haberman,2,5,0.0057125091552734375,0,100,57,29,29
pitt1_3,LONG,2,0.007225751876831055,0,239,68,37,37
pitt1_3,LONG,3,0.00953531265258789,0,412,95,50,50
pitt1_3,LONG,5,0.009918451309204102,0,446,97,51,51
NormalDist_Random-Synthetic__2_8_5616_,0,2,0.027532339096069336,0,666,635,305,218
NormalDist_Random-Synthetic__2_8_5616_,0,3,0.1229715347290039,0,5470,3337,1795,456
NormalDist_Random-Synthetic__2_8_5616_,0,5,0.6222293376922607,0,35166,9021,5369,766
musk,2,2,2.4208714962005615,0,101193,4121,4073,1180
musk,2,3,10.18032717704773,0,490975,10097,10077,1965
musk,2,5,89.62355589866638,0,4704240,77964,77947,4051
car,good,2,0.008528709411621094,0,139,105,101,101
car,good,3,0.01670360565185547,0,505,301,297,207
car,good,5,0.026747941970825195,0,1060,407,403,298
libras,4,2,0.17580556869506836,0,10509,1145,1026,613
libras,4,3,1.1984026432037354,0,91389,4506,3466,1509
libras,4,5,45.48637652397156,0,4129625,134484,95268,2654
monks2,1,2,0.007359027862548828,0,137,137,91,91
monks2,1,3,0.016685009002685547,0,574,546,321,220
monks2,1,5,0.03369450569152832,0,1655,805,572,301
onehund_tex,Acer Capillipes,2,0.10910630226135254,0,4672,991,947,350
onehund_tex,Acer Capillipes,3,0.5046687126159668,0,27147,3693,3651,513
onehund_tex,Acer Capillipes,5,3.8180723190307617,0,224836,23849,23786,1457
grammatical_b3,0,2,1.0423438549041748,0,67902,3590,3406,1271
grammatical_b3,0,3,18.902512550354004,0,1351295,75287,75186,3579
grammatical_b3,0,5,-1.0,1,-1,-1,-1,-1
volcanoes-a4,5,2,0.005269527435302734,0,61,47,18,18
volcanoes-a4,5,3,0.006455183029174805,0,117,66,37,37
volcanoes-a4,5,5,0.00674891471862793,0,117,66,37,37
chronic_kidney_disease,ckd,2,0.028818130493164062,0,1486,483,301,279
chronic_kidney_disease,ckd,3,0.08162260055541992,0,5545,921,616,576
chronic_kidney_disease,ckd,5,0.30576109886169434,0,23994,3347,1029,1001
PopularKids,2,2,0.017193317413330078,0,671,460,234,181
PopularKids,2,3,0.060500144958496094,0,3802,1305,808,339
PopularKids,2,5,0.22434544563293457,0,16827,2883,1729,534
ED_LVL_2_2_EqualDist_Random-Synthetic__2_10_100000_,1,2,0.4685544967651367,0,4601,4601,2350,411
ED_LVL_2_2_EqualDist_Random-Synthetic__2_10_100000_,1,3,5.091691017150879,0,124601,42632,26233,701
ED_LVL_2_2_EqualDist_Random-Synthetic__2_10_100000_,1,5,30.21801781654358,0,911271,42632,26233,701
yeast,ME1,2,0.00967097282409668,0,198,133,78,78
yeast,ME1,3,0.015998363494873047,0,506,260,243,209
yeast,ME1,5,0.026835203170776367,0,1123,349,348,305
auto8,class9,2,65.10523176193237,0,4196959,141426,124718,1259
auto8,class9,3,-1.0,1,-1,-1,-1,-1
auto8,class9,5,-1.0,1,-1,-1,-1,-1
analcatdata_dmft,1,2,0.007384061813354492,0,171,122,54,54
analcatdata_dmft,1,3,0.011859655380249023,0,394,225,104,104
analcatdata_dmft,1,5,0.012788534164428711,0,469,232,110,110
pc2,2,2,0.08961629867553711,0,2222,781,611,406
pc2,2,3,0.4757874011993408,0,19064,4977,4212,1182
pc2,2,5,13.176154613494873,0,619644,133952,121421,4051
scene,2,2,10.33671522140503,0,553389,27546,25924,1352
scene,2,3,39.1762318611145,0,2269787,30266,29229,1917
scene,2,5,23.830510139465332,0,1402525,33016,32643,2778
first,1,2,0.41494274139404297,0,14873,3774,2496,510
first,1,3,1.566671371459961,0,64323,11557,10351,1018
first,1,5,6.5441179275512695,0,315496,67290,59208,4601
ecoli,om,2,0.0070858001708984375,0,165,86,58,58
ecoli,om,3,0.013087272644042969,0,491,193,151,142
ecoli,om,5,0.020157337188720703,0,1063,242,215,197
grammatical_a7,1,2,1.17647385597229,0,68335,5727,5483,1286
grammatical_a7,1,3,31.600337266921997,0,2009338,135186,134710,4333
grammatical_a7,1,5,-1.0,1,-1,-1,-1,-1
ND_LVL_3_3_NormalDist_Random-Synthetic__2_20_1000000_,0,2,22.17905068397522,0,52655,21535,10898,538
ND_LVL_3_3_NormalDist_Random-Synthetic__2_20_1000000_,0,3,612.5962898731232,0,2553388,367863,184629,947
ND_LVL_3_3_NormalDist_Random-Synthetic__2_20_1000000_,0,5,-1.0,1,-1,-1,-1,-1
parkinson_speech,0,2,0.10265326499938965,0,5205,728,513,190
parkinson_speech,0,3,0.34033894538879395,0,19307,1241,1039,621
parkinson_speech,0,5,0.770033597946167,0,48212,1854,1712,1092
grammatical_b9,1,2,2.0014426708221436,0,115124,5596,5286,1177
grammatical_b9,1,3,27.9315447807312,0,1779228,56500,54777,2463
grammatical_b9,1,5,-1.0,1,-1,-1,-1,-1
climate,0,2,0.05787968635559082,0,2744,1031,810,341
climate,0,3,0.2686457633972168,0,17796,1338,1249,520
climate,0,5,0.47742581367492676,0,37532,1340,1251,521
isolet,14,2,10.861664295196533,0,345028,16521,15518,1660
isolet,14,3,172.1702835559845,0,6002500,223357,215328,4041
isolet,14,5,-1.0,1,-1,-1,-1,-1
auto7_3,class3,2,0.020138978958129883,0,734,669,328,240
auto7_3,class3,3,0.12073898315429688,0,7160,2679,1784,520
auto7_3,class3,5,0.37969446182250977,0,29053,3860,2933,632
volcanoes-d3,3,2,0.008784055709838867,0,61,56,17,17
volcanoes-d3,3,3,0.010492801666259766,0,125,88,35,35
volcanoes-d3,3,5,0.010330677032470703,0,125,88,35,35
Diabetic,0,2,0.04723620414733887,0,1936,1255,804,302
Diabetic,0,3,0.18435931205749512,0,9678,2621,1826,423
Diabetic,0,5,0.8429460525512695,0,46683,6684,5381,772
ar4,2,2,0.03809070587158203,0,2448,498,375,257
ar4,2,3,0.14573240280151367,0,11594,1627,1622,355
ar4,2,5,1.6864535808563232,0,151162,12612,12607,520
auto5, class3,2,1.729321002960205,0,108706,13047,11413,862
auto5, class3,3,16.92297101020813,0,1267944,15305,14592,1362
auto5, class3,5,31.10464644432068,0,2537930,15788,15158,1415
Chess_King-Rookvs.King-Pawn__UCI_,nowin,2,0.06758856773376465,0,2158,1532,823,418
Chess_King-Rookvs.King-Pawn__UCI_,nowin,3,0.5001769065856934,0,21831,9867,5434,729
Chess_King-Rookvs.King-Pawn__UCI_,nowin,5,9.355334997177124,0,407165,115980,70632,1193
bankruptcy,1,2,0.0055387020111083984,0,161,19,11,11
bankruptcy,1,3,0.0058214664459228516,0,161,19,11,11
bankruptcy,1,5,0.005631208419799805,0,161,19,11,11
onehund_sha,Acer Capillipes,2,0.09675765037536621,0,4609,515,510,324
onehund_sha,Acer Capillipes,3,0.20095038414001465,0,12277,761,756,515
onehund_sha,Acer Capillipes,5,0.5188150405883789,0,35125,1725,1721,879
pc3,2,2,0.10999464988708496,0,5130,1385,950,433
pc3,2,3,0.5517323017120361,0,32209,5166,3842,936
pc3,2,5,4.739912271499634,0,318270,42957,28645,3167
Marketing_EoSL_,9,2,0.06265664100646973,0,2007,740,363,265
Marketing_EoSL_,9,3,0.13612580299377441,0,5874,1264,896,517
Marketing_EoSL_,9,5,0.23885154724121094,0,11993,1784,1723,883
I_LVL2_1_Interesting_Non-Random-Synthetic__2_5_31250_,1,2,0.04193854331970215,0,256,252,182,144
I_LVL2_1_Interesting_Non-Random-Synthetic__2_5_31250_,1,3,0.07543492317199707,0,1311,697,552,323
I_LVL2_1_Interesting_Non-Random-Synthetic__2_5_31250_,1,5,0.1340324878692627,0,3616,1296,1162,511
wpbc,R,2,0.13007426261901855,0,8452,1736,1318,360
wpbc,R,3,0.5855653285980225,0,53895,2067,1532,430
wpbc,R,5,0.8903076648712158,0,83003,2496,1904,453
volcanoes-a3,4,2,0.005291938781738281,0,61,42,25,25
volcanoes-a3,4,3,0.0064716339111328125,0,121,61,44,44
volcanoes-a3,4,5,0.006585836410522461,0,121,61,44,44
winsconsin,4,2,0.009668588638305664,0,231,201,136,133
winsconsin,4,3,0.022063255310058594,0,892,465,358,344
winsconsin,4,5,0.037487030029296875,0,1710,661,541,521
optical,5,2,0.23628854751586914,0,6394,1892,1500,515
optical,5,3,1.2787179946899414,0,39789,8001,6835,823
optical,5,5,20.18208599090576,0,649007,115480,107022,2813
NormalDist_Random-Synthetic__2_12_5886_,0,2,0.05008101463317871,0,1373,1148,593,275
NormalDist_Random-Synthetic__2_12_5886_,0,3,0.3432743549346924,0,16296,7568,4060,470
NormalDist_Random-Synthetic__2_12_5886_,0,5,3.8160579204559326,0,229164,33446,19878,904
horse_colic_lesion,1,2,0.005235433578491211,0,1,0,0,0
horse_colic_lesion,1,3,0.0053043365478515625,0,1,0,0,0
horse_colic_lesion,1,5,0.0053558349609375,0,1,0,0,0
contraceptive,3,2,0.014941930770874023,0,409,364,182,160
contraceptive,3,3,0.05501413345336914,0,2599,1312,796,336
contraceptive,3,5,0.1501920223236084,0,8325,2710,1942,616
heart_switzerland,1,2,0.008597135543823242,0,341,84,52,52
heart_switzerland,1,3,0.016727924346923828,0,942,164,121,119
heart_switzerland,1,5,0.023906230926513672,0,1523,248,209,184
saheart,1,2,0.01584172248840332,0,547,497,283,205
saheart,1,3,0.06435894966125488,0,4077,934,727,347
saheart,1,5,0.10577273368835449,0,8105,973,771,366
analcatdata_boxing2,2,2,0.006106376647949219,0,204,36,16,16
analcatdata_boxing2,2,3,0.007517576217651367,0,336,36,16,16
analcatdata_boxing2,2,5,0.007470607757568359,0,336,36,16,16
analcatdata_lawsuit,2,2,0.00484013557434082,0,65,33,21,21
analcatdata_lawsuit,2,3,0.0055620670318603516,0,103,45,32,32
analcatdata_lawsuit,2,5,0.005553722381591797,0,109,46,33,33
pc1_req,2,2,0.007071495056152344,0,161,104,49,49
pc1_req,2,3,0.01523900032043457,0,670,352,165,141
pc1_req,2,5,0.03547191619873047,0,1983,803,447,225
robot1,collision,2,0.023577451705932617,0,305,246,156,141
robot1,collision,3,0.04288840293884277,0,1217,439,336,237
robot1,collision,5,0.053769588470458984,0,3137,805,531,405
credit-g,1,2,0.05482602119445801,0,2628,1198,688,258
credit-g,1,3,0.2006845474243164,0,11711,2648,1941,458
credit-g,1,5,0.4158484935760498,0,25410,5178,4182,949
lsvt,1,2,1.612529993057251,0,130989,3561,3129,920
lsvt,1,3,11.40139126777649,0,1124210,9715,8134,1202
lsvt,1,5,126.86991500854492,0,12063209,1236256,1006994,1636
acute-inflammations,2,2,0.005117893218994141,0,69,54,42,42
acute-inflammations,2,3,0.007368564605712891,0,183,111,97,97
acute-inflammations,2,5,0.009319305419921875,0,279,144,137,134
cardio10,8,2,0.036457061767578125,0,1317,529,401,315
cardio10,8,3,0.09545040130615234,0,4658,1154,1070,737
cardio10,8,5,0.3481602668762207,0,19806,2968,2931,1630
phishing,-1,2,0.11667370796203613,0,1771,1128,671,389
phishing,-1,3,0.49244093894958496,0,10619,3994,2829,760
phishing,-1,5,6.22525691986084,0,154346,37475,29114,2625
prnn_synth,1,2,0.003927469253540039,0,25,19,9,9
prnn_synth,1,3,0.0039942264556884766,0,25,19,9,9
prnn_synth,1,5,0.004433631896972656,0,25,19,9,9
mice,t-SC-s,2,0.21067571640014648,0,12689,1351,1243,579
mice,t-SC-s,3,0.5754973888397217,0,40039,3688,1515,1031
mice,t-SC-s,5,19.069162368774414,0,1796499,127009,2618,2126
U_LVL0_Uninteresting_Non-Random-Synthetic__2_4_62500_,0,2,0.05661749839782715,0,171,171,0,0
U_LVL0_Uninteresting_Non-Random-Synthetic__2_4_62500_,0,3,0.07757091522216797,0,671,671,0,0
U_LVL0_Uninteresting_Non-Random-Synthetic__2_4_62500_,0,5,0.10143327713012695,0,1296,1296,0,0
grammatical_a4,1,2,1.6823525428771973,0,100717,12395,12091,1688
grammatical_a4,1,3,73.22868824005127,0,4731985,456207,455859,5033
grammatical_a4,1,5,-1.0,1,-1,-1,-1,-1
NormalDist_Random-Synthetic__2_7_7283_,1,2,0.025560617446899414,0,494,481,231,186
NormalDist_Random-Synthetic__2_7_7283_,1,3,0.08865690231323242,0,3450,2410,1287,380
NormalDist_Random-Synthetic__2_7_7283_,1,5,0.3487510681152344,0,17532,6342,3703,605
ND_LVL_2_1_NormalDist_Random-Synthetic__2_10_10000_,0,2,0.10576224327087402,0,3781,2037,1066,333
ND_LVL_2_1_NormalDist_Random-Synthetic__2_10_10000_,0,3,0.8991177082061768,0,50721,11114,6254,650
ND_LVL_2_1_NormalDist_Random-Synthetic__2_10_10000_,0,5,4.414279222488403,0,306661,16255,10231,824
grammatical_b2,1,2,2.7766876220703125,0,167476,14556,13935,1661
grammatical_b2,1,3,78.09697484970093,0,4971632,273500,268709,5091
grammatical_b2,1,5,-1.0,1,-1,-1,-1,-1
ED_LVL_2_0_EqualDist_Random-Synthetic__2_10_1000_,1,2,0.0795893669128418,0,4601,1830,1062,322
ED_LVL_2_0_EqualDist_Random-Synthetic__2_10_1000_,1,3,0.5962188243865967,0,56141,1830,1062,322
ED_LVL_2_0_EqualDist_Random-Synthetic__2_10_1000_,1,5,0.5944550037384033,0,56141,1830,1062,322
grammatical_b6,1,2,1.7057156562805176,0,100494,6573,6361,1783
grammatical_b6,1,3,35.291943311691284,0,2268803,98070,97981,5258
grammatical_b6,1,5,-1.0,1,-1,-1,-1,-1
I_LVL2_0_Interesting_Non-Random-Synthetic__2_5_3125_,1,2,0.01219940185546875,0,236,228,117,108
I_LVL2_0_Interesting_Non-Random-Synthetic__2_5_3125_,1,3,0.025759220123291016,0,961,299,209,119
I_LVL2_0_Interesting_Non-Random-Synthetic__2_5_3125_,1,5,0.030736446380615234,0,1386,299,209,119
gesture_raw,Preparation,2,0.0870504379272461,0,2813,1456,849,365
gesture_raw,Preparation,3,0.3974792957305908,0,20293,4390,2913,729
gesture_raw,Preparation,5,3.0611939430236816,0,181989,37453,19134,1725
monks3,0,2,0.0069692134857177734,0,137,134,53,53
monks3,0,3,0.015292167663574219,0,548,454,216,195
monks3,0,5,0.03020477294921875,0,1438,598,298,250
I_LVL1_0_Interesting_Non-Random-Synthetic__2_2_4_,1,2,0.0032033920288085938,0,1,0,0,0
I_LVL1_0_Interesting_Non-Random-Synthetic__2_2_4_,1,3,0.0032961368560791016,0,1,0,0,0
I_LVL1_0_Interesting_Non-Random-Synthetic__2_2_4_,1,5,0.0032434463500976562,0,1,0,0,0
wall2,Slight-Right-Turn,2,0.004951953887939453,0,21,8,5,5
wall2,Slight-Right-Turn,3,0.005084514617919922,0,21,8,5,5
wall2,Slight-Right-Turn,5,0.004984855651855469,0,21,8,5,5
abalone,1,2,0.018924713134765625,0,452,333,131,127
abalone,1,3,0.04478025436401367,0,1812,820,393,312
abalone,1,5,0.10364627838134766,0,5516,1541,860,521
wholesale,2,2,0.011041879653930664,0,324,250,144,138
wholesale,2,3,0.024035215377807617,0,1272,396,292,238
wholesale,2,5,0.033858537673950195,0,2168,384,323,269
soybean_large,purple-seed-stain,2,0.04600119590759277,0,2452,910,738,402
soybean_large,purple-seed-stain,3,0.12122988700866699,0,7865,2459,2448,792
soybean_large,purple-seed-stain,5,0.551903486251831,0,41741,11275,11274,1120
U_LVL2_1_Uninteresting_Non-Random-Synthetic__2_5_31250_,0,2,0.03934526443481445,0,276,276,0,0
U_LVL2_1_Uninteresting_Non-Random-Synthetic__2_5_31250_,0,3,0.07852435111999512,0,1526,1526,0,0
U_LVL2_1_Uninteresting_Non-Random-Synthetic__2_5_31250_,0,5,0.2285773754119873,0,7776,4651,0,0
onehund_mar,Acer Capillipes,2,0.10025715827941895,0,4456,820,765,443
onehund_mar,Acer Capillipes,3,0.5385046005249023,0,31872,3728,3676,1155
onehund_mar,Acer Capillipes,5,10.004178524017334,0,695506,75652,75597,1920
jEdit_4.2_4.3,1,2,0.012112855911254883,0,368,295,154,143
jEdit_4.2_4.3,1,3,0.03493165969848633,0,1868,707,461,287
jEdit_4.2_4.3,1,5,0.07989788055419922,0,5692,1241,825,361
hiv_impens,1,2,0.09853577613830566,0,8800,336,162,149
hiv_impens,1,3,0.17087888717651367,0,16521,339,163,150
hiv_impens,1,5,0.17336225509643555,0,16617,339,163,150
abalone_ori,18,2,0.017746448516845703,0,436,265,156,146
abalone_ori,18,3,0.04174637794494629,0,1676,576,430,318
abalone_ori,18,5,0.08267521858215332,0,4216,1017,887,506
ada_agnostic,2,2,0.11702394485473633,0,3182,1830,1264,468
ada_agnostic,2,3,0.9204826354980469,0,32221,15624,11229,724
ada_agnostic,2,5,63.21770215034485,0,2190320,1050339,842920,2833
pitt1_1,DECK,2,0.007016181945800781,0,222,66,34,34
pitt1_1,DECK,3,0.009280920028686523,0,384,93,44,44
pitt1_1,DECK,5,0.009975910186767578,0,416,95,45,45
hiv_1625,1,2,0.07505655288696289,0,5421,379,293,264
hiv_1625,1,3,0.11519885063171387,0,9181,362,357,325
hiv_1625,1,5,0.16954851150512695,0,13461,495,493,464
mfeat-factors,7,2,1.0738117694854736,0,55549,2546,1845,867
mfeat-factors,7,3,5.704594373703003,0,334773,15255,6052,2082
mfeat-factors,7,5,28.131240129470825,0,2022281,42594,20794,5001
ED_LVL_1_0_EqualDist_Random-Synthetic__2_5_1000_,0,2,0.01091456413269043,0,276,276,133,127
ED_LVL_1_0_EqualDist_Random-Synthetic__2_5_1000_,0,3,0.02964496612548828,0,1526,606,329,235
ED_LVL_1_0_EqualDist_Random-Synthetic__2_5_1000_,0,5,0.03980851173400879,0,2406,606,329,235
ED_LVL_3_2_EqualDist_Random-Synthetic__2_20_100000_,1,2,4.244274139404297,0,76401,76401,38669,732
ED_LVL_3_2_EqualDist_Random-Synthetic__2_20_100000_,1,3,303.65318727493286,0,9196401,76401,38669,732
ED_LVL_3_2_EqualDist_Random-Synthetic__2_20_100000_,1,5,303.0500931739807,0,9196401,76401,38669,732
Seismic-Bumps_UCI_,1,2,0.02837204933166504,0,795,668,310,233
Seismic-Bumps_UCI_,1,3,0.07903480529785156,0,2973,1992,1171,602
Seismic-Bumps_UCI_,1,5,0.5020811557769775,0,22199,12082,6875,1445
pitt2_4,S,2,0.006635427474975586,0,176,67,36,36
pitt2_4,S,3,0.009897708892822266,0,395,114,56,56
pitt2_4,S,5,0.010740518569946289,0,475,122,58,58
lenses,softCL,2,0.0039005279541015625,0,20,5,3,3
lenses,softCL,3,0.0037779808044433594,0,20,5,3,3
lenses,softCL,5,0.0038743019104003906,0,20,5,3,3
statlog_ls,5,2,0.11574482917785645,0,3573,1077,679,463
statlog_ls,5,3,0.7223224639892578,0,36221,6010,4032,1718
statlog_ls,5,5,7.723091125488281,0,458153,33225,28001,4356
EqualDist_Random-Synthetic__2_14_5644_,1,2,0.07877373695373535,0,2527,2527,1265,331
EqualDist_Random-Synthetic__2_14_5644_,1,3,1.030470609664917,0,52792,21842,12576,705
EqualDist_Random-Synthetic__2_14_5644_,1,5,6.302561521530151,0,422629,32422,20314,978
thyroid_sick,sick.,2,0.047110557556152344,0,1421,904,485,302
thyroid_sick,sick.,3,0.2491893768310547,0,10055,3498,2280,756
thyroid_sick,sick.,5,5.7330358028411865,0,253535,55288,36941,3198
BreastCancerWisconsin_UCI_,4,2,0.05179858207702637,0,3077,288,203,193
BreastCancerWisconsin_UCI_,4,3,0.08924078941345215,0,7585,371,222,210
BreastCancerWisconsin_UCI_,4,5,0.10109305381774902,0,8626,396,222,208
pamap2,1,2,0.39525628089904785,0,4129,949,740,323
pamap2,1,3,0.6309092044830322,0,12545,1141,1023,553
pamap2,1,5,1.9603123664855957,0,68017,7588,7476,1455
U_LVL1_2_Uninteresting_Non-Random-Synthetic__2_2_400_,1,2,0.003745555877685547,0,9,9,0,0
U_LVL1_2_Uninteresting_Non-Random-Synthetic__2_2_400_,1,3,0.0036880970001220703,0,9,9,0,0
U_LVL1_2_Uninteresting_Non-Random-Synthetic__2_2_400_,1,5,0.0036237239837646484,0,9,9,0,0
visualizing_livestock,4,2,0.004073619842529297,0,31,4,2,2
visualizing_livestock,4,3,0.004001140594482422,0,31,4,2,2
visualizing_livestock,4,5,0.004088401794433594,0,31,4,2,2
volcanoes-a2,4,2,0.00550389289855957,0,61,42,22,22
volcanoes-a2,4,3,0.006630420684814453,0,121,61,41,41
volcanoes-a2,4,5,0.006610870361328125,0,121,61,41,41
blogger,no,2,0.006026744842529297,0,99,50,18,18
blogger,no,3,0.007615089416503906,0,192,77,22,22
blogger,no,5,0.007760763168334961,0,222,86,23,23
grammatical_a5,1,2,2.5889992713928223,0,150108,5113,4801,1262
grammatical_a5,1,3,29.806427240371704,0,1747146,49982,49211,3454
grammatical_a5,1,5,-1.0,1,-1,-1,-1,-1
prnn_crabs,1,2,0.009810447692871094,0,315,175,85,85
prnn_crabs,1,3,0.022508621215820312,0,1279,384,210,167
prnn_crabs,1,5,0.0361170768737793,0,2271,513,322,266
hepatitis,1,2,0.021033525466918945,0,983,401,221,185
hepatitis,1,3,0.06132674217224121,0,4081,758,548,345
hepatitis,1,5,0.19405531883239746,0,16523,1278,976,543
