dataset_name,target_value,depth,Apriori_DP (PS)-real_time_taken,Apriori_DP (PS)-failed,Apriori_DP (PS)-sgs_evaluated,Apriori_DP (PS)-sgs_eval_interesting,Apriori_DP (PS)-sgs_quality_interesting,Apriori_DP (PS)-sgs_top_k_interesting
spect_heart,0,2,0.021874666213989258,0,905,273,265,222
spect_heart,0,3,0.04644632339477539,0,2445,1813,1805,513
spect_heart,0,5,1.709986925125122,0,32244,28066,31604,868
fertility,O,2,0.011231184005737305,0,380,243,155,74
fertility,O,3,0.024810314178466797,0,1244,957,766,132
fertility,O,5,0.1178586483001709,0,3938,3627,3398,146
ND_LVL_1_1_NormalDist_Random-Synthetic__2_5_10000_,1,2,0.02076411247253418,0,325,275,137,131
ND_LVL_1_1_NormalDist_Random-Synthetic__2_5_10000_,1,3,0.05493664741516113,0,1575,1042,788,228
ND_LVL_1_1_NormalDist_Random-Synthetic__2_5_10000_,1,5,0.10935235023498535,0,3024,1475,1571,246
Mushroom_UCI_,p,2,0.1316206455230713,0,4395,311,1502,375
Mushroom_UCI_,p,3,0.15942740440368652,0,5204,415,2259,488
Mushroom_UCI_,p,5,0.16963934898376465,0,5382,561,2433,576
wall24,Slight-Right-Turn,2,0.10392355918884277,0,4190,263,1669,404
wall24,Slight-Right-Turn,3,0.11522412300109863,0,4622,335,2101,503
wall24,Slight-Right-Turn,5,0.12097811698913574,0,4662,366,2141,526
thyroid_allbp,increased binding protein.,2,0.05089926719665527,0,1894,402,657,252
thyroid_allbp,increased binding protein.,3,0.11179256439208984,0,4592,2020,2817,578
thyroid_allbp,increased binding protein.,5,1.7538001537322998,0,31959,25976,25129,893
analcatdata_creditscore,1,2,0.007990598678588867,0,192,124,85,28
analcatdata_creditscore,1,3,0.012124300003051758,0,458,361,265,46
analcatdata_creditscore,1,5,0.02167057991027832,0,841,739,605,55
primary,1,2,0.02121710777282715,0,1043,300,433,170
primary,1,3,0.04142403602600098,0,2443,882,1439,379
primary,1,5,0.10018491744995117,0,4949,2553,3688,567
breast_tissue_merged,car,2,0.010699987411499023,0,336,230,174,65
breast_tissue_merged,car,3,0.024079322814941406,0,1185,965,864,103
breast_tissue_merged,car,5,0.07335782051086426,0,3200,2099,2840,111
pima,1,2,0.014208793640136719,0,465,311,216,178
pima,1,3,0.03772711753845215,0,1934,404,1366,231
pima,1,5,0.0384061336517334,0,1960,409,1392,232
Divorce,1,2,0.09447097778320312,0,6486,198,6081,414
Divorce,1,3,0.09729146957397461,0,6717,280,6312,488
Divorce,1,5,0.09990572929382324,0,6822,384,6417,494
asbestos,(3)_Above_legal_limit,2,0.004781007766723633,0,36,26,13,8
asbestos,(3)_Above_legal_limit,3,0.005142927169799805,0,48,35,19,9
asbestos,(3)_Above_legal_limit,5,0.0051729679107666016,0,48,35,19,9
bupa,1,2,0.010089635848999023,0,300,259,131,122
bupa,1,3,0.028998613357543945,0,1505,436,730,165
bupa,1,5,0.03270769119262695,0,1567,463,789,167
U_LVL2_0_Uninteresting_Non-Random-Synthetic__2_5_3125_,0,2,0.012875795364379883,0,325,275,0,0
U_LVL2_0_Uninteresting_Non-Random-Synthetic__2_5_3125_,0,3,0.03726983070373535,0,1575,1525,0,0
U_LVL2_0_Uninteresting_Non-Random-Synthetic__2_5_3125_,0,5,0.39864301681518555,0,7825,7775,0,0
cardio3,2,2,0.0491642951965332,0,2213,275,742,273
cardio3,2,3,0.06769990921020508,0,3130,563,1649,408
cardio3,2,5,0.08472633361816406,0,3785,1020,2302,509
volcanoes-d4,3,2,0.010129690170288086,0,78,59,17,17
volcanoes-d4,3,3,0.011654376983642578,0,138,94,36,36
volcanoes-d4,3,5,0.011666059494018555,0,138,94,36,36
pitt2_3,LONG,2,0.008157968521118164,0,194,137,91,40
pitt2_3,LONG,3,0.014112234115600586,0,557,469,343,64
pitt2_3,LONG,5,0.0353083610534668,0,1402,1298,1065,69
grammatical_b5,1,2,0.6157402992248535,0,30103,1715,29350,708
grammatical_b5,1,3,0.841933012008667,0,41329,9927,40564,763
grammatical_b5,1,5,30.030866384506226,0,184613,148895,183845,772
ED_LVL_1_2_EqualDist_Random-Synthetic__2_5_100000_,0,2,0.12457990646362305,0,325,275,139,133
ED_LVL_1_2_EqualDist_Random-Synthetic__2_5_100000_,0,3,0.2640221118927002,0,1575,1525,768,216
ED_LVL_1_2_EqualDist_Random-Synthetic__2_5_100000_,0,5,1.0729420185089111,0,7825,4650,3955,216
pitt1_4,S,2,0.00816965103149414,0,214,151,99,34
pitt1_4,S,3,0.015108108520507812,0,621,509,380,44
pitt1_4,S,5,0.036054134368896484,0,1443,1306,1135,44
ND_LVL_2_3_NormalDist_Random-Synthetic__2_10_1000000_,0,2,5.643782377243042,0,5050,2808,2224,281
ND_LVL_2_3_NormalDist_Random-Synthetic__2_10_1000000_,0,3,44.164196729660034,0,56896,36411,28715,304
ND_LVL_2_3_NormalDist_Random-Synthetic__2_10_1000000_,0,5,-1.0,1,-1,-1,-1,-1
gesture_va,P,2,0.7342269420623779,0,8256,1594,4281,398
gesture_va,P,3,1.3992950916290283,0,24672,2024,20154,458
gesture_va,P,5,0.8179404735565186,0,24982,2125,20463,482
connectionist_vowel,4,2,0.033347368240356445,0,1655,296,583,304
connectionist_vowel,4,3,0.047156333923339844,0,2419,420,1316,392
connectionist_vowel,4,5,0.04848313331604004,0,2467,451,1364,401
breast_cancer_wis_pro,R,2,0.14290332794189453,0,10594,981,4649,380
breast_cancer_wis_pro,R,3,0.19257736206054688,0,13260,1388,7232,445
breast_cancer_wis_pro,R,5,0.2152702808380127,0,13986,1881,7957,501
diggle_table_a2,8,2,0.00841379165649414,0,168,113,76,70
diggle_table_a2,8,3,0.013018131256103516,0,437,194,293,194
diggle_table_a2,8,5,0.015610456466674805,0,578,280,434,258
page,5,2,0.03086686134338379,0,781,173,244,184
page,5,3,0.03942108154296875,0,1133,287,590,300
page,5,5,0.04283642768859863,0,1267,380,724,343
steel-plates-fault,2,2,0.11326813697814941,0,5784,894,3352,466
steel-plates-fault,2,3,0.18793511390686035,0,9156,2042,6496,661
steel-plates-fault,2,5,0.2531275749206543,0,11390,2570,8684,862
mechanical,4,2,0.02296924591064453,0,381,256,155,145
mechanical,4,3,0.04990196228027344,0,1316,594,717,263
mechanical,4,5,0.06038546562194824,0,1606,800,973,302
OnlineShoppersIntention,True,2,0.1406688690185547,0,3660,461,1452,297
OnlineShoppersIntention,True,3,0.2415928840637207,0,5748,1388,3129,423
OnlineShoppersIntention,True,5,0.4765458106994629,0,9090,4425,6028,486
ED_LVL_2_1_EqualDist_Random-Synthetic__2_10_10000_,1,2,0.1451120376586914,0,5050,4600,2264,355
ED_LVL_2_1_EqualDist_Random-Synthetic__2_10_10000_,1,3,3.3855533599853516,0,125050,4600,68469,355
ED_LVL_2_1_EqualDist_Random-Synthetic__2_10_10000_,1,5,3.3478634357452393,0,125050,4600,68469,355
glass,3,2,0.01215815544128418,0,382,249,174,137
glass,3,3,0.025494813919067383,0,1278,425,875,240
glass,3,5,0.0319974422454834,0,1612,759,1209,264
molecular_promoter,+,2,0.3652632236480713,0,25879,427,9894,442
molecular_promoter,+,3,0.3705158233642578,0,26245,476,10260,495
molecular_promoter,+,5,0.37357568740844727,0,26254,480,10269,499
blood,1,2,0.007769346237182617,0,136,97,46,46
blood,1,3,0.00995779037475586,0,281,204,102,84
blood,1,5,0.011065483093261719,0,319,242,123,96
weight,B,2,1.0131518840789795,0,68852,525,48830,391
weight,B,3,1.020491600036621,0,69214,607,49192,476
weight,B,5,1.0233545303344727,0,69297,690,49275,518
ozone1,1,2,0.6272833347320557,0,32926,818,13093,467
ozone1,1,3,0.7110641002655029,0,36992,2517,17159,583
ozone1,1,5,2.0585038661956787,0,61170,23114,41337,648
U_LVL2_2_Uninteresting_Non-Random-Synthetic__2_5_312500_,0,2,0.3561866283416748,0,325,275,0,0
U_LVL2_2_Uninteresting_Non-Random-Synthetic__2_5_312500_,0,3,0.673581600189209,0,1575,1525,0,0
U_LVL2_2_Uninteresting_Non-Random-Synthetic__2_5_312500_,0,5,2.5018160343170166,0,7825,7775,0,0
ionosphere,b,2,0.11461853981018066,0,8256,297,3571,357
ionosphere,b,3,0.12560009956359863,0,8855,354,4169,409
ionosphere,b,5,0.13131356239318848,0,8882,356,4196,410
grammatical_b7,1,2,0.6835596561431885,0,33569,1007,32734,919
grammatical_b7,1,3,0.8261792659759521,0,41773,8054,40937,1067
grammatical_b7,1,5,57.05726432800293,0,359011,321335,358175,1134
wine_quality,4,2,0.043808937072753906,0,1081,599,440,237
wine_quality,4,3,0.12553000450134277,0,4624,912,3187,312
wine_quality,4,5,0.1319441795349121,0,4831,1033,3385,322
VehicleCouponRecommendation,0,2,0.13966917991638184,0,4186,1063,1798,308
VehicleCouponRecommendation,0,3,0.3884572982788086,0,11991,3513,6068,415
VehicleCouponRecommendation,0,5,1.2551445960998535,0,22426,11273,11580,474
auto7_2,class3,2,0.020472049713134766,0,780,643,348,218
auto7_2,class3,3,0.1110374927520752,0,6167,1293,3364,328
auto7_2,class3,5,0.1264948844909668,0,6678,1522,3807,352
wave,0,2,0.10064435005187988,0,3570,492,1701,413
wave,0,3,0.12688779830932617,0,4748,673,2867,413
wave,0,5,0.13234233856201172,0,4939,727,3058,413
cnae9,4,2,7.733491659164429,0,453548,368495,330652,838
cnae9,4,3,-1.0,1,-1,-1,-1,-1
cnae9,4,5,-1.0,1,-1,-1,-1,-1
grammatical_a9,1,2,0.21874666213989258,0,9577,2447,8931,528
grammatical_a9,1,3,1.0072081089019775,0,47098,19168,46452,559
grammatical_a9,1,5,159.51626586914062,0,454330,415856,453684,568
teaching,2,2,0.018790483474731445,0,1005,228,179,21
teaching,2,3,0.02431178092956543,0,1304,496,407,25
teaching,2,5,0.029591798782348633,0,1498,688,586,25
auto6_1,class8,2,0.1835613250732422,0,12090,2635,5641,418
auto6_1,class8,3,0.6350317001342773,0,29366,3146,21840,454
auto6_1,class8,5,0.6315827369689941,0,29417,3151,21891,456
ED_LVL_2_4_EqualDist_Random-Synthetic__2_10_10000000_,1,2,59.05605101585388,0,5050,4600,2314,357
ED_LVL_2_4_EqualDist_Random-Synthetic__2_10_10000000_,1,3,-1.0,1,-1,-1,-1,-1
ED_LVL_2_4_EqualDist_Random-Synthetic__2_10_10000000_,1,5,-1.0,1,-1,-1,-1,-1
ozone8,1,2,1.233447551727295,0,30914,829,14962,500
ozone8,1,3,0.7242460250854492,0,34606,2695,18654,610
ozone8,1,5,1.7441411018371582,0,54144,21117,38192,663
U_LVL1_4_Uninteresting_Non-Random-Synthetic__2_2_40000_,0,2,0.014737606048583984,0,10,8,0,0
U_LVL1_4_Uninteresting_Non-Random-Synthetic__2_2_40000_,0,3,0.01485586166381836,0,10,8,0,0
U_LVL1_4_Uninteresting_Non-Random-Synthetic__2_2_40000_,0,5,0.015204668045043945,0,10,8,0,0
bach, C#d,2,0.02248978614807129,0,280,164,208,171
bach, C#d,3,0.04275083541870117,0,944,450,872,340
bach, C#d,5,0.07981348037719727,0,2121,1242,2049,623
ED_LVL_3_3_EqualDist_Random-Synthetic__2_20_1000000_,1,2,59.044819355010986,0,80200,76400,38263,210
ED_LVL_3_3_EqualDist_Random-Synthetic__2_20_1000000_,1,3,-1.0,1,-1,-1,-1,-1
ED_LVL_3_3_EqualDist_Random-Synthetic__2_20_1000000_,1,5,-1.0,1,-1,-1,-1,-1
polish_bankruptcy_1year,1,2,1.9030511379241943,0,32387,840,13123,403
polish_bankruptcy_1year,1,3,0.8062725067138672,0,35827,2147,16563,523
polish_bankruptcy_1year,1,5,0.9569668769836426,0,39780,4534,20516,607
coil2000,1,2,2.0477294921875,0,68915,3992,31820,722
coil2000,1,3,5.503453731536865,0,133944,27849,67773,1003
coil2000,1,5,-1.0,1,-1,-1,-1,-1
robot2,back_col,2,0.012319803237915039,0,353,244,151,133
robot2,back_col,3,0.026456832885742188,0,1251,354,782,223
robot2,back_col,5,0.027225971221923828,0,1297,376,828,235
EqualDist_Random-Synthetic__2_7_5349_,1,2,0.023761749267578125,0,630,552,269,197
EqualDist_Random-Synthetic__2_7_5349_,1,3,0.11339974403381348,0,4799,2891,2441,257
EqualDist_Random-Synthetic__2_7_5349_,1,5,0.319133996963501,0,9039,3000,5358,257
U_LVL1_1_Uninteresting_Non-Random-Synthetic__2_2_40_,1,2,0.0042035579681396484,0,10,8,0,0
U_LVL1_1_Uninteresting_Non-Random-Synthetic__2_2_40_,1,3,0.004164457321166992,0,10,8,0,0
U_LVL1_1_Uninteresting_Non-Random-Synthetic__2_2_40_,1,5,0.004198551177978516,0,10,8,0,0
auto6_3,class1,2,0.17187714576721191,0,12090,1017,5586,480
auto6_3,class1,3,0.25712084770202637,0,14704,1352,8169,527
auto6_3,class1,5,0.2623476982116699,0,14776,1400,8241,527
grammatical_b1,1,2,1.5399925708770752,0,85865,1640,80897,738
grammatical_b1,1,3,1.6926896572113037,0,94498,6421,89530,807
grammatical_b1,1,5,7.3257386684417725,0,144285,53148,139317,819
EqualDist_Random-Synthetic__2_10_7463_,1,2,0.04847598075866699,0,1275,1162,567,262
EqualDist_Random-Synthetic__2_10_7463_,1,3,0.4182417392730713,0,15749,7333,8065,305
EqualDist_Random-Synthetic__2_10_7463_,1,5,1.5799663066864014,0,31168,8103,17891,307
volcanoes-a1,4,2,0.024830341339111328,0,67,41,22,22
volcanoes-a1,4,3,0.007797718048095703,0,89,60,41,41
volcanoes-a1,4,5,0.007510662078857422,0,89,60,41,41
vert3,NO,2,0.009688615798950195,0,277,166,128,115
vert3,NO,3,0.017281770706176758,0,723,263,487,157
vert3,NO,5,0.0188443660736084,0,773,286,537,170
CongressionalVotingRecords_UCI_,republican,2,0.023638010025024414,0,1176,170,501,211
CongressionalVotingRecords_UCI_,republican,3,0.03130221366882324,0,1661,333,986,338
CongressionalVotingRecords_UCI_,republican,5,0.035721778869628906,0,1874,418,1199,393
pitt2_2,WOOD,2,0.007466793060302734,0,159,94,68,27
pitt2_2,WOOD,3,0.010003805160522461,0,325,258,213,40
pitt2_2,WOOD,5,0.01660299301147461,0,645,578,527,41
statlog_vehicle,opel,2,0.047469139099121094,0,2628,364,1044,302
statlog_vehicle,opel,3,0.06379985809326172,0,3547,683,1912,403
statlog_vehicle,opel,5,0.09146308898925781,0,4721,1798,3086,447
pitt2_1,DECK,2,0.007307529449462891,0,159,113,76,39
pitt2_1,DECK,3,0.011450052261352539,0,429,364,273,58
pitt2_1,DECK,5,0.02516317367553711,0,1002,919,799,60
grammatical_a8,1,2,0.6899635791778564,0,36170,664,34745,741
grammatical_a8,1,3,0.7237799167633057,0,38331,1471,36906,772
grammatical_a8,1,5,0.8383965492248535,0,41572,4590,40147,775
grammatical_a6,1,2,0.3117396831512451,0,12521,1380,11742,716
grammatical_a6,1,3,0.7224636077880859,0,31282,17625,30503,876
grammatical_a6,1,5,474.2786054611206,0,1307432,1266062,1306653,979
auto6_2,class5,2,0.19386005401611328,0,12090,994,5726,233
auto6_2,class5,3,0.2892942428588867,0,14301,1071,7823,251
auto6_2,class5,5,0.2869236469268799,0,14309,1072,7831,251
auto1,class1,2,0.02272343635559082,0,820,786,405,231
auto1,class1,3,0.17769765853881836,0,9515,5672,4973,373
auto1,class1,5,1.5500702857971191,0,35850,10557,23851,480
ED_LVL_2_3_EqualDist_Random-Synthetic__2_10_1000000_,1,2,5.801091194152832,0,5050,4600,2297,361
ED_LVL_2_3_EqualDist_Random-Synthetic__2_10_1000000_,1,3,91.35393834114075,0,125050,124600,61808,361
ED_LVL_2_3_EqualDist_Random-Synthetic__2_10_1000000_,1,5,-1.0,1,-1,-1,-1,-1
heart_cleverland,3,2,0.08772778511047363,0,862,314,385,218
heart_cleverland,3,3,0.03977370262145996,0,1921,440,1358,325
heart_cleverland,3,5,0.04021644592285156,0,2099,529,1536,374
analcatdata_boxing1,1,2,0.009063243865966797,0,234,89,64,14
analcatdata_boxing1,1,3,0.009351491928100586,0,276,131,106,14
analcatdata_boxing1,1,5,0.009268522262573242,0,276,131,106,14
qsar,RB,2,0.17894458770751953,0,6914,699,2761,371
qsar,RB,3,0.25504541397094727,0,12267,4230,7665,585
qsar,RB,5,4.483374834060669,0,69516,48058,62844,1077
internet,ad.,2,28.395881175994873,0,1378419,1209613,823533,900
internet,ad.,3,-1.0,1,-1,-1,-1,-1
internet,ad.,5,-1.0,1,-1,-1,-1,-1
robot4,normal,2,0.011515378952026367,0,259,165,105,104
robot4,normal,3,0.02057194709777832,0,795,226,497,198
robot4,normal,5,0.0216982364654541,0,849,263,551,238
mw1,2,2,0.10259056091308594,0,6912,577,2669,366
mw1,2,3,0.16711044311523438,0,10939,3644,6683,551
mw1,2,5,4.442456245422363,0,74609,62357,70347,840
polish_bankruptcy_5year,1,2,0.7056682109832764,0,32386,868,10137,424
polish_bankruptcy_5year,1,3,0.7979323863983154,0,36981,2943,14732,611
polish_bankruptcy_5year,1,5,2.939270257949829,0,70806,34445,48557,809
grammatical_b8,1,2,0.8497984409332275,0,43366,723,42610,531
grammatical_b8,1,3,0.8733863830566406,0,44366,1168,43597,593
grammatical_b8,1,5,0.8902111053466797,0,44849,1611,44074,607
ND_LVL_3_4_NormalDist_Random-Synthetic__2_20_10000000_,0,2,-1.0,1,-1,-1,-1,-1
ND_LVL_3_4_NormalDist_Random-Synthetic__2_20_10000000_,0,3,-1.0,1,-1,-1,-1,-1
ND_LVL_3_4_NormalDist_Random-Synthetic__2_20_10000000_,0,5,-1.0,1,-1,-1,-1,-1
heart_va,3,2,0.05434608459472656,0,68,48,29,22
heart_va,3,3,0.008870363235473633,0,117,94,55,34
heart_va,3,5,0.0075283050537109375,0,136,113,67,37
volcanoes-b5,4,2,0.014822006225585938,0,78,56,20,20
volcanoes-b5,4,3,0.013376235961914062,0,128,89,37,37
volcanoes-b5,4,5,0.011897087097167969,0,128,89,37,37
wilt,w,2,0.016252517700195312,0,210,158,78,78
wilt,w,3,0.02424764633178711,0,648,245,308,179
wilt,w,5,0.023540019989013672,0,678,255,338,186
ND_LVL_1_2_NormalDist_Random-Synthetic__2_5_100000_,0,2,0.1969437599182129,0,325,275,144,134
ND_LVL_1_2_NormalDist_Random-Synthetic__2_5_100000_,0,3,0.39580297470092773,0,1575,1310,775,225
ND_LVL_1_2_NormalDist_Random-Synthetic__2_5_100000_,0,5,0.5705118179321289,0,4172,2804,2209,234
ED_LVL_1_1_EqualDist_Random-Synthetic__2_5_10000_,0,2,0.022297382354736328,0,325,275,136,132
ED_LVL_1_1_EqualDist_Random-Synthetic__2_5_10000_,0,3,0.055820465087890625,0,1575,1525,782,218
ED_LVL_1_1_EqualDist_Random-Synthetic__2_5_10000_,0,5,0.17175769805908203,0,4700,1530,2493,218
mfeat-karhunen,8,2,0.7949268817901611,0,31631,491,13132,348
mfeat-karhunen,8,3,0.6423146724700928,0,32215,535,13716,383
mfeat-karhunen,8,5,0.6496939659118652,0,32221,536,13722,384
I_LVL1_1_Interesting_Non-Random-Synthetic__2_2_40_,1,2,0.0043163299560546875,0,7,5,4,4
I_LVL1_1_Interesting_Non-Random-Synthetic__2_2_40_,1,3,0.004183292388916016,0,7,5,4,4
I_LVL1_1_Interesting_Non-Random-Synthetic__2_2_40_,1,5,0.0040814876556396484,0,7,5,4,4
Iris_UCI_,Iris-virginica,2,0.005882978439331055,0,82,52,42,27
Iris_UCI_,Iris-virginica,3,0.007029533386230469,0,137,100,85,32
Iris_UCI_,Iris-virginica,5,0.00735926628112793,0,156,119,104,32
I_LVL1_4_Interesting_Non-Random-Synthetic__2_2_40000_,1,2,0.014641761779785156,0,7,5,4,4
I_LVL1_4_Interesting_Non-Random-Synthetic__2_2_40000_,1,3,0.014186859130859375,0,7,5,4,4
I_LVL1_4_Interesting_Non-Random-Synthetic__2_2_40000_,1,5,0.014091730117797852,0,7,5,4,4
thyroid_ann,2,2,0.05465960502624512,0,1089,486,471,235
thyroid_ann,2,3,0.17374897003173828,0,4208,1032,2540,484
thyroid_ann,2,5,0.3840363025665283,0,8689,4872,6407,656
seeds,2,2,0.009277582168579102,0,238,171,112,70
seeds,2,3,0.01776409149169922,0,794,233,516,147
seeds,2,5,0.019243240356445312,0,859,276,581,192
hv_no_noise,0,2,1.4209012985229492,0,80200,20200,26667,365
hv_no_noise,0,3,21.95768713951111,0,727000,667000,350067,431
hv_no_noise,0,5,-1.0,1,-1,-1,-1,-1
statlog_australian,1,2,0.0328214168548584,0,1653,298,662,252
statlog_australian,1,3,0.04904031753540039,0,2593,415,1440,372
statlog_australian,1,5,0.050713300704956055,0,2682,465,1526,414
hiv_schilling,1,2,0.18957257270812988,0,11038,271,3159,310
hiv_schilling,1,3,0.20101499557495117,0,11162,271,3279,310
hiv_schilling,1,5,0.19440746307373047,0,11162,271,3279,310
heart-long-beach,4,2,0.0175473690032959,0,745,399,333,188
heart-long-beach,4,3,0.04829859733581543,0,2779,1174,1835,320
heart-long-beach,4,5,0.11110210418701172,0,4889,2477,3821,400
datatrieve,2,2,0.011710166931152344,0,408,187,137,86
datatrieve,2,3,0.018177509307861328,0,822,311,493,168
datatrieve,2,5,0.021824121475219727,0,986,412,657,238
jEdit_4.0_4.2,2,2,0.011795759201049805,0,406,233,181,139
jEdit_4.0_4.2,2,3,0.023371219635009766,0,1129,346,737,234
jEdit_4.0_4.2,2,5,0.025265216827392578,0,1207,392,810,273
ND_LVL_1_4_NormalDist_Random-Synthetic__2_5_10000000_,0,2,10.062892198562622,0,325,275,143,134
ND_LVL_1_4_NormalDist_Random-Synthetic__2_5_10000000_,0,3,22.33239459991455,0,1575,1525,787,227
ND_LVL_1_4_NormalDist_Random-Synthetic__2_5_10000000_,0,5,78.00572991371155,0,6833,5424,3455,234
pitt1_2,WOOD,2,0.007483482360839844,0,144,86,67,27
pitt1_2,WOOD,3,0.009608268737792969,0,290,232,203,35
pitt1_2,WOOD,5,0.015598297119140625,0,571,513,482,35
backache,2,2,0.054979562759399414,0,3412,985,1670,358
backache,2,3,0.17946887016296387,0,11102,3442,6495,570
backache,2,5,1.2910103797912598,0,32696,17480,12061,753
ND_LVL_3_1_NormalDist_Random-Synthetic__2_20_10000_,0,2,0.9859113693237305,0,39395,10200,17712,410
ND_LVL_3_1_NormalDist_Random-Synthetic__2_20_10000_,0,3,11.463412523269653,0,397358,12982,209685,410
ND_LVL_3_1_NormalDist_Random-Synthetic__2_20_10000_,0,5,11.848104238510132,0,398059,12982,210350,410
ED_LVL_1_3_EqualDist_Random-Synthetic__2_5_1000000_,1,2,1.0419244766235352,0,325,275,134,129
ED_LVL_1_3_EqualDist_Random-Synthetic__2_5_1000000_,1,3,2.1294291019439697,0,1575,1525,766,208
ED_LVL_1_3_EqualDist_Random-Synthetic__2_5_1000000_,1,5,7.583576917648315,0,7825,6365,3909,208
thyroid_hypothyroid,hypothyroid,2,0.018447399139404297,0,412,228,189,167
thyroid_hypothyroid,hypothyroid,3,0.046915531158447266,0,1572,908,1041,346
thyroid_hypothyroid,hypothyroid,5,0.41933155059814453,0,10140,9476,9130,636
grammatical_a3,1,2,0.4494946002960205,0,22101,1004,21471,604
grammatical_a3,1,3,0.5662169456481934,0,27295,3280,26664,661
grammatical_a3,1,5,1.7599520683288574,0,44206,19651,43575,679
crx,positive,2,0.03562569618225098,0,1891,355,729,261
crx,positive,3,0.057321786880493164,0,3118,505,1662,392
crx,positive,5,0.06106925010681152,0,3281,591,1818,460
GermanCredit_UCI_,2,2,0.05222320556640625,0,2850,803,1359,258
GermanCredit_UCI_,2,3,0.15102100372314453,0,8086,2301,4868,374
GermanCredit_UCI_,2,5,0.3512904644012451,0,12352,4778,7976,472
pc1,2,2,0.05405759811401367,0,2850,291,806,329
pc1,2,3,0.07533979415893555,0,4023,1214,1963,484
pc1,2,5,0.5467772483825684,0,15329,12234,13269,671
mfeat-pixel,8,2,0.8478481769561768,0,35318,3460,29578,901
mfeat-pixel,8,3,2.395346164703369,0,100525,16712,94785,1346
mfeat-pixel,8,5,52.62808132171631,0,321454,162385,315714,1672
hv_noise,0,2,1.3883981704711914,0,80200,20200,26173,422
hv_noise,0,3,21.10117244720459,0,727000,667000,349573,700
hv_noise,0,5,-1.0,1,-1,-1,-1,-1
image,WINDOW,2,0.04699993133544922,0,1962,245,835,281
image,WINDOW,3,0.059801340103149414,0,2587,503,1460,392
image,WINDOW,5,0.07645964622497559,0,3374,1070,2247,462
ED_LVL_1_4_EqualDist_Random-Synthetic__2_5_10000000_,0,2,10.337129592895508,0,325,275,132,127
ED_LVL_1_4_EqualDist_Random-Synthetic__2_5_10000000_,0,3,22.61337375640869,0,1575,1525,747,225
ED_LVL_1_4_EqualDist_Random-Synthetic__2_5_10000000_,0,5,90.38305258750916,0,7825,7775,3885,225
polish_bankruptcy_4year,1,2,0.8157260417938232,0,32641,1139,12510,454
polish_bankruptcy_4year,1,3,1.0457518100738525,0,40957,3697,20826,593
polish_bankruptcy_4year,1,5,3.5199427604675293,0,73022,29616,52891,681
lung,3,2,0.12348747253417969,0,9066,1243,4135,235
lung,3,3,0.34682393074035645,0,20964,5143,13807,358
lung,3,5,1.3101692199707031,0,42000,14962,33836,443
credit,+,2,0.035680532455444336,0,1891,302,733,266
credit,+,3,0.05236625671386719,0,2834,452,1517,395
credit,+,5,0.056069374084472656,0,3000,533,1677,455
lymphography,fibrosis,2,0.015745162963867188,0,587,430,396,150
lymphography,fibrosis,3,0.05628800392150879,0,3266,1063,2934,245
lymphography,fibrosis,5,0.1876370906829834,0,7432,5229,7100,281
I_LVL0_Interesting_Non-Random-Synthetic__2_4_62500_,1,2,0.062256574630737305,0,191,151,109,103
I_LVL0_Interesting_Non-Random-Synthetic__2_4_62500_,1,3,0.0904393196105957,0,586,251,434,184
I_LVL0_Interesting_Non-Random-Synthetic__2_4_62500_,1,5,0.09281110763549805,0,586,251,434,184
ring,0,2,0.10955953598022461,0,3240,271,1556,365
ring,0,3,0.13715672492980957,0,4380,271,2696,365
ring,0,5,0.13819575309753418,0,4380,271,2696,365
mc1,2,2,0.17704057693481445,0,3668,633,1248,331
mc1,2,3,0.41936373710632324,0,9135,5349,6665,607
mc1,2,5,18.38936495780945,0,139686,128409,137125,943
thyroid_allhyper,goitre.,2,0.03859901428222656,0,1192,381,550,271
thyroid_allhyper,goitre.,3,0.09942340850830078,0,3722,1061,2724,498
thyroid_allhyper,goitre.,5,0.4399895668029785,0,12290,9629,11286,735
mammographics,1,2,0.009638547897338867,0,254,176,110,66
mammographics,1,3,0.01774287223815918,0,736,266,374,133
mammographics,1,5,0.01918959617614746,0,795,304,429,165
dresses,1,2,0.13548994064331055,0,9904,690,1860,224
dresses,1,3,0.2219555377960205,0,13451,1434,3917,297
dresses,1,5,0.25551414489746094,0,14574,1753,4689,303
U_LVL1_0_Uninteresting_Non-Random-Synthetic__2_2_4_,0,2,0.004459381103515625,0,10,8,0,0
U_LVL1_0_Uninteresting_Non-Random-Synthetic__2_2_4_,0,3,0.004112958908081055,0,10,8,0,0
U_LVL1_0_Uninteresting_Non-Random-Synthetic__2_2_4_,0,5,0.004192352294921875,0,10,8,0,0
thyroid_new_thyroid,2,2,0.0068624019622802734,0,125,72,43,31
thyroid_new_thyroid,2,3,0.008670806884765625,0,218,162,131,44
thyroid_new_thyroid,2,5,0.010450601577758789,0,298,241,210,50
Balance_UCI_,R,2,0.00823211669921875,0,210,164,75,75
Balance_UCI_,R,3,0.015911102294921875,0,658,536,307,75
Balance_UCI_,R,5,0.025331735610961914,0,980,824,595,75
vert2,NO,2,0.009833574295043945,0,277,166,128,115
vert2,NO,3,0.01866769790649414,0,723,263,487,157
vert2,NO,5,0.018165111541748047,0,773,286,537,170
U_LVL3_1_Uninteresting_Non-Random-Synthetic__2_7_8235430_,0,2,18.17110514640808,0,1225,1078,0,0
U_LVL3_1_Uninteresting_Non-Random-Synthetic__2_7_8235430_,0,3,111.17787671089172,0,13230,13083,0,0
U_LVL3_1_Uninteresting_Non-Random-Synthetic__2_7_8235430_,0,5,-1.0,1,-1,-1,-1,-1
rmftsa_sleepdata,3,2,0.06415891647338867,0,36,21,7,7
rmftsa_sleepdata,3,3,0.0058345794677734375,0,36,21,7,7
rmftsa_sleepdata,3,5,0.006486415863037109,0,36,21,7,7
thoracic-surgery,1,2,0.05777120590209961,0,907,481,482,232
thoracic-surgery,1,3,0.07990288734436035,0,3498,2448,1970,379
thoracic-surgery,1,5,1.6129710674285889,0,19045,14780,10201,551
kc3,2,2,0.09469270706176758,0,6334,788,2650,347
kc3,2,3,0.22185468673706055,0,11834,4408,7861,486
kc3,2,5,8.041651010513306,0,98641,88653,93990,626
tae,2,2,0.007161140441894531,0,121,95,49,33
tae,2,3,0.010099649429321289,0,318,246,142,58
tae,2,5,0.013982057571411133,0,463,387,250,65
leaf,32,2,0.021881103515625,0,1017,217,547,235
leaf,32,3,0.0316314697265625,0,1661,289,1191,344
leaf,32,5,0.033629417419433594,0,1754,340,1284,394
australian,1,2,0.021163463592529297,0,903,322,406,242
australian,1,3,0.04284048080444336,0,2062,453,1309,364
australian,1,5,0.04377102851867676,0,2164,509,1405,408
dermatology,4,2,0.04288792610168457,0,2411,552,1407,417
dermatology,4,3,0.10782790184020996,0,6505,2053,5490,760
dermatology,4,5,1.3673810958862305,0,32839,27247,31824,1244
Heart_Statlog__UCI_,2,2,0.018486738204956055,0,820,252,385,219
Heart_Statlog__UCI_,2,3,0.029842853546142578,0,1542,352,1009,313
Heart_Statlog__UCI_,2,5,0.031659603118896484,0,1635,392,1100,337
Census-Income_KDD__UCI_,50000+,2,5.45137882232666,0,13344,460,7602,485
Census-Income_KDD__UCI_,50000+,3,7.510023832321167,0,15482,1898,9550,688
Census-Income_KDD__UCI_,50000+,5,30.35011911392212,0,36750,21673,30394,869
japanese,+,2,0.03516793251037598,0,1891,302,733,266
japanese,+,3,0.051038265228271484,0,2834,452,1517,395
japanese,+,5,0.05750322341918945,0,3000,533,1677,455
heart_hungarian,1,2,0.006189823150634766,0,78,60,28,22
heart_hungarian,1,3,0.00766754150390625,0,157,128,65,39
heart_hungarian,1,5,0.008337020874023438,0,188,157,86,46
I_LVL2_2_Interesting_Non-Random-Synthetic__2_5_312500_,1,2,0.3779938220977783,0,301,251,182,131
I_LVL2_2_Interesting_Non-Random-Synthetic__2_5_312500_,1,3,0.6184847354888916,0,1356,436,990,186
I_LVL2_2_Interesting_Non-Random-Synthetic__2_5_312500_,1,5,0.652155876159668,0,1356,436,990,186
forest,h ,2,0.07817625999450684,0,5158,237,2171,263
forest,h ,3,0.08512687683105469,0,5450,301,2463,347
forest,h ,5,0.08664345741271973,0,5493,325,2506,371
robot5,bottom_collision,2,0.0136260986328125,0,353,197,140,131
robot5,bottom_collision,3,0.02595663070678711,0,940,279,640,214
robot5,bottom_collision,5,0.025570154190063477,0,978,297,678,226
pen,6,2,0.07956314086914062,0,1490,182,446,229
pen,6,3,0.09147787094116211,0,1891,256,847,338
pen,6,5,0.09394669532775879,0,1973,294,929,386
U_LVL3_0_Uninteresting_Non-Random-Synthetic__2_7_823543_,0,2,1.8187482357025146,0,1225,1078,0,0
U_LVL3_0_Uninteresting_Non-Random-Synthetic__2_7_823543_,0,3,9.562268733978271,0,13230,13083,0,0
U_LVL3_0_Uninteresting_Non-Random-Synthetic__2_7_823543_,0,5,-1.0,1,-1,-1,-1,-1
robot3,slightly_moved,2,0.0693197250366211,0,379,309,167,145
robot3,slightly_moved,3,0.047164201736450195,0,1853,428,999,234
robot3,slightly_moved,5,0.03766679763793945,0,1881,454,1027,247
DefaultofCreditCard,1,2,0.8609180450439453,0,8648,1460,3844,315
DefaultofCreditCard,1,3,1.441953182220459,0,19223,3616,9975,341
DefaultofCreditCard,1,5,2.067413330078125,0,25657,8517,14053,344
zoo,7,2,0.011586904525756836,0,387,167,239,129
zoo,7,3,0.02187347412109375,0,1031,405,853,286
zoo,7,5,0.03741788864135742,0,1859,727,1681,436
breast_tissue,gla,2,0.011133909225463867,0,387,212,159,53
breast_tissue,gla,3,0.02127861976623535,0,1008,789,707,106
breast_tissue,gla,5,0.04399824142456055,0,2088,863,1778,150
flare, B,2,0.011029720306396484,0,231,178,90,84
flare, B,3,0.023571491241455078,0,928,343,446,207
flare, B,5,0.03331589698791504,0,1374,539,892,344
banana,1,2,0.006484508514404297,0,36,24,13,13
banana,1,3,0.006531238555908203,0,36,24,13,13
banana,1,5,0.0064239501953125,0,36,24,13,13
polish_bankruptcy_2year,1,2,0.7772500514984131,0,31881,1003,13178,398
polish_bankruptcy_2year,1,3,0.8790102005004883,0,35450,1986,16747,496
polish_bankruptcy_2year,1,5,1.021005392074585,0,38578,4336,19875,575
polish_bankruptcy_3year,1,2,0.8249485492706299,0,32133,1251,13844,422
polish_bankruptcy_3year,1,3,1.0123064517974854,0,38341,3581,20050,513
polish_bankruptcy_3year,1,5,3.4521422386169434,0,69920,31949,51629,560
qualitative,B,2,0.007864952087402344,0,154,103,60,52
qualitative,B,3,0.011107683181762695,0,358,169,225,127
qualitative,B,5,0.012241601943969727,0,409,197,276,159
mfeat-morphological,8,2,0.009541749954223633,0,192,104,42,39
mfeat-morphological,8,3,0.013156890869140625,0,371,190,141,109
mfeat-morphological,8,5,0.015523433685302734,0,465,237,221,159
fourclass,1,2,0.005228519439697266,0,36,19,12,12
fourclass,1,3,0.005072116851806641,0,36,19,12,12
fourclass,1,5,0.0049746036529541016,0,36,19,12,12
liver,1,2,0.010305643081665039,0,300,259,131,122
liver,1,3,0.028598546981811523,0,1505,436,730,165
liver,1,5,0.03043079376220703,0,1567,463,789,167
badges2,1,2,0.01200103759765625,0,381,273,190,138
badges2,1,3,0.03010845184326172,0,1588,429,974,291
badges2,1,5,0.03308987617492676,0,1751,502,1099,353
kc1-binary,1,2,0.38056373596191406,0,26625,1412,18200,393
kc1-binary,1,3,0.5681357383728027,0,34726,6658,25395,467
kc1-binary,1,5,10.324309587478638,0,105258,76455,82454,528
tao,black,2,0.005662202835083008,0,36,22,12,12
tao,black,3,0.0053021907806396484,0,36,22,12,12
tao,black,5,0.005319356918334961,0,36,22,12,12
ND_LVL_2_4_NormalDist_Random-Synthetic__2_10_10000000_,0,2,58.46104955673218,0,5050,3703,2327,325
ND_LVL_2_4_NormalDist_Random-Synthetic__2_10_10000000_,0,3,-1.0,1,-1,-1,-1,-1
ND_LVL_2_4_NormalDist_Random-Synthetic__2_10_10000000_,0,5,-1.0,1,-1,-1,-1,-1
breast_cancer_wis_pro2,R,2,0.24312329292297363,0,10020,944,4385,339
breast_cancer_wis_pro2,R,3,0.8524630069732666,0,12598,1350,6880,404
breast_cancer_wis_pro2,R,5,0.23983192443847656,0,13324,1843,7605,460
soybean_small,D3,2,0.01718926429748535,0,688,275,450,165
soybean_small,D3,3,0.037137746810913086,0,2079,485,1830,336
soybean_small,D3,5,0.05018949508666992,0,2781,947,2532,428
U_LVL1_3_Uninteresting_Non-Random-Synthetic__2_2_4000_,0,2,0.0056955814361572266,0,10,8,0,0
U_LVL1_3_Uninteresting_Non-Random-Synthetic__2_2_4000_,0,3,0.00521087646484375,0,10,8,0,0
U_LVL1_3_Uninteresting_Non-Random-Synthetic__2_2_4000_,0,5,0.005163431167602539,0,10,8,0,0
semeion,8,2,2.4203999042510986,0,92318,15226,55399,762
semeion,8,3,20.847869396209717,0,694498,118950,655606,1443
semeion,8,5,-1.0,1,-1,-1,-1,-1
ED_LVL_3_0_EqualDist_Random-Synthetic__2_20_1000_,0,2,1.2833898067474365,0,80200,1046,41287,167
ED_LVL_3_0_EqualDist_Random-Synthetic__2_20_1000_,0,3,1.2896676063537598,0,80231,1046,41317,167
ED_LVL_3_0_EqualDist_Random-Synthetic__2_20_1000_,0,5,1.302825927734375,0,80231,1046,41317,167
molecular_splice,IE,2,0.6034798622131348,0,27316,594,13007,448
molecular_splice,IE,3,0.6472785472869873,0,27616,722,13307,545
molecular_splice,IE,5,0.6392712593078613,0,27645,749,13336,562
audiology_std,cochlear_noise_and_heredity,2,0.040819406509399414,0,2021,1953,1953,234
audiology_std,cochlear_noise_and_heredity,3,0.7554645538330078,0,39841,39773,39773,397
audiology_std,cochlear_noise_and_heredity,5,-1.0,1,-1,-1,-1,-1
automobile,-1,2,0.046716928482055664,0,2884,335,1294,283
automobile,-1,3,0.0652914047241211,0,3972,589,2355,422
automobile,-1,5,0.08344650268554688,0,4810,1128,3187,539
volcanoes-d2,3,2,0.009740352630615234,0,78,55,17,17
volcanoes-d2,3,3,0.010986328125,0,125,86,36,36
volcanoes-d2,3,5,0.011224746704101562,0,125,86,36,36
grammatical_a2,1,2,0.3244621753692627,0,11929,1001,11175,765
grammatical_a2,1,3,0.49236559867858887,0,21333,7615,20579,826
grammatical_a2,1,5,38.58219599723816,0,232134,215015,231380,852
U_LVL2_3_Uninteresting_Non-Random-Synthetic__2_5_3125000_,0,2,3.227445363998413,0,325,275,0,0
U_LVL2_3_Uninteresting_Non-Random-Synthetic__2_5_3125000_,0,3,6.9444520473480225,0,1575,1525,0,0
U_LVL2_3_Uninteresting_Non-Random-Synthetic__2_5_3125000_,0,5,27.335514545440674,0,7825,7775,0,0
analcatdata_authorship,4,2,0.5213825702667236,0,30403,445,14271,514
analcatdata_authorship,4,3,0.541534423828125,0,31106,580,14974,621
analcatdata_authorship,4,5,0.534358024597168,0,31223,658,15091,665
I_LVL3_1_Interesting_Non-Random-Synthetic__2_7_8235430_,1,2,17.2952139377594,0,1130,990,811,138
I_LVL3_1_Interesting_Non-Random-Synthetic__2_7_8235430_,1,3,97.47069120407104,0,11595,990,9658,138
I_LVL3_1_Interesting_Non-Random-Synthetic__2_7_8235430_,1,5,97.74131560325623,0,11595,990,9658,138
EqualDist_Random-Synthetic__2_7_8520_,0,2,0.02869868278503418,0,561,493,244,182
EqualDist_Random-Synthetic__2_7_8520_,0,3,0.11511468887329102,0,4067,3424,1973,238
EqualDist_Random-Synthetic__2_7_8520_,0,5,0.5547935962677002,0,13342,3841,7615,238
cmc,3,2,0.015491247177124023,0,465,329,195,158
cmc,3,3,0.04549384117126465,0,2163,886,1147,290
cmc,3,5,0.07433438301086426,0,3133,1494,1902,338
Adult_UCI_,>50K,2,0.3022761344909668,0,4754,296,1006,223
Adult_UCI_,>50K,3,0.34254908561706543,0,5273,425,1405,342
Adult_UCI_,>50K,5,0.36282801628112793,0,5437,502,1562,405
I_LVL1_2_Interesting_Non-Random-Synthetic__2_2_400_,1,2,0.004263877868652344,0,7,5,4,4
I_LVL1_2_Interesting_Non-Random-Synthetic__2_2_400_,1,3,0.004189968109130859,0,7,5,4,4
I_LVL1_2_Interesting_Non-Random-Synthetic__2_2_400_,1,5,0.00418543815612793,0,7,5,4,4
monks1,0,2,0.007283449172973633,0,137,119,80,80
monks1,0,3,0.012891054153442383,0,479,415,363,172
monks1,0,5,0.021516799926757812,0,861,426,702,173
ND_LVL_3_0_NormalDist_Random-Synthetic__2_20_1000_,0,2,0.5645673274993896,0,35534,2922,12683,355
ND_LVL_3_0_NormalDist_Random-Synthetic__2_20_1000_,0,3,1.2554409503936768,0,68235,2924,36816,355
ND_LVL_3_0_NormalDist_Random-Synthetic__2_20_1000_,0,5,1.2476634979248047,0,68235,2924,36816,355
grammatical_a1,1,2,0.3404049873352051,0,16070,2909,15374,626
grammatical_a1,1,3,1.337101936340332,0,64672,36970,63976,715
grammatical_a1,1,5,-1.0,1,-1,-1,-1,-1
mfeat-zernike,8,2,0.3447110652923584,0,17766,858,7357,413
mfeat-zernike,8,3,0.4109644889831543,0,21143,1303,10734,449
mfeat-zernike,8,5,0.4301011562347412,0,21612,1751,11203,453
twonorm,1,2,0.1090078353881836,0,3240,269,1538,311
twonorm,1,3,0.137650728225708,0,4362,269,2660,311
twonorm,1,5,0.13847947120666504,0,4362,269,2660,311
auto7_1,class3,2,0.020786762237548828,0,780,694,382,238
auto7_1,class3,3,0.12712430953979492,0,7169,1636,3875,325
auto7_1,class3,5,0.16554617881774902,0,8147,1892,4618,339
grammatical_b4,1,2,0.44001269340515137,0,22094,1542,21445,566
grammatical_b4,1,3,0.6250267028808594,0,29888,2979,29237,652
grammatical_b4,1,5,0.7478561401367188,0,32922,5052,32271,679
wave2,2,2,0.34696316719055176,0,12880,374,6245,419
wave2,2,3,0.36223626136779785,0,13556,465,6921,438
wave2,2,5,0.3681070804595947,0,13652,481,7017,438
volcanoes-d1,3,2,0.00968790054321289,0,78,56,15,15
volcanoes-d1,3,3,0.011435270309448242,0,128,89,35,35
volcanoes-d1,3,5,0.011106491088867188,0,128,89,35,35
mfeat-fourier,8,2,0.8534727096557617,0,43964,673,20433,396
mfeat-fourier,8,3,0.8797383308410645,0,44992,842,21461,443
mfeat-fourier,8,5,0.878960371017456,0,45115,921,21584,459
breast,recurrence-events,2,0.019733428955078125,0,707,316,291,132
breast,recurrence-events,3,0.037961483001708984,0,2064,647,1158,208
breast,recurrence-events,5,0.04663586616516113,0,2443,871,1361,215
I_LVL2_3_Interesting_Non-Random-Synthetic__2_5_3125000_,1,2,3.140166997909546,0,301,251,182,148
I_LVL2_3_Interesting_Non-Random-Synthetic__2_5_3125000_,1,3,6.246718645095825,0,1356,436,990,187
I_LVL2_3_Interesting_Non-Random-Synthetic__2_5_3125000_,1,5,6.270440101623535,0,1356,436,990,187
U_LVL2_4_Uninteresting_Non-Random-Synthetic__2_5_31250000_,1,2,33.08050847053528,0,325,275,0,0
U_LVL2_4_Uninteresting_Non-Random-Synthetic__2_5_31250000_,1,3,71.25305104255676,0,1575,1525,0,0
U_LVL2_4_Uninteresting_Non-Random-Synthetic__2_5_31250000_,1,5,457.6094379425049,0,7825,7775,0,0
horse_colic_outcome,2,2,0.11515259742736816,0,1246,676,608,0
horse_colic_outcome,2,3,0.11037969589233398,0,5711,5141,4963,0
horse_colic_outcome,2,5,13.715174198150635,0,106140,105570,105185,0
ND_LVL_2_0_NormalDist_Random-Synthetic__2_10_1000_,1,2,0.07352924346923828,0,4470,1122,1772,274
ND_LVL_2_0_NormalDist_Random-Synthetic__2_10_1000_,1,3,0.2793581485748291,0,14373,1566,7341,300
ND_LVL_2_0_NormalDist_Random-Synthetic__2_10_1000_,1,5,0.2837848663330078,0,14470,1566,7435,300
wall4,Slight-Right-Turn,2,0.00878453254699707,0,82,59,33,33
wall4,Slight-Right-Turn,3,0.00998067855834961,0,156,123,78,75
wall4,Slight-Right-Turn,5,0.010946273803710938,0,184,151,102,90
hayes,2,2,0.0057489871978759766,0,81,62,35,29
hayes,2,3,0.007308006286621094,0,168,135,92,44
hayes,2,5,0.007977724075317383,0,202,166,120,44
analcatdata_germangss,4,2,0.007849693298339844,0,171,140,27,25
analcatdata_germangss,4,3,0.014135360717773438,0,560,478,142,71
analcatdata_germangss,4,5,0.02825140953063965,0,1064,932,415,77
thyroid_allhypo,primary hypothyroid.,2,0.03597545623779297,0,1099,412,556,297
thyroid_allhypo,primary hypothyroid.,3,0.11744308471679688,0,4095,1950,3353,624
thyroid_allhypo,primary hypothyroid.,5,1.5349457263946533,0,26831,22250,25193,1037
user,High,2,0.008406639099121094,0,191,149,73,71
user,High,3,0.014653444290161133,0,614,452,342,71
user,High,5,0.02413797378540039,0,950,758,648,71
thyroid_dis,discordant.,2,0.04207134246826172,0,1390,570,578,293
thyroid_dis,discordant.,3,0.15165972709655762,0,5965,2020,4356,533
thyroid_dis,discordant.,5,1.7320020198822021,0,32842,28048,30748,854
synthetic_control,4,2,0.1716306209564209,0,11118,438,7893,890
synthetic_control,4,3,0.19296884536743164,0,12335,655,9110,941
synthetic_control,4,5,0.1997082233428955,0,12609,760,9384,943
titanic,1,2,0.0056285858154296875,0,36,27,17,16
titanic,1,3,0.006033658981323242,0,50,41,27,24
titanic,1,5,0.006036281585693359,0,50,41,27,24
secom,1,2,0.37865304946899414,0,19306,6747,8999,506
secom,1,3,3.325875759124756,0,118582,18667,103037,643
secom,1,5,10.650251388549805,0,153109,44175,136034,767
wine,1,2,0.019300460815429688,0,913,149,540,222
wine,1,3,0.02423715591430664,0,1189,188,816,263
wine,1,5,0.023450851440429688,0,1200,192,827,264
thyroid_allrep,overreplacement.,2,0.030516386032104492,0,844,337,575,273
thyroid_allrep,overreplacement.,3,0.08326458930969238,0,3078,1667,2604,452
thyroid_allrep,overreplacement.,5,1.180654764175415,0,24567,22016,23855,908
post,S,2,0.00904393196105957,0,233,181,102,51
post,S,3,0.01884174346923828,0,884,742,456,126
post,S,5,0.048183441162109375,0,2197,1324,1374,174
human,1,2,4.3585426807403564,0,117672,2441,116478,561
human,1,3,4.9319398403167725,0,131857,7284,130663,647
human,1,5,8.706976652145386,0,167276,30126,166082,737
connectionist_sonar,R,2,0.44010305404663086,0,28920,444,13968,430
connectionist_sonar,R,3,0.4400291442871094,0,29216,502,14264,450
connectionist_sonar,R,5,0.443772554397583,0,29224,509,14272,450
hiv_746,-1,2,0.2176661491394043,0,12880,629,4793,115
hiv_746,-1,3,0.22977352142333984,0,13529,851,5202,115
hiv_746,-1,5,0.2350013256072998,0,13773,1095,5323,115
madelon,1,2,38.58716940879822,0,1985034,354067,958033,784
madelon,1,3,-1.0,1,-1,-1,-1,-1
madelon,1,5,-1.0,1,-1,-1,-1,-1
NormalDist_Random-Synthetic__2_14_7418_,0,2,0.06945681571960449,0,1891,1459,892,269
NormalDist_Random-Synthetic__2_14_7418_,0,3,0.5703811645507812,0,20744,12252,10586,349
NormalDist_Random-Synthetic__2_14_7418_,0,5,23.309815645217896,0,162999,53057,86002,357
led,2,2,0.006886720657348633,0,105,90,40,40
led,2,3,0.012264013290405273,0,320,202,146,130
led,2,5,0.014293670654296875,0,463,276,273,195
ND_LVL_1_0_NormalDist_Random-Synthetic__2_5_1000_,1,2,0.011129617691040039,0,325,268,131,110
ND_LVL_1_0_NormalDist_Random-Synthetic__2_5_1000_,1,3,0.03016066551208496,0,1479,610,706,184
ND_LVL_1_0_NormalDist_Random-Synthetic__2_5_1000_,1,5,0.04049992561340332,0,1893,734,946,196
auto4,class1,2,1.540693759918213,0,75466,28898,37080,607
auto4,class1,3,41.55966758728027,0,1306608,74135,818937,638
auto4,class1,5,90.38018584251404,0,1565792,81426,988360,638
Tic-Tac-ToeEndgame_UCI_,negative,2,0.013095855712890625,0,378,339,151,142
Tic-Tac-ToeEndgame_UCI_,negative,3,0.04620790481567383,0,2430,603,1083,234
Tic-Tac-ToeEndgame_UCI_,negative,5,0.05131053924560547,0,2620,615,1273,246
Covertype,7,2,5.962894439697266,0,5693,1776,2432,331
Covertype,7,3,26.6368510723114,0,33240,12411,25102,720
Covertype,7,5,-1.0,1,-1,-1,-1,-1
pc4,2,2,0.24128484725952148,0,7626,788,3187,371
pc4,2,3,0.4474756717681885,0,12283,2965,7537,478
pc4,2,5,0.8736162185668945,0,24169,10808,18521,550
ED_LVL_3_4_EqualDist_Random-Synthetic__2_20_10000000_,0,2,-1.0,1,-1,-1,-1,-1
ED_LVL_3_4_EqualDist_Random-Synthetic__2_20_10000000_,0,3,-1.0,1,-1,-1,-1,-1
ED_LVL_3_4_EqualDist_Random-Synthetic__2_20_10000000_,0,5,-1.0,1,-1,-1,-1,-1
firm,1,2,0.15305685997009277,0,704,616,353,233
firm,1,3,0.8601934909820557,0,6721,1249,3864,445
firm,1,5,0.32909154891967773,0,7304,1337,4447,532
ND_LVL_2_2_NormalDist_Random-Synthetic__2_10_100000_,0,2,0.6915419101715088,0,5050,2446,2402,330
ND_LVL_2_2_NormalDist_Random-Synthetic__2_10_100000_,0,3,4.326390504837036,0,42683,20999,21201,355
ND_LVL_2_2_NormalDist_Random-Synthetic__2_10_100000_,0,5,38.72691249847412,0,239120,42463,126287,355
ND_LVL_3_2_NormalDist_Random-Synthetic__2_20_100000_,1,2,4.529448986053467,0,45818,16182,21869,416
ND_LVL_3_2_NormalDist_Random-Synthetic__2_20_100000_,1,3,74.92139220237732,0,792964,172886,415973,416
ND_LVL_3_2_NormalDist_Random-Synthetic__2_20_100000_,1,5,-1.0,1,-1,-1,-1,-1
Stroke_Kaggle_,1,2,0.09832048416137695,0,467,289,218,159
Stroke_Kaggle_,1,3,0.10199451446533203,0,1808,591,1201,258
Stroke_Kaggle_,1,5,0.07412886619567871,0,2200,776,1529,285
spambase,1,2,1.0090506076812744,0,18177,1728,7615,731
spambase,1,3,1.163938045501709,0,43644,20999,15364,795
spambase,1,5,1060.0993750095367,0,2129273,2106628,632414,795
echocardio,1,2,0.013793468475341797,0,531,344,246,33
echocardio,1,3,0.038996219635009766,0,2073,1617,1439,34
echocardio,1,5,0.350200891494751,0,8719,8239,8039,34
phoneme,1,2,0.013260602951049805,0,210,174,84,84
phoneme,1,3,0.026473522186279297,0,782,266,356,193
phoneme,1,5,0.02812647819519043,0,825,274,398,195
texture,14,2,0.3096044063568115,0,12406,530,4638,452
texture,14,3,0.3730039596557617,0,13617,693,5849,503
texture,14,5,0.37831878662109375,0,13682,721,5914,508
statlog_is,7,2,0.042255401611328125,0,1667,164,661,317
statlog_is,7,3,0.049507856369018555,0,2050,240,1044,444
statlog_is,7,5,0.05125117301940918,0,2150,293,1144,521
banknote,1,2,0.007627725601196289,0,121,88,56,53
banknote,1,3,0.010505437850952148,0,268,155,143,117
banknote,1,5,0.01073765754699707,0,289,168,164,133
NormalDist_Random-Synthetic__2_6_5132_,1,2,0.012379169464111328,0,153,131,71,71
NormalDist_Random-Synthetic__2_6_5132_,1,3,0.02277827262878418,0,545,511,278,186
NormalDist_Random-Synthetic__2_6_5132_,1,5,0.059226274490356445,0,1707,1386,876,248
ilpd,2,2,0.017823457717895508,0,741,344,348,219
ilpd,2,3,0.04185962677001953,0,2156,563,1649,271
ilpd,2,5,0.04653310775756836,0,2274,619,1767,277
EqualDist_Random-Synthetic__2_7_7307_,0,2,0.021285533905029297,0,378,324,168,151
EqualDist_Random-Synthetic__2_7_7307_,0,3,0.06602764129638672,0,2103,1826,1055,267
EqualDist_Random-Synthetic__2_7_7307_,0,5,0.30853271484375,0,7158,3885,3905,277
ND_LVL_1_3_NormalDist_Random-Synthetic__2_5_1000000_,1,2,1.041731357574463,0,325,275,132,124
ND_LVL_1_3_NormalDist_Random-Synthetic__2_5_1000000_,1,3,2.103663921356201,0,1575,1446,743,224
ND_LVL_1_3_NormalDist_Random-Synthetic__2_5_1000000_,1,5,5.289579629898071,0,5443,4344,2684,238
satimage,5,2,0.2608470916748047,0,10014,431,3233,422
satimage,5,3,0.31879377365112305,0,11769,1333,4988,501
satimage,5,5,0.5441703796386719,0,16520,5265,9739,511
turkiye,11,2,0.2827177047729492,0,11781,1873,4926,459
turkiye,11,3,0.8424789905548096,0,26800,13580,15366,589
turkiye,11,5,126.76841187477112,0,460499,444774,345892,680
I_LVL3_0_Interesting_Non-Random-Synthetic__2_7_823543_,1,2,1.6700892448425293,0,1039,166,377,139
I_LVL3_0_Interesting_Non-Random-Synthetic__2_7_823543_,1,3,1.649376392364502,0,1039,166,377,139
I_LVL3_0_Interesting_Non-Random-Synthetic__2_7_823543_,1,5,1.6746573448181152,0,1039,166,377,139
auto2, class2,2,12.061130046844482,0,304590,303024,151921,713
auto2, class2,3,-1.0,1,-1,-1,-1,-1
auto2, class2,5,-1.0,1,-1,-1,-1,-1
oil_spill,2,2,0.29260706901550293,0,17025,587,7016,350
oil_spill,2,3,0.3128032684326172,0,18205,923,8195,469
oil_spill,2,5,0.3258805274963379,0,18789,1373,8779,510
DryBeans,HOROZ,2,0.08284592628479004,0,1717,159,507,261
DryBeans,HOROZ,3,0.09673523902893066,0,2054,231,844,384
DryBeans,HOROZ,5,0.09745478630065918,0,2166,312,956,437
spectf_heart,0,2,0.23725461959838867,0,15054,874,7395,484
spectf_heart,0,3,0.27716588973999023,0,17221,912,9562,506
spectf_heart,0,5,0.27912020683288574,0,17229,915,9570,509
I_LVL2_4_Interesting_Non-Random-Synthetic__2_5_31250000_,1,2,32.00249528884888,0,301,251,182,131
I_LVL2_4_Interesting_Non-Random-Synthetic__2_5_31250000_,1,3,64.10010504722595,0,1356,436,990,181
I_LVL2_4_Interesting_Non-Random-Synthetic__2_5_31250000_,1,5,64.08333373069763,0,1356,436,990,181
planning,2,2,0.023545265197753906,0,1176,703,494,215
planning,2,3,0.08519196510314941,0,4927,1714,3275,237
planning,2,5,0.1376349925994873,0,6118,2816,4453,237
I_LVL1_3_Interesting_Non-Random-Synthetic__2_2_4000_,1,2,0.005322694778442383,0,7,5,4,4
I_LVL1_3_Interesting_Non-Random-Synthetic__2_2_4000_,1,3,0.00514674186706543,0,7,5,4,4
I_LVL1_3_Interesting_Non-Random-Synthetic__2_2_4000_,1,5,0.0053141117095947266,0,7,5,4,4
trains,west,2,0.03024911880493164,0,1676,1132,776,0
trains,west,3,0.24190139770507812,0,13047,12118,9734,0
trains,west,5,125.14735555648804,0,452288,451293,417045,0
ED_LVL_3_1_EqualDist_Random-Synthetic__2_20_10000_,0,2,1.8239707946777344,0,80200,4198,40530,191
ED_LVL_3_1_EqualDist_Random-Synthetic__2_20_10000_,0,3,2.221649408340454,0,82680,4198,42740,191
ED_LVL_3_1_EqualDist_Random-Synthetic__2_20_10000_,0,5,2.2073397636413574,0,82680,4198,42740,191
appendicitis,1,2,0.011112213134765625,0,379,193,105,34
appendicitis,1,3,0.018166780471801758,0,852,545,422,64
appendicitis,1,5,0.03521013259887695,0,1512,1205,1068,84
mc2,2,2,0.1307053565979004,0,9870,574,3916,353
mc2,2,3,0.20872282981872559,0,13071,2525,7066,481
mc2,2,5,0.8213045597076416,0,28142,14206,22108,541
breast_cancer_wis_ori,M,2,0.10843491554260254,0,7141,206,2887,327
breast_cancer_wis_ori,M,3,0.11243915557861328,0,7426,257,3172,405
breast_cancer_wis_ori,M,5,0.11237573623657227,0,7479,298,3225,449
urban,shadow ,2,1.8714401721954346,0,113163,853,63176,539
urban,shadow ,3,1.9229915142059326,0,116439,3633,66452,760
urban,shadow ,5,8.747856140136719,0,200775,87969,150788,1013
parkinsons,0,2,0.0548858642578125,0,3658,255,1462,294
parkinsons,0,3,0.06333422660827637,0,4208,402,2012,378
parkinsons,0,5,0.06542158126831055,0,4382,487,2186,416
haberman,2,2,0.006765127182006836,0,66,51,29,28
haberman,2,3,0.00685429573059082,0,114,87,53,29
haberman,2,5,0.0068814754486083984,0,114,87,53,29
pitt1_3,LONG,2,0.011044025421142578,0,234,161,103,37
pitt1_3,LONG,3,0.015846967697143555,0,679,554,397,50
pitt1_3,LONG,5,0.041785478591918945,0,1625,1478,1204,51
NormalDist_Random-Synthetic__2_8_5616_,0,2,0.027452707290649414,0,741,582,315,206
NormalDist_Random-Synthetic__2_8_5616_,0,3,0.11788010597229004,0,5198,2600,2575,309
NormalDist_Random-Synthetic__2_8_5616_,0,5,0.4451773166656494,0,12635,4442,6875,323
musk,2,2,4.083249092102051,0,161787,1617,85183,602
musk,2,3,4.320537567138672,0,169306,4479,92701,673
musk,2,5,6.562150716781616,0,200158,32417,123553,683
car,good,2,0.008562564849853516,0,126,104,101,101
car,good,3,0.013128519058227539,0,391,220,360,206
car,good,5,0.014893293380737305,0,453,235,422,221
libras,4,2,0.37454748153686523,0,24450,626,15988,507
libras,4,3,0.4108695983886719,0,27115,1566,18653,699
libras,4,5,0.8198275566101074,0,38278,12729,29816,923
monks2,1,2,0.007993698120117188,0,153,136,91,91
monks2,1,3,0.015200614929199219,0,592,457,321,216
monks2,1,5,0.024417638778686523,0,983,561,654,221
onehund_tex,Acer Capillipes,2,0.15935158729553223,0,8449,859,4890,352
onehund_tex,Acer Capillipes,3,0.3361818790435791,0,16421,3620,12842,590
onehund_tex,Acer Capillipes,5,1.560364007949829,0,46860,23969,43260,932
grammatical_b3,0,2,0.5857083797454834,0,30116,1946,29513,556
grammatical_b3,0,3,1.0944228172302246,0,55784,18825,55181,650
grammatical_b3,0,5,196.20353436470032,0,661157,567616,660554,699
volcanoes-a4,5,2,0.0064544677734375,0,78,46,18,18
volcanoes-a4,5,3,0.00720667839050293,0,106,65,37,37
volcanoes-a4,5,5,0.007056713104248047,0,106,65,37,37
chronic_kidney_disease,ckd,2,0.03975701332092285,0,2489,190,1230,269
chronic_kidney_disease,ckd,3,0.045931100845336914,0,2845,252,1579,373
chronic_kidney_disease,ckd,5,0.04745745658874512,0,2911,298,1645,415
PopularKids,2,2,0.0166780948638916,0,741,417,294,175
PopularKids,2,3,0.047714948654174805,0,2630,890,1461,283
PopularKids,2,5,0.06592941284179688,0,3243,1309,2025,327
ED_LVL_2_2_EqualDist_Random-Synthetic__2_10_100000_,1,2,0.6632828712463379,0,5050,4600,2350,341
ED_LVL_2_2_EqualDist_Random-Synthetic__2_10_100000_,1,3,11.257138729095459,0,125050,5662,64694,341
ED_LVL_2_2_EqualDist_Random-Synthetic__2_10_100000_,1,5,11.238178253173828,0,125050,5662,64694,341
yeast,ME1,2,0.010099411010742188,0,181,132,78,78
yeast,ME1,3,0.016820907592773438,0,551,207,359,205
yeast,ME1,5,0.019789934158325195,0,661,274,469,275
auto8,class9,2,78.12483763694763,0,5391008,84245,2818138,933
auto8,class9,3,283.2409281730652,0,9253009,211497,6423476,1133
auto8,class9,5,-1.0,1,-1,-1,-1,-1
analcatdata_dmft,1,2,0.009121179580688477,0,231,137,67,54
analcatdata_dmft,1,3,0.01323843002319336,0,483,335,191,103
analcatdata_dmft,1,5,0.016132354736328125,0,586,416,266,109
pc2,2,2,0.128187894821167,0,3932,448,1365,388
pc2,2,3,0.2102656364440918,0,6699,2414,4097,599
pc2,2,5,3.4858829975128174,0,49100,44815,46462,997
scene,2,2,10.261924505233765,0,546676,3421,343267,673
scene,2,3,10.669162511825562,0,552503,4740,349094,872
scene,2,5,10.617347717285156,0,554060,5407,350651,1119
first,1,2,0.451077938079834,0,15936,2293,7199,458
first,1,3,1.0731091499328613,0,33186,4280,22745,808
first,1,5,1.5577147006988525,0,42548,7386,31493,1135
ecoli,om,2,0.007807016372680664,0,129,93,66,58
ecoli,om,3,0.01106715202331543,0,331,172,238,142
ecoli,om,5,0.013260126113891602,0,440,251,347,187
grammatical_a7,1,2,0.4152843952178955,0,18763,3019,18024,737
grammatical_a7,1,3,1.8612217903137207,0,85707,62924,84968,1006
grammatical_a7,1,5,-1.0,1,-1,-1,-1,-1
ND_LVL_3_3_NormalDist_Random-Synthetic__2_20_1000000_,0,2,40.98474407196045,0,51432,23120,24768,409
ND_LVL_3_3_NormalDist_Random-Synthetic__2_20_1000000_,0,3,-1.0,1,-1,-1,-1,-1
ND_LVL_3_3_NormalDist_Random-Synthetic__2_20_1000000_,0,5,-1.0,1,-1,-1,-1,-1
parkinson_speech,0,2,0.21452713012695312,0,5358,633,2974,226
parkinson_speech,0,3,0.13437509536743164,0,6738,843,4136,300
parkinson_speech,0,5,0.13290810585021973,0,6929,1004,4319,319
grammatical_b9,1,2,1.139939546585083,0,34857,2434,34185,434
grammatical_b9,1,3,1.1530272960662842,0,52254,10101,51578,484
grammatical_b9,1,5,11.503800392150879,0,107038,62206,106361,493
climate,0,2,0.05572104454040527,0,3160,427,1436,306
climate,0,3,0.07194066047668457,0,3942,495,2216,341
climate,0,5,0.07261466979980469,0,3946,497,2220,341
isolet,14,2,14.763278007507324,0,483964,6603,473985,1047
isolet,14,3,20.86164426803589,0,626522,86353,609298,1383
isolet,14,5,-1.0,1,-1,-1,-1,-1
auto7_3,class3,2,0.019324302673339844,0,780,610,341,227
auto7_3,class3,3,0.09477686882019043,0,5595,1373,2964,360
auto7_3,class3,5,0.12653255462646484,0,6341,1753,3648,385
volcanoes-d3,3,2,0.010480642318725586,0,78,55,17,17
volcanoes-d3,3,3,0.011790037155151367,0,125,87,35,35
volcanoes-d3,3,5,0.011852025985717773,0,125,87,35,35
Diabetic,0,2,0.04568314552307129,0,2080,760,974,281
Diabetic,0,3,0.12292027473449707,0,6067,1818,4341,381
Diabetic,0,5,0.24867582321166992,0,9439,4614,7288,451
ar4,2,2,0.06606435775756836,0,4671,343,1887,241
ar4,2,3,0.08790159225463867,0,6229,1321,3445,359
ar4,2,5,0.4851548671722412,0,16446,11523,13662,424
auto5, class3,2,1.8014583587646484,0,113050,4460,52591,616
auto5, class3,3,2.5594518184661865,0,138419,5508,77191,666
auto5, class3,5,2.5947818756103516,0,138629,5536,77401,668
Chess_King-Rookvs.King-Pawn__UCI_,nowin,2,0.06917285919189453,0,2629,1173,1390,394
Chess_King-Rookvs.King-Pawn__UCI_,nowin,3,0.438887357711792,0,17110,8141,9607,635
Chess_King-Rookvs.King-Pawn__UCI_,nowin,5,12.087820768356323,0,128480,80274,77511,982
bankruptcy,1,2,0.00751948356628418,0,173,113,89,11
bankruptcy,1,3,0.01087331771850586,0,396,268,240,11
bankruptcy,1,5,0.013993978500366211,0,517,385,356,11
onehund_sha,Acer Capillipes,2,0.174910306930542,0,9572,418,6485,347
onehund_sha,Acer Capillipes,3,0.20157289505004883,0,10927,563,7840,524
onehund_sha,Acer Capillipes,5,0.20766854286193848,0,11439,1075,8352,735
pc3,2,2,0.14682960510253906,0,8001,593,3304,375
pc3,2,3,0.20148086547851562,0,11052,1875,6299,474
pc3,2,5,0.45101428031921387,0,17270,6683,12507,516
Marketing_EoSL_,9,2,0.07674193382263184,0,2631,318,768,253
Marketing_EoSL_,9,3,0.10741496086120605,0,3622,519,1622,394
Marketing_EoSL_,9,5,0.11737751960754395,0,3991,715,1991,454
I_LVL2_1_Interesting_Non-Random-Synthetic__2_5_31250_,1,2,0.044191837310791016,0,301,251,182,148
I_LVL2_1_Interesting_Non-Random-Synthetic__2_5_31250_,1,3,0.09357976913452148,0,1356,436,990,198
I_LVL2_1_Interesting_Non-Random-Synthetic__2_5_31250_,1,5,0.0974419116973877,0,1356,436,990,198
wpbc,R,2,0.11803960800170898,0,8646,1005,3905,342
wpbc,R,3,0.20525360107421875,0,11658,1418,6798,406
wpbc,R,5,0.22320199012756348,0,12385,1911,7524,461
volcanoes-a3,4,2,0.01624917984008789,0,67,41,25,25
volcanoes-a3,4,3,0.006728649139404297,0,89,60,44,44
volcanoes-a3,4,5,0.006780147552490234,0,89,60,44,44
winsconsin,4,2,0.010426759719848633,0,253,134,158,131
winsconsin,4,3,0.017276763916015625,0,641,191,533,239
winsconsin,4,5,0.017770051956176758,0,677,205,569,255
optical,5,2,0.45684003829956055,0,14373,1005,5982,484
optical,5,3,0.775986909866333,0,23655,5488,14426,770
optical,5,5,11.541383028030396,0,129567,93602,112821,1194
NormalDist_Random-Synthetic__2_12_5886_,0,2,0.050896406173706055,0,1485,1045,701,271
NormalDist_Random-Synthetic__2_12_5886_,0,3,0.3384387493133545,0,12668,6440,6367,357
NormalDist_Random-Synthetic__2_12_5886_,0,5,3.9732983112335205,0,55498,18171,30427,359
horse_colic_lesion,1,2,0.038869619369506836,0,2485,1187,0,0
horse_colic_lesion,1,3,0.21875262260437012,0,11596,9807,0,0
horse_colic_lesion,1,5,42.367515325546265,0,211729,209938,0,0
contraceptive,3,2,0.015478849411010742,0,465,329,195,158
contraceptive,3,3,0.04638481140136719,0,2163,886,1147,290
contraceptive,3,5,0.07464432716369629,0,3133,1494,1902,338
heart_switzerland,1,2,0.012485265731811523,0,440,296,179,52
heart_switzerland,1,3,0.031139612197875977,0,1725,678,1031,119
heart_switzerland,1,5,0.04863572120666504,0,2598,1147,1884,195
saheart,1,2,0.015850067138671875,0,595,396,291,194
saheart,1,3,0.04861927032470703,0,2727,524,1813,244
saheart,1,5,0.04945969581604004,0,2762,532,1848,247
analcatdata_boxing2,2,2,0.009351491928100586,0,301,115,89,16
analcatdata_boxing2,2,3,0.010447978973388672,0,362,176,150,16
analcatdata_boxing2,2,5,0.01105809211730957,0,362,176,150,16
analcatdata_lawsuit,2,2,0.005602121353149414,0,50,33,22,21
analcatdata_lawsuit,2,3,0.005959510803222656,0,76,56,44,32
analcatdata_lawsuit,2,5,0.006603717803955078,0,83,63,51,33
pc1_req,2,2,0.008301258087158203,0,172,132,71,49
pc1_req,2,3,0.01468968391418457,0,550,373,277,148
pc1_req,2,5,0.027477025985717773,0,1124,799,609,236
robot1,collision,2,0.011896610260009766,0,328,202,171,139
robot1,collision,3,0.023565053939819336,0,987,293,706,214
robot1,collision,5,0.02435755729675293,0,1026,307,745,223
credit-g,1,2,0.0584108829498291,0,3240,823,1502,251
credit-g,1,3,0.15668392181396484,0,8431,2152,5064,359
credit-g,1,5,0.3214912414550781,0,11983,4180,7850,435
lsvt,1,2,4.449085712432861,0,285128,1325,219940,476
lsvt,1,3,4.473705053329468,0,286637,1614,221449,514
lsvt,1,5,4.4026360511779785,0,286838,1787,221650,516
acute-inflammations,2,2,0.006050586700439453,0,69,54,43,42
acute-inflammations,2,3,0.007402181625366211,0,150,135,122,97
acute-inflammations,2,5,0.009356498718261719,0,241,182,213,132
cardio10,8,2,0.035550594329833984,0,1394,200,632,290
cardio10,8,3,0.048931121826171875,0,2063,419,1297,497
cardio10,8,5,0.06736493110656738,0,2604,791,1838,626
phishing,-1,2,0.13557648658752441,0,2279,740,1169,347
phishing,-1,3,0.4927248954772949,0,8776,2184,5692,577
phishing,-1,5,1.9894847869873047,0,25038,16573,18507,646
prnn_synth,1,2,0.0049626827239990234,0,36,22,12,9
prnn_synth,1,3,0.004896402359008789,0,36,22,12,9
prnn_synth,1,5,0.004864931106567383,0,36,22,12,9
mice,t-SC-s,2,0.6493313312530518,0,39654,508,19006,538
mice,t-SC-s,3,0.6505703926086426,0,40250,586,19602,712
mice,t-SC-s,5,0.657135009765625,0,40316,630,19668,759
U_LVL0_Uninteresting_Non-Random-Synthetic__2_4_62500_,0,2,0.06219363212585449,0,210,170,0,0
U_LVL0_Uninteresting_Non-Random-Synthetic__2_4_62500_,0,3,0.1034688949584961,0,710,670,0,0
U_LVL0_Uninteresting_Non-Random-Synthetic__2_4_62500_,0,5,0.15308690071105957,0,1335,1295,0,0
grammatical_a4,1,2,0.4521453380584717,0,20905,9582,20070,757
grammatical_a4,1,3,9.051742792129517,0,384578,262693,383743,893
grammatical_a4,1,5,-1.0,1,-1,-1,-1,-1
NormalDist_Random-Synthetic__2_7_7283_,1,2,0.027261018753051758,0,561,460,237,175
NormalDist_Random-Synthetic__2_7_7283_,1,3,0.09636735916137695,0,3495,2030,1784,274
NormalDist_Random-Synthetic__2_7_7283_,1,5,0.33819150924682617,0,9200,3882,5052,282
ND_LVL_2_1_NormalDist_Random-Synthetic__2_10_10000_,0,2,0.14063215255737305,0,5050,1651,2227,326
ND_LVL_2_1_NormalDist_Random-Synthetic__2_10_10000_,0,3,0.7409141063690186,0,26254,7961,13455,355
ND_LVL_2_1_NormalDist_Random-Synthetic__2_10_10000_,0,5,2.3235621452331543,0,56411,8001,31654,355
grammatical_b2,1,2,1.0256755352020264,0,50973,8917,49930,682
grammatical_b2,1,3,6.557368755340576,0,259224,161878,258181,807
grammatical_b2,1,5,-1.0,1,-1,-1,-1,-1
ED_LVL_2_0_EqualDist_Random-Synthetic__2_10_1000_,1,2,0.08151006698608398,0,5050,1208,1984,256
ED_LVL_2_0_EqualDist_Random-Synthetic__2_10_1000_,1,3,0.1636500358581543,0,8281,1208,4226,256
ED_LVL_2_0_EqualDist_Random-Synthetic__2_10_1000_,1,5,0.16276884078979492,0,8281,1208,4226,256
grammatical_b6,1,2,0.7172300815582275,0,34609,2200,33777,935
grammatical_b6,1,3,1.2624311447143555,0,58129,19124,57297,1024
grammatical_b6,1,5,263.3384311199188,0,750614,687970,749782,1057
I_LVL2_0_Interesting_Non-Random-Synthetic__2_5_3125_,1,2,0.013055562973022461,0,278,227,117,107
I_LVL2_0_Interesting_Non-Random-Synthetic__2_5_3125_,1,3,0.029525279998779297,0,1138,412,657,180
I_LVL2_0_Interesting_Non-Random-Synthetic__2_5_3125_,1,5,0.030884504318237305,0,1138,412,657,180
gesture_raw,Preparation,2,0.09230518341064453,0,2926,773,1186,322
gesture_raw,Preparation,3,0.18969488143920898,0,6412,2454,4075,457
gesture_raw,Preparation,5,0.8412561416625977,0,17173,12172,14527,518
monks3,0,2,0.0078051090240478516,0,153,133,53,53
monks3,0,3,0.014237165451049805,0,562,230,218,191
monks3,0,5,0.015572786331176758,0,605,230,261,191
I_LVL1_0_Interesting_Non-Random-Synthetic__2_2_4_,1,2,0.004141807556152344,0,5,3,3,0
I_LVL1_0_Interesting_Non-Random-Synthetic__2_2_4_,1,3,0.0042819976806640625,0,5,3,3,0
I_LVL1_0_Interesting_Non-Random-Synthetic__2_2_4_,1,5,0.004079580307006836,0,5,3,3,0
wall2,Slight-Right-Turn,2,0.00574040412902832,0,14,7,5,5
wall2,Slight-Right-Turn,3,0.005658388137817383,0,14,7,5,5
wall2,Slight-Right-Turn,5,0.0057332515716552734,0,14,7,5,5
abalone,1,2,0.018949031829833984,0,496,241,155,127
abalone,1,3,0.03742337226867676,0,1305,355,633,235
abalone,1,5,0.041290283203125,0,1473,429,801,302
wholesale,2,2,0.010900735855102539,0,327,192,150,139
wholesale,2,3,0.026207923889160156,0,984,257,716,223
wholesale,2,5,0.022054195404052734,0,1022,280,754,244
soybean_large,purple-seed-stain,2,0.0331268310546875,0,1750,349,1125,402
soybean_large,purple-seed-stain,3,0.06452441215515137,0,3860,1489,3124,633
soybean_large,purple-seed-stain,5,0.9664530754089355,0,24209,21838,23473,693
U_LVL2_1_Uninteresting_Non-Random-Synthetic__2_5_31250_,0,2,0.04557394981384277,0,325,275,0,0
U_LVL2_1_Uninteresting_Non-Random-Synthetic__2_5_31250_,0,3,0.10445642471313477,0,1575,1525,0,0
U_LVL2_1_Uninteresting_Non-Random-Synthetic__2_5_31250_,0,5,0.6110460758209229,0,7825,7775,0,0
onehund_mar,Acer Capillipes,2,0.17758536338806152,0,9538,521,6249,416
onehund_mar,Acer Capillipes,3,0.259920597076416,0,12350,2136,9060,629
onehund_mar,Acer Capillipes,5,0.6776683330535889,0,24398,10365,21108,958
jEdit_4.2_4.3,1,2,0.012276172637939453,0,406,255,181,139
jEdit_4.2_4.3,1,3,0.02649998664855957,0,1304,508,776,229
jEdit_4.2_4.3,1,5,0.03348422050476074,0,1568,706,1035,259
hiv_impens,1,2,0.13862919807434082,0,9608,1024,2375,144
hiv_impens,1,3,0.23178505897521973,0,12301,1495,4135,144
hiv_impens,1,5,0.23561310768127441,0,12444,1632,4278,144
abalone_ori,18,2,0.018491744995117188,0,466,208,158,144
abalone_ori,18,3,0.03299140930175781,0,1073,352,604,255
abalone_ori,18,5,0.03760528564453125,0,1267,489,798,298
ada_agnostic,2,2,0.13916897773742676,0,4659,1183,2033,461
ada_agnostic,2,3,0.681307315826416,0,19856,13367,13341,743
ada_agnostic,2,5,332.2947647571564,0,1027365,1007224,832580,1173
pitt1_1,DECK,2,0.008034706115722656,0,195,126,84,34
pitt1_1,DECK,3,0.012628555297851562,0,485,400,314,44
pitt1_1,DECK,5,0.02710270881652832,0,1092,989,885,45
hiv_1625,1,2,0.14579415321350098,0,9340,224,1960,234
hiv_1625,1,3,0.14725303649902344,0,9474,260,2094,280
hiv_1625,1,5,0.1459062099456787,0,9498,278,2118,298
mfeat-factors,7,2,1.956242322921753,0,101889,745,90166,644
mfeat-factors,7,3,1.9973373413085938,0,102692,935,90969,721
mfeat-factors,7,5,2.006028175354004,0,102820,1014,91097,743
ED_LVL_1_0_EqualDist_Random-Synthetic__2_5_1000_,0,2,0.011207342147827148,0,325,275,133,127
ED_LVL_1_0_EqualDist_Random-Synthetic__2_5_1000_,0,3,0.03116631507873535,0,1575,522,843,170
ED_LVL_1_0_EqualDist_Random-Synthetic__2_5_1000_,0,5,0.033173561096191406,0,1605,523,873,170
ED_LVL_3_2_EqualDist_Random-Synthetic__2_20_100000_,1,2,7.226442813873291,0,80200,76400,38669,212
ED_LVL_3_2_EqualDist_Random-Synthetic__2_20_100000_,1,3,-1.0,1,-1,-1,-1,-1
ED_LVL_3_2_EqualDist_Random-Synthetic__2_20_100000_,1,5,-1.0,1,-1,-1,-1,-1
Seismic-Bumps_UCI_,1,2,0.08772611618041992,0,821,360,358,226
Seismic-Bumps_UCI_,1,3,0.07782220840454102,0,2515,1055,1439,406
Seismic-Bumps_UCI_,1,5,0.21391797065734863,0,6021,3906,3540,542
pitt2_4,S,2,0.008289098739624023,0,194,138,94,36
pitt2_4,S,3,0.013901472091674805,0,557,459,340,56
pitt2_4,S,5,0.03177356719970703,0,1293,1177,985,58
lenses,softCL,2,0.0048830509185791016,0,30,23,21,3
lenses,softCL,3,0.004998445510864258,0,45,38,36,3
lenses,softCL,5,0.0050542354583740234,0,50,43,41,3
statlog_ls,5,2,0.5089735984802246,0,10014,431,3233,422
statlog_ls,5,3,0.5503971576690674,0,11769,1333,4988,501
statlog_ls,5,5,0.5383749008178711,0,16520,5265,9739,511
EqualDist_Random-Synthetic__2_14_5644_,1,2,0.07878828048706055,0,2701,2526,1265,304
EqualDist_Random-Synthetic__2_14_5644_,1,3,1.3546838760375977,0,52966,13759,27167,332
EqualDist_Random-Synthetic__2_14_5644_,1,5,4.7171595096588135,0,75202,16096,41675,332
thyroid_sick,sick.,2,0.04965519905090332,0,1834,431,705,304
thyroid_sick,sick.,3,0.1181180477142334,0,4741,1732,3127,606
thyroid_sick,sick.,5,1.4833214282989502,0,28849,25784,21253,819
BreastCancerWisconsin_UCI_,4,2,0.06385159492492676,0,4005,165,2186,168
BreastCancerWisconsin_UCI_,4,3,0.06567668914794922,0,4074,179,2255,180
BreastCancerWisconsin_UCI_,4,5,0.0658273696899414,0,4076,180,2257,181
pamap2,1,2,1.492093801498413,0,19715,779,2516,342
pamap2,1,3,1.778414011001587,0,25889,1093,8690,604
pamap2,1,5,1.8161187171936035,0,26405,1225,9206,721
U_LVL1_2_Uninteresting_Non-Random-Synthetic__2_2_400_,1,2,0.0044095516204833984,0,10,8,0,0
U_LVL1_2_Uninteresting_Non-Random-Synthetic__2_2_400_,1,3,0.004388570785522461,0,10,8,0,0
U_LVL1_2_Uninteresting_Non-Random-Synthetic__2_2_400_,1,5,0.004413127899169922,0,10,8,0,0
visualizing_livestock,4,2,0.010957956314086914,0,436,55,28,2
visualizing_livestock,4,3,0.01119232177734375,0,436,55,28,2
visualizing_livestock,4,5,0.011125564575195312,0,436,55,28,2
volcanoes-a2,4,2,0.006482124328613281,0,67,41,22,22
volcanoes-a2,4,3,0.006815195083618164,0,88,60,41,41
volcanoes-a2,4,5,0.006862640380859375,0,88,60,41,41
blogger,no,2,0.006820201873779297,0,120,86,50,18
blogger,no,3,0.009006500244140625,0,264,202,136,22
blogger,no,5,0.011226177215576172,0,358,294,216,23
grammatical_a5,1,2,0.9942283630371094,0,53194,1493,51472,518
grammatical_a5,1,3,1.1888563632965088,0,61242,5364,59509,526
grammatical_a5,1,5,3.022125244140625,0,82253,20475,80519,526
prnn_crabs,1,2,0.011213541030883789,0,351,207,109,85
prnn_crabs,1,3,0.020470857620239258,0,940,417,467,173
prnn_crabs,1,5,0.02495741844177246,0,1145,526,641,221
hepatitis,1,2,0.020884037017822266,0,996,282,459,182
hepatitis,1,3,0.03803229331970215,0,2100,495,1484,318
hepatitis,1,5,0.04558587074279785,0,2461,670,1845,419
