dataset_name,target_value,depth,DFS_BSD_DP_qf05 (PS)-real_time_taken,DFS_BSD_DP_qf05 (PS)-failed,DFS_BSD_DP_qf05 (PS)-sgs_evaluated,DFS_BSD_DP_qf05 (PS)-sgs_eval_interesting,DFS_BSD_DP_qf05 (PS)-sgs_quality_interesting,DFS_BSD_DP_qf05 (PS)-sgs_top_k_interesting
spect_heart,0,2,0.027940988540649414,0,937,757,265,202
spect_heart,0,3,0.10469222068786621,0,5489,2750,2000,393
spect_heart,0,5,1.2528541088104248,0,71077,35508,35471,873
fertility,O,2,0.010294675827026367,0,348,156,74,74
fertility,O,3,0.023414134979248047,0,1399,308,141,133
fertility,O,5,0.03827071189880371,0,2798,352,161,145
ND_LVL_1_1_NormalDist_Random-Synthetic__2_5_10000_,1,2,0.019934892654418945,0,276,276,137,133
ND_LVL_1_1_NormalDist_Random-Synthetic__2_5_10000_,1,3,0.048195600509643555,0,1526,1332,681,297
ND_LVL_1_1_NormalDist_Random-Synthetic__2_5_10000_,1,5,0.12537026405334473,0,5491,2892,1464,351
Mushroom_UCI_,p,2,0.09630107879638672,0,2838,835,564,409
Mushroom_UCI_,p,3,0.28754758834838867,0,12021,1704,1400,756
Mushroom_UCI_,p,5,0.7934339046478271,0,41124,2907,2800,1552
wall24,Slight-Right-Turn,2,0.10296773910522461,0,3846,2049,1421,421
wall24,Slight-Right-Turn,3,0.532092809677124,0,27905,5097,4379,985
wall24,Slight-Right-Turn,5,1.429610252380371,0,86573,9613,9145,2285
thyroid_allbp,increased binding protein.,2,0.056340694427490234,0,1684,1198,565,263
thyroid_allbp,increased binding protein.,3,0.3637058734893799,0,15370,7963,4748,829
thyroid_allbp,increased binding protein.,5,10.045792579650879,0,480187,163774,118416,1696
analcatdata_creditscore,1,2,0.006775856018066406,0,174,61,28,28
analcatdata_creditscore,1,3,0.010489940643310547,0,445,108,46,46
analcatdata_creditscore,1,5,0.012293577194213867,0,605,125,55,55
primary,1,2,0.017472267150878906,0,670,420,205,161
primary,1,3,0.07619524002075195,0,4331,2267,1291,331
primary,1,5,0.5045876502990723,0,33441,14201,9988,803
breast_tissue_merged,car,2,0.010816812515258789,0,433,99,65,65
breast_tissue_merged,car,3,0.01758575439453125,0,1057,152,103,103
breast_tissue_merged,car,5,0.02054572105407715,0,1325,165,113,112
pima,1,2,0.014577150344848633,0,424,419,213,182
pima,1,3,0.06373715400695801,0,3042,1453,990,408
pima,1,5,0.1409602165222168,0,9704,1731,1212,450
Divorce,1,2,0.10392069816589355,0,7611,584,583,560
Divorce,1,3,0.2740943431854248,0,22611,894,893,879
Divorce,1,5,0.760141134262085,0,65571,1363,1362,1347
asbestos,(3)_Above_legal_limit,2,0.004328012466430664,0,29,19,8,8
asbestos,(3)_Above_legal_limit,3,0.004678010940551758,0,41,21,9,9
asbestos,(3)_Above_legal_limit,5,0.004608631134033203,0,41,21,9,9
bupa,1,2,0.01050877571105957,0,265,247,123,122
bupa,1,3,0.026823043823242188,0,1497,414,200,168
bupa,1,5,0.03193783760070801,0,1953,425,205,168
U_LVL2_0_Uninteresting_Non-Random-Synthetic__2_5_3125_,0,2,0.006360769271850586,0,1,0,0,0
U_LVL2_0_Uninteresting_Non-Random-Synthetic__2_5_3125_,0,3,0.006284475326538086,0,1,0,0,0
U_LVL2_0_Uninteresting_Non-Random-Synthetic__2_5_3125_,0,5,0.006379604339599609,0,1,0,0,0
cardio3,2,2,0.05443096160888672,0,1978,1111,599,264
cardio3,2,3,0.2706124782562256,0,14002,5465,3348,732
cardio3,2,5,3.072521209716797,0,192336,38975,30644,1672
volcanoes-d4,3,2,0.009546279907226562,0,61,60,17,17
volcanoes-d4,3,3,0.011061668395996094,0,125,95,36,36
volcanoes-d4,3,5,0.011031866073608398,0,125,95,36,36
pitt2_3,LONG,2,0.00748133659362793,0,196,72,40,40
pitt2_3,LONG,3,0.010652780532836914,0,438,119,64,64
pitt2_3,LONG,5,0.01177668571472168,0,515,128,69,69
grammatical_b5,1,2,2.958292007446289,0,177954,11229,10617,1232
grammatical_b5,1,3,54.31504464149475,0,3432426,154754,153283,3142
grammatical_b5,1,5,-1.0,1,-1,-1,-1,-1
ED_LVL_1_2_EqualDist_Random-Synthetic__2_5_100000_,0,2,0.14512944221496582,0,276,276,139,135
ED_LVL_1_2_EqualDist_Random-Synthetic__2_5_100000_,0,3,0.2757384777069092,0,1526,1526,768,289
ED_LVL_1_2_EqualDist_Random-Synthetic__2_5_100000_,0,5,0.6069724559783936,0,7776,4651,2291,410
pitt1_4,S,2,0.010665178298950195,0,205,66,34,34
pitt1_4,S,3,0.014209985733032227,0,389,92,44,44
pitt1_4,S,5,0.013178586959838867,0,435,93,44,44
ND_LVL_2_3_NormalDist_Random-Synthetic__2_10_1000000_,0,2,4.403478622436523,0,4601,2801,1414,354
ND_LVL_2_3_NormalDist_Random-Synthetic__2_10_1000000_,0,3,27.558708429336548,0,76601,27704,14070,558
ND_LVL_2_3_NormalDist_Random-Synthetic__2_10_1000000_,0,5,315.0062663555145,0,1266011,90637,45172,746
gesture_va,P,2,0.28072667121887207,0,8065,7738,4220,471
gesture_va,P,3,6.215773344039917,0,291229,56719,38995,769
gesture_va,P,5,42.06213355064392,0,2266257,175712,133230,1734
connectionist_vowel,4,2,0.035175323486328125,0,1536,960,562,285
connectionist_vowel,4,3,0.18260931968688965,0,11274,3559,2919,503
connectionist_vowel,4,5,0.5019607543945312,0,37192,4810,4460,766
breast_cancer_wis_pro,R,2,0.18517804145812988,0,11507,5417,2922,401
breast_cancer_wis_pro,R,3,3.024700164794922,0,293191,10631,6934,462
breast_cancer_wis_pro,R,5,5.804111957550049,0,604179,14576,11676,593
diggle_table_a2,8,2,0.00929880142211914,0,289,104,70,70
diggle_table_a2,8,3,0.018486976623535156,0,917,248,210,193
diggle_table_a2,8,5,0.033010005950927734,0,1961,506,496,269
page,5,2,0.030488014221191406,0,737,475,237,183
page,5,3,0.09255361557006836,0,4153,1573,1246,373
page,5,5,0.2423112392425537,0,13993,3393,2964,669
steel-plates-fault,2,2,0.14136385917663574,0,6263,4753,3062,512
steel-plates-fault,2,3,1.7451775074005127,0,98475,24850,19674,1082
steel-plates-fault,2,5,2.3289570808410645,0,137871,37756,34709,1592
mechanical,4,2,0.022542715072631836,0,372,270,152,143
mechanical,4,3,0.0629720687866211,0,2284,1252,736,317
mechanical,4,5,0.26340556144714355,0,13613,4788,3243,504
OnlineShoppersIntention,True,2,0.11943793296813965,0,3194,1691,993,307
OnlineShoppersIntention,True,3,0.9290144443511963,0,41883,11572,7423,744
OnlineShoppersIntention,True,5,12.935302734375,0,702310,90735,67700,1066
ED_LVL_2_1_EqualDist_Random-Synthetic__2_10_10000_,1,2,0.133652925491333,0,4601,4601,2264,403
ED_LVL_2_1_EqualDist_Random-Synthetic__2_10_10000_,1,3,2.233741521835327,0,124601,30939,24367,650
ED_LVL_2_1_EqualDist_Random-Synthetic__2_10_10000_,1,5,8.609611988067627,0,642691,30939,24367,650
glass,3,2,0.012668609619140625,0,414,221,145,138
glass,3,3,0.03178548812866211,0,1778,556,412,267
glass,3,5,0.0460057258605957,0,2697,816,652,317
molecular_promoter,+,2,0.2172691822052002,0,17561,1837,1486,465
molecular_promoter,+,3,0.87532639503479,0,85233,1272,1105,523
molecular_promoter,+,5,1.2883641719818115,0,128517,1212,1079,520
blood,1,2,0.006940364837646484,0,113,98,46,46
blood,1,3,0.010469436645507812,0,321,179,84,84
blood,1,5,0.011600255966186523,0,385,204,96,96
weight,B,2,0.35826539993286133,0,32269,1138,1038,380
weight,B,3,0.6490120887756348,0,62742,1047,1013,434
weight,B,5,1.6001896858215332,0,163471,799,726,423
ozone1,1,2,0.6443719863891602,0,33507,15072,11683,569
ozone1,1,3,16.017613649368286,0,997761,227327,223948,1137
ozone1,1,5,-1.0,1,-1,-1,-1,-1
U_LVL2_2_Uninteresting_Non-Random-Synthetic__2_5_312500_,0,2,0.33420372009277344,0,276,276,0,0
U_LVL2_2_Uninteresting_Non-Random-Synthetic__2_5_312500_,0,3,0.4752979278564453,0,1526,1526,0,0
U_LVL2_2_Uninteresting_Non-Random-Synthetic__2_5_312500_,0,5,1.0326054096221924,0,7776,4651,0,0
ionosphere,b,2,0.0926356315612793,0,5455,908,673,331
ionosphere,b,3,0.30637502670288086,0,21749,1943,1376,647
ionosphere,b,5,1.7233221530914307,0,151384,13104,2778,1205
grammatical_b7,1,2,3.0262451171875,0,178325,28593,27865,1608
grammatical_b7,1,3,153.78107404708862,0,9992670,1131465,1129916,5231
grammatical_b7,1,5,-1.0,1,-1,-1,-1,-1
wine_quality,4,2,0.04329419136047363,0,1015,1003,439,252
wine_quality,4,3,0.2984170913696289,0,13027,9520,5332,485
wine_quality,4,5,2.859675407409668,0,167103,43296,35681,983
VehicleCouponRecommendation,0,2,0.12644624710083008,0,3659,2587,1449,333
VehicleCouponRecommendation,0,3,1.1647751331329346,0,54258,17602,9971,670
VehicleCouponRecommendation,0,5,12.608206987380981,0,664842,133215,67457,1245
auto7_2,class3,2,0.021918296813964844,0,734,725,344,222
auto7_2,class3,3,0.14677023887634277,0,7842,4676,2721,461
auto7_2,class3,5,0.7110316753387451,0,52762,8501,5591,588
wave,0,2,0.10512948036193848,0,3325,2531,1578,497
wave,0,3,1.1657819747924805,0,60209,12501,10604,991
wave,0,5,9.327024459838867,0,562421,34552,30225,1696
cnae9,4,2,12.6373872756958,0,788742,371922,263417,784
cnae9,4,3,-1.0,1,-1,-1,-1,-1
cnae9,4,5,-1.0,1,-1,-1,-1,-1
grammatical_a9,1,2,1.6402230262756348,0,100764,8007,7514,1227
grammatical_a9,1,3,44.68762135505676,0,2863252,207079,205920,3316
grammatical_a9,1,5,-1.0,1,-1,-1,-1,-1
teaching,2,2,0.0087890625,0,340,48,21,21
teaching,2,3,0.010428190231323242,0,474,60,25,25
teaching,2,5,0.010312557220458984,0,494,60,25,25
auto6_1,class8,2,0.24997258186340332,0,11864,11789,5641,481
auto6_1,class8,3,8.320541381835938,0,541712,158156,141186,740
auto6_1,class8,5,73.83352756500244,0,6825619,189085,174587,773
ED_LVL_2_4_EqualDist_Random-Synthetic__2_10_10000000_,1,2,42.289604902267456,0,4601,4601,2314,431
ED_LVL_2_4_EqualDist_Random-Synthetic__2_10_10000000_,1,3,501.3111684322357,0,124601,64957,32506,679
ED_LVL_2_4_EqualDist_Random-Synthetic__2_10_10000000_,1,5,-1.0,1,-1,-1,-1,-1
ozone8,1,2,0.7050271034240723,0,36173,17273,13480,611
ozone8,1,3,16.823922157287598,0,1027519,174350,170580,1317
ozone8,1,5,922.8702669143677,0,62048625,6397074,6391607,2728
U_LVL1_4_Uninteresting_Non-Random-Synthetic__2_2_40000_,0,2,0.015817880630493164,0,9,9,0,0
U_LVL1_4_Uninteresting_Non-Random-Synthetic__2_2_40000_,0,3,0.014723777770996094,0,9,9,0,0
U_LVL1_4_Uninteresting_Non-Random-Synthetic__2_2_40000_,0,5,0.01472783088684082,0,9,9,0,0
bach, C#d,2,0.030504226684570312,0,609,226,208,174
bach, C#d,3,0.10550546646118164,0,4086,1315,1250,416
bach, C#d,5,0.9109611511230469,0,51274,12981,12929,739
ED_LVL_3_3_EqualDist_Random-Synthetic__2_20_1000000_,1,2,29.427500009536743,0,76401,76401,38263,642
ED_LVL_3_3_EqualDist_Random-Synthetic__2_20_1000000_,1,3,-1.0,1,-1,-1,-1,-1
ED_LVL_3_3_EqualDist_Random-Synthetic__2_20_1000000_,1,5,-1.0,1,-1,-1,-1,-1
polish_bankruptcy_1year,1,2,0.7752406597137451,0,32173,23378,13037,502
polish_bankruptcy_1year,1,3,34.20442533493042,0,1864865,790441,705568,1226
polish_bankruptcy_1year,1,5,-1.0,1,-1,-1,-1,-1
coil2000,1,2,3.216864585876465,0,154186,50507,28129,903
coil2000,1,3,140.87848377227783,0,8150313,1444980,890180,1829
coil2000,1,5,-1.0,1,-1,-1,-1,-1
robot2,back_col,2,0.011841058731079102,0,317,293,147,135
robot2,back_col,3,0.03197073936462402,0,1665,669,501,182
robot2,back_col,5,0.05397915840148926,0,3409,770,620,230
EqualDist_Random-Synthetic__2_7_5349_,1,2,0.02441692352294922,0,553,553,269,208
EqualDist_Random-Synthetic__2_7_5349_,1,3,0.1143960952758789,0,4722,4717,2441,426
EqualDist_Random-Synthetic__2_7_5349_,1,5,0.7876491546630859,0,53114,11646,6564,523
U_LVL1_1_Uninteresting_Non-Random-Synthetic__2_2_40_,1,2,0.0038909912109375,0,9,9,0,0
U_LVL1_1_Uninteresting_Non-Random-Synthetic__2_2_40_,1,3,0.004458189010620117,0,9,9,0,0
U_LVL1_1_Uninteresting_Non-Random-Synthetic__2_2_40_,1,5,0.004039764404296875,0,9,9,0,0
auto6_3,class1,2,0.2231733798980713,0,11864,10527,5584,516
auto6_3,class1,3,4.580793142318726,0,406849,40452,35913,680
auto6_3,class1,5,16.4843168258667,0,1604599,42845,38289,682
grammatical_b1,1,2,4.541126728057861,0,291671,15378,14524,1451
grammatical_b1,1,3,66.7687156200409,0,4359218,166429,151555,2998
grammatical_b1,1,5,-1.0,1,-1,-1,-1,-1
EqualDist_Random-Synthetic__2_10_7463_,1,2,0.04850125312805176,0,1163,1163,567,268
EqualDist_Random-Synthetic__2_10_7463_,1,3,0.3663771152496338,0,15637,15632,8065,578
EqualDist_Random-Synthetic__2_10_7463_,1,5,4.73163914680481,0,310438,56930,36427,683
volcanoes-a1,4,2,0.006737709045410156,0,61,42,22,22
volcanoes-a1,4,3,0.008363485336303711,0,121,61,41,41
volcanoes-a1,4,5,0.008191347122192383,0,121,61,41,41
vert3,NO,2,0.010006189346313477,0,265,196,115,115
vert3,NO,3,0.021816253662109375,0,1217,320,205,178
vert3,NO,5,0.02831268310546875,0,1781,344,226,190
CongressionalVotingRecords_UCI_,republican,2,0.019683837890625,0,760,386,249,208
CongressionalVotingRecords_UCI_,republican,3,0.044925689697265625,0,2404,736,661,360
CongressionalVotingRecords_UCI_,republican,5,0.16982483863830566,0,10975,1973,1972,729
pitt2_2,WOOD,2,0.006627082824707031,0,161,52,27,27
pitt2_2,WOOD,3,0.008734703063964844,0,340,77,40,40
pitt2_2,WOOD,5,0.009380340576171875,0,401,79,41,41
statlog_vehicle,opel,2,0.05562996864318848,0,2521,1829,984,337
statlog_vehicle,opel,3,0.39798426628112793,0,25309,5286,4241,404
statlog_vehicle,opel,5,1.6170742511749268,0,110549,12105,10809,775
pitt2_1,DECK,2,0.0070648193359375,0,192,72,39,39
pitt2_1,DECK,3,0.010071992874145508,0,421,118,58,58
pitt2_1,DECK,5,0.010912418365478516,0,492,125,60,60
grammatical_a8,1,2,1.6894032955169678,0,101891,6395,5881,1316
grammatical_a8,1,3,33.63768815994263,0,2191491,99723,99310,3448
grammatical_a8,1,5,-1.0,1,-1,-1,-1,-1
grammatical_a6,1,2,1.6197052001953125,0,97003,8694,8189,1091
grammatical_a6,1,3,44.69654822349548,0,2868326,222768,222300,3255
grammatical_a6,1,5,-1.0,1,-1,-1,-1,-1
auto6_2,class5,2,0.2525322437286377,0,11864,11418,5726,157
auto6_2,class5,3,6.567876577377319,0,420589,38746,26876,953
auto6_2,class5,5,23.80505919456482,0,2057257,50611,28540,1019
auto1,class1,2,0.027316570281982422,0,801,801,405,216
auto1,class1,3,0.22347140312194824,0,9919,9873,5013,499
auto1,class1,5,7.108026504516602,0,388535,154447,102612,929
ED_LVL_2_3_EqualDist_Random-Synthetic__2_10_1000000_,1,2,3.946446418762207,0,4601,4601,2297,419
ED_LVL_2_3_EqualDist_Random-Synthetic__2_10_1000000_,1,3,35.10490894317627,0,124601,65070,32205,659
ED_LVL_2_3_EqualDist_Random-Synthetic__2_10_1000000_,1,5,284.2221214771271,0,1181851,65070,32205,659
heart_cleverland,3,2,0.02123284339904785,0,802,604,306,223
heart_cleverland,3,3,0.10586690902709961,0,6980,2293,1458,401
heart_cleverland,3,5,0.33561158180236816,0,25461,3811,3141,469
analcatdata_boxing1,1,2,0.006781339645385742,0,189,32,14,14
analcatdata_boxing1,1,3,0.00792241096496582,0,309,32,14,14
analcatdata_boxing1,1,5,0.007847785949707031,0,309,32,14,14
qsar,RB,2,0.12950634956359863,0,6231,2843,1838,387
qsar,RB,3,1.0985450744628906,0,58876,15938,14489,547
qsar,RB,5,24.294437170028687,0,1433925,336030,326286,918
internet,ad.,2,45.0935742855072,0,2417099,1210801,673973,899
internet,ad.,3,-1.0,1,-1,-1,-1,-1
internet,ad.,5,-1.0,1,-1,-1,-1,-1
robot4,normal,2,0.012245416641235352,0,261,186,104,104
robot4,normal,3,0.019781112670898438,0,717,287,273,205
robot4,normal,5,0.029516220092773438,0,1365,363,357,322
mw1,2,2,0.12585091590881348,0,7025,3247,2103,370
mw1,2,3,1.1559746265411377,0,81791,16812,13840,778
mw1,2,5,34.23866558074951,0,2783593,549969,489654,1614
polish_bankruptcy_5year,1,2,0.6868171691894531,0,31068,13262,8795,519
polish_bankruptcy_5year,1,3,8.735752820968628,0,478352,105787,89720,1256
polish_bankruptcy_5year,1,5,907.8362889289856,0,61091267,10387341,9178779,2818
grammatical_b8,1,2,1.7335655689239502,0,101298,4838,4344,1238
grammatical_b8,1,3,20.770581245422363,0,1308448,42707,37245,3086
grammatical_b8,1,5,-1.0,1,-1,-1,-1,-1
ND_LVL_3_4_NormalDist_Random-Synthetic__2_20_10000000_,0,2,279.14589738845825,0,53601,21561,10545,594
ND_LVL_3_4_NormalDist_Random-Synthetic__2_20_10000000_,0,3,-1.0,1,-1,-1,-1,-1
ND_LVL_3_4_NormalDist_Random-Synthetic__2_20_10000000_,0,5,-1.0,1,-1,-1,-1,-1
heart_va,3,2,0.0054569244384765625,0,63,40,22,22
heart_va,3,3,0.0061566829681396484,0,115,69,34,34
heart_va,3,5,0.006587028503417969,0,133,78,37,37
volcanoes-b5,4,2,0.00998997688293457,0,61,57,20,20
volcanoes-b5,4,3,0.011280536651611328,0,125,90,37,37
volcanoes-b5,4,5,0.011605262756347656,0,125,90,37,37
wilt,w,2,0.012348651885986328,0,181,159,78,78
wilt,w,3,0.024007320404052734,0,701,504,292,203
wilt,w,5,0.03625679016113281,0,1369,721,480,252
ND_LVL_1_2_NormalDist_Random-Synthetic__2_5_100000_,0,2,0.11758589744567871,0,276,276,144,135
ND_LVL_1_2_NormalDist_Random-Synthetic__2_5_100000_,0,3,0.18176698684692383,0,1526,1314,666,284
ND_LVL_1_2_NormalDist_Random-Synthetic__2_5_100000_,0,5,0.3457314968109131,0,5431,2850,1438,357
ED_LVL_1_1_EqualDist_Random-Synthetic__2_5_10000_,0,2,0.01973557472229004,0,276,276,136,129
ED_LVL_1_1_EqualDist_Random-Synthetic__2_5_10000_,0,3,0.05080246925354004,0,1526,1526,782,302
ED_LVL_1_1_EqualDist_Random-Synthetic__2_5_10000_,0,5,0.1688060760498047,0,7601,4462,2433,403
mfeat-karhunen,8,2,0.5410661697387695,0,27361,6907,6729,289
mfeat-karhunen,8,3,1.8635444641113281,0,109513,3258,3132,632
mfeat-karhunen,8,5,6.865189790725708,0,509077,7007,6446,1370
I_LVL1_1_Interesting_Non-Random-Synthetic__2_2_40_,1,2,0.0037593841552734375,0,7,6,4,4
I_LVL1_1_Interesting_Non-Random-Synthetic__2_2_40_,1,3,0.0038683414459228516,0,7,6,4,4
I_LVL1_1_Interesting_Non-Random-Synthetic__2_2_40_,1,5,0.003770112991333008,0,7,6,4,4
Iris_UCI_,Iris-virginica,2,0.005534172058105469,0,105,35,27,27
Iris_UCI_,Iris-virginica,3,0.006475687026977539,0,177,41,32,32
Iris_UCI_,Iris-virginica,5,0.006539106369018555,0,185,41,32,32
I_LVL1_4_Interesting_Non-Random-Synthetic__2_2_40000_,1,2,0.013501405715942383,0,7,6,4,4
I_LVL1_4_Interesting_Non-Random-Synthetic__2_2_40000_,1,3,0.013829708099365234,0,7,6,4,4
I_LVL1_4_Interesting_Non-Random-Synthetic__2_2_40000_,1,5,0.013942480087280273,0,7,6,4,4
thyroid_ann,2,2,0.0586700439453125,0,1219,966,466,252
thyroid_ann,2,3,0.33354783058166504,0,10515,6561,3585,600
thyroid_ann,2,5,6.293246507644653,0,226419,80779,59998,1049
seeds,2,2,0.008648157119750977,0,257,121,70,70
seeds,2,3,0.015802860260009766,0,813,210,153,143
seeds,2,5,0.021913766860961914,0,1261,245,201,184
hv_no_noise,0,2,1.1306366920471191,0,79601,20201,10100,288
hv_no_noise,0,3,36.17449998855591,0,2666801,667001,333500,360
hv_no_noise,0,5,-1.0,1,-1,-1,-1,-1
statlog_australian,1,2,0.030127286911010742,0,1239,805,436,276
statlog_australian,1,3,0.09114694595336914,0,5131,1690,1132,517
statlog_australian,1,5,0.2610330581665039,0,16418,3041,1988,906
hiv_schilling,1,2,0.14084243774414062,0,9101,1715,1232,386
hiv_schilling,1,3,0.9136674404144287,0,81541,1719,1233,389
hiv_schilling,1,5,0.9098665714263916,0,81761,1719,1233,389
heart-long-beach,4,2,0.018001317977905273,0,728,464,249,189
heart-long-beach,4,3,0.09214973449707031,0,6295,2144,1204,324
heart-long-beach,4,5,0.447192907333374,0,35411,8308,5354,506
datatrieve,2,2,0.01063990592956543,0,399,137,86,86
datatrieve,2,3,0.020156145095825195,0,1141,281,187,166
datatrieve,2,5,0.03229832649230957,0,2089,443,319,235
jEdit_4.0_4.2,2,2,0.011739492416381836,0,368,276,148,137
jEdit_4.0_4.2,2,3,0.032312631607055664,0,1883,652,417,262
jEdit_4.0_4.2,2,5,0.06379890441894531,0,4449,883,564,395
ND_LVL_1_4_NormalDist_Random-Synthetic__2_5_10000000_,0,2,9.031505584716797,0,276,276,143,134
ND_LVL_1_4_NormalDist_Random-Synthetic__2_5_10000000_,0,3,15.377008438110352,0,1526,1209,623,297
ND_LVL_1_4_NormalDist_Random-Synthetic__2_5_10000000_,0,5,28.615057706832886,0,5036,2600,1330,366
pitt1_2,WOOD,2,0.00677943229675293,0,170,45,27,27
pitt1_2,WOOD,3,0.008329391479492188,0,324,60,35,35
pitt1_2,WOOD,5,0.008779287338256836,0,368,61,35,35
backache,2,2,0.059883832931518555,0,3293,1757,907,360
backache,2,3,0.5903525352478027,0,40179,17980,9469,614
backache,2,5,12.690213203430176,0,873150,357026,190586,1087
ND_LVL_3_1_NormalDist_Random-Synthetic__2_20_10000_,0,2,0.8368055820465088,0,44044,19664,10459,581
ND_LVL_3_1_NormalDist_Random-Synthetic__2_20_10000_,0,3,23.56045699119568,0,1660786,209195,126931,864
ND_LVL_3_1_NormalDist_Random-Synthetic__2_20_10000_,0,5,190.92821335792542,0,15610002,209131,130857,869
ED_LVL_1_3_EqualDist_Random-Synthetic__2_5_1000000_,1,2,0.9223122596740723,0,276,276,134,131
ED_LVL_1_3_EqualDist_Random-Synthetic__2_5_1000000_,1,3,1.4185070991516113,0,1526,1526,766,277
ED_LVL_1_3_EqualDist_Random-Synthetic__2_5_1000000_,1,5,2.9810574054718018,0,7776,4651,2331,372
thyroid_hypothyroid,hypothyroid,2,0.02123236656188965,0,507,348,186,163
thyroid_hypothyroid,hypothyroid,3,0.09270048141479492,0,3947,2439,1241,340
thyroid_hypothyroid,hypothyroid,5,1.4241342544555664,0,72017,40086,19656,501
grammatical_a3,1,2,1.7430334091186523,0,112998,7918,7657,1284
grammatical_a3,1,3,39.732351303100586,0,2787034,198933,197680,3323
grammatical_a3,1,5,-1.0,1,-1,-1,-1,-1
crx,positive,2,0.03227591514587402,0,1392,879,463,298
crx,positive,3,0.11304306983947754,0,6405,1991,1316,536
crx,positive,5,0.29680657386779785,0,18580,2946,2306,858
GermanCredit_UCI_,2,2,0.07939529418945312,0,2612,1845,1021,220
GermanCredit_UCI_,2,3,0.4284336566925049,0,25801,9755,6311,394
GermanCredit_UCI_,2,5,2.006945848464966,0,122670,38956,28877,873
pc1,2,2,0.05861210823059082,0,2730,1511,751,337
pc1,2,3,0.491896390914917,0,29956,10372,6963,556
pc1,2,5,6.820048809051514,0,474420,120038,86867,1356
mfeat-pixel,8,2,4.216297149658203,0,241337,29229,25884,1075
mfeat-pixel,8,3,68.6086106300354,0,4248237,264155,261889,1940
mfeat-pixel,8,5,-1.0,1,-1,-1,-1,-1
hv_noise,0,2,1.1026747226715088,0,79601,20209,10101,650
hv_noise,0,3,34.68694829940796,0,2667473,667010,333501,1030
hv_noise,0,5,-1.0,1,-1,-1,-1,-1
image,WINDOW,2,0.05065631866455078,0,1979,1039,699,315
image,WINDOW,3,0.20789313316345215,0,11399,3044,2835,608
image,WINDOW,5,1.1429073810577393,0,71905,12075,12003,1043
ED_LVL_1_4_EqualDist_Random-Synthetic__2_5_10000000_,0,2,9.12919020652771,0,276,276,132,131
ED_LVL_1_4_EqualDist_Random-Synthetic__2_5_10000000_,0,3,15.644508838653564,0,1526,1526,747,310
ED_LVL_1_4_EqualDist_Random-Synthetic__2_5_10000000_,0,5,38.273841857910156,0,7776,4651,2318,426
polish_bankruptcy_4year,1,2,0.8470792770385742,0,32049,26027,12235,605
polish_bankruptcy_4year,1,3,33.6044864654541,0,1775561,548600,468556,1327
polish_bankruptcy_4year,1,5,-1.0,1,-1,-1,-1,-1
lung,3,2,0.08139157295227051,0,5896,1268,416,227
lung,3,3,0.6144099235534668,0,51928,9236,2783,353
lung,3,5,4.909205913543701,0,430492,60466,30423,494
credit,+,2,0.03231358528137207,0,1361,846,458,294
credit,+,3,0.10726594924926758,0,5938,1806,1226,538
credit,+,5,0.27475905418395996,0,17182,2820,2114,951
lymphography,fibrosis,2,0.01835036277770996,0,870,209,174,151
lymphography,fibrosis,3,0.06286931037902832,0,4768,609,552,225
lymphography,fibrosis,5,0.1761019229888916,0,15640,1096,1032,264
I_LVL0_Interesting_Non-Random-Synthetic__2_4_62500_,1,2,0.056757450103759766,0,156,152,109,104
I_LVL0_Interesting_Non-Random-Synthetic__2_4_62500_,1,3,0.07552909851074219,0,546,300,258,183
I_LVL0_Interesting_Non-Random-Synthetic__2_4_62500_,1,5,0.0878143310546875,0,796,450,408,292
ring,0,2,0.11382770538330078,0,3121,1987,1287,383
ring,0,3,1.069098711013794,0,51565,5961,3456,883
ring,0,5,4.304098606109619,0,251849,13208,8085,1688
mc1,2,2,0.19531846046447754,0,4172,2471,1185,310
mc1,2,3,2.2304675579071045,0,73691,31698,20147,822
mc1,2,5,119.13464045524597,0,5059922,1712303,1400665,1827
thyroid_allhyper,goitre.,2,0.046844482421875,0,1469,924,533,277
thyroid_allhyper,goitre.,3,0.34432029724121094,0,15573,7357,5116,619
thyroid_allhyper,goitre.,5,9.609729290008545,0,496926,149665,127133,1026
mammographics,1,2,0.00847768783569336,0,183,118,66,66
mammographics,1,3,0.015666484832763672,0,672,270,150,135
mammographics,1,5,0.021456003189086914,0,1058,337,207,146
dresses,1,2,0.08204913139343262,0,6894,828,383,228
dresses,1,3,0.5638813972473145,0,55548,3120,1526,391
dresses,1,5,2.346013307571411,0,246223,6088,2994,481
U_LVL1_0_Uninteresting_Non-Random-Synthetic__2_2_4_,0,2,0.003500223159790039,0,1,0,0,0
U_LVL1_0_Uninteresting_Non-Random-Synthetic__2_2_4_,0,3,0.0038208961486816406,0,1,0,0,0
U_LVL1_0_Uninteresting_Non-Random-Synthetic__2_2_4_,0,5,0.0036039352416992188,0,1,0,0,0
thyroid_new_thyroid,2,2,0.0066986083984375,0,149,59,31,31
thyroid_new_thyroid,2,3,0.008658885955810547,0,321,72,44,44
thyroid_new_thyroid,2,5,0.009052276611328125,0,349,78,50,50
Balance_UCI_,R,2,0.00802922248840332,0,171,165,75,75
Balance_UCI_,R,3,0.013768672943115234,0,651,165,75,75
Balance_UCI_,R,5,0.013656377792358398,0,651,165,75,75
vert2,NO,2,0.009793758392333984,0,265,196,115,115
vert2,NO,3,0.022307634353637695,0,1217,320,205,178
vert2,NO,5,0.028461933135986328,0,1781,344,226,190
U_LVL3_1_Uninteresting_Non-Random-Synthetic__2_7_8235430_,0,2,14.504125356674194,0,1079,1079,0,0
U_LVL3_1_Uninteresting_Non-Random-Synthetic__2_7_8235430_,0,3,58.6943736076355,0,13084,13084,0,0
U_LVL3_1_Uninteresting_Non-Random-Synthetic__2_7_8235430_,0,5,286.25727248191833,0,97119,13084,0,0
rmftsa_sleepdata,3,2,0.004809856414794922,0,25,22,7,7
rmftsa_sleepdata,3,3,0.004685640335083008,0,25,22,7,7
rmftsa_sleepdata,3,5,0.004835367202758789,0,25,22,7,7
thoracic-surgery,1,2,0.023912668228149414,0,885,624,330,230
thoracic-surgery,1,3,0.13830804824829102,0,8166,4613,2353,355
thoracic-surgery,1,5,1.926706314086914,0,127489,54358,28867,488
kc3,2,2,0.10451745986938477,0,5655,2897,2200,356
kc3,2,3,1.594916582107544,0,103973,35897,31465,817
kc3,2,5,84.59371376037598,0,6308422,1608310,1526530,1747
tae,2,2,0.0062639713287353516,0,111,70,33,33
tae,2,3,0.011052608489990234,0,281,124,58,58
tae,2,5,0.010098457336425781,0,411,138,65,65
leaf,32,2,0.02715611457824707,0,1457,441,421,229
leaf,32,3,0.1014404296875,0,7482,1611,1582,305
leaf,32,5,0.30375099182128906,0,25368,3615,3606,387
australian,1,2,0.02338433265686035,0,814,710,352,256
australian,1,3,0.1006937026977539,0,5165,1906,1265,518
australian,1,5,0.29022216796875,0,17720,3206,2385,933
dermatology,4,2,0.07126760482788086,0,4225,1545,1182,382
dermatology,4,3,0.5916037559509277,0,41207,10089,9433,826
dermatology,4,5,11.272228240966797,0,833297,144439,144330,1834
Heart_Statlog__UCI_,2,2,0.019774675369262695,0,758,595,306,218
Heart_Statlog__UCI_,2,3,0.06393289566040039,0,3799,1188,912,441
Heart_Statlog__UCI_,2,5,0.14387941360473633,0,10264,1587,1384,612
Census-Income_KDD__UCI_,50000+,2,6.015978097915649,0,39908,3527,2775,549
Census-Income_KDD__UCI_,50000+,3,31.825827836990356,0,293256,20151,13847,1081
Census-Income_KDD__UCI_,50000+,5,616.5236468315125,0,6515722,430765,291268,3076
japanese,+,2,0.034748077392578125,0,1361,846,458,294
japanese,+,3,0.10498499870300293,0,5938,1806,1226,538
japanese,+,5,0.27393126487731934,0,17182,2820,2114,951
heart_hungarian,1,2,0.005412101745605469,0,65,52,22,22
heart_hungarian,1,3,0.006762504577636719,0,145,90,39,39
heart_hungarian,1,5,0.0073587894439697266,0,161,100,46,46
I_LVL2_2_Interesting_Non-Random-Synthetic__2_5_312500_,1,2,0.31299448013305664,0,256,252,182,131
I_LVL2_2_Interesting_Non-Random-Synthetic__2_5_312500_,1,3,0.4266641139984131,0,1311,711,566,278
I_LVL2_2_Interesting_Non-Random-Synthetic__2_5_312500_,1,5,0.6442468166351318,0,3396,1016,882,357
forest,h ,2,0.06615138053894043,0,3561,925,692,262
forest,h ,3,0.18417024612426758,0,12257,1025,718,389
forest,h ,5,1.0164153575897217,0,86725,6554,913,556
robot5,bottom_collision,2,0.014099836349487305,0,317,291,140,134
robot5,bottom_collision,3,0.03583025932312012,0,1489,776,593,337
robot5,bottom_collision,5,0.08588433265686035,0,4793,1366,1079,556
pen,6,2,0.0709221363067627,0,1235,717,410,245
pen,6,3,0.15190339088439941,0,4578,1472,1099,544
pen,6,5,0.26812314987182617,0,10939,2114,2017,1122
U_LVL3_0_Uninteresting_Non-Random-Synthetic__2_7_823543_,0,2,0.7925505638122559,0,1,0,0,0
U_LVL3_0_Uninteresting_Non-Random-Synthetic__2_7_823543_,0,3,0.765871524810791,0,1,0,0,0
U_LVL3_0_Uninteresting_Non-Random-Synthetic__2_7_823543_,0,5,0.7957596778869629,0,1,0,0,0
robot3,slightly_moved,2,0.012617111206054688,0,341,327,164,146
robot3,slightly_moved,3,0.04131364822387695,0,2189,943,640,173
robot3,slightly_moved,5,0.07678675651550293,0,5281,1160,827,204
DefaultofCreditCard,1,2,0.3506782054901123,0,5094,2836,1511,358
DefaultofCreditCard,1,3,2.8449220657348633,0,79442,19993,11590,690
DefaultofCreditCard,1,5,41.296109676361084,0,1417834,167367,100293,1278
zoo,7,2,0.01222538948059082,0,433,220,142,129
zoo,7,3,0.03571605682373047,0,1989,749,637,291
zoo,7,5,0.11369681358337402,0,7843,2095,2088,421
breast_tissue,gla,2,0.011905908584594727,0,473,93,53,53
breast_tissue,gla,3,0.01708698272705078,0,1025,160,106,106
breast_tissue,gla,5,0.021546363830566406,0,1353,215,179,150
flare, B,2,0.013721704483032227,0,444,171,84,84
flare, B,3,0.03316855430603027,0,1719,449,313,117
flare, B,5,0.0672307014465332,0,4304,973,456,317
banana,1,2,0.0061779022216796875,0,25,25,13,13
banana,1,3,0.0063135623931884766,0,25,25,13,13
banana,1,5,0.006107330322265625,0,25,25,13,13
polish_bankruptcy_2year,1,2,0.7969708442687988,0,32140,27522,13127,573
polish_bankruptcy_2year,1,3,30.977516889572144,0,1715376,586408,519596,1228
polish_bankruptcy_2year,1,5,-1.0,1,-1,-1,-1,-1
polish_bankruptcy_3year,1,2,0.8654282093048096,0,32260,29136,13805,678
polish_bankruptcy_3year,1,3,37.120275259017944,0,1971777,802832,659795,1325
polish_bankruptcy_3year,1,5,-1.0,1,-1,-1,-1,-1
qualitative,B,2,0.006963968276977539,0,151,96,52,52
qualitative,B,3,0.012148380279541016,0,463,184,127,126
qualitative,B,5,0.015364646911621094,0,643,224,189,175
mfeat-morphological,8,2,0.00946950912475586,0,172,102,39,39
mfeat-morphological,8,3,0.016049861907958984,0,510,242,111,110
mfeat-morphological,8,5,0.017667055130004883,0,572,279,210,175
fourclass,1,2,0.004603862762451172,0,25,20,12,12
fourclass,1,3,0.004536151885986328,0,25,20,12,12
fourclass,1,5,0.0045697689056396484,0,25,20,12,12
liver,1,2,0.010246515274047852,0,265,247,123,122
liver,1,3,0.025500774383544922,0,1497,414,200,168
liver,1,5,0.030926942825317383,0,1953,425,205,168
badges2,1,2,0.012814044952392578,0,404,283,155,147
badges2,1,3,0.03790616989135742,0,2157,814,445,274
badges2,1,5,0.07151556015014648,0,4825,1230,611,450
kc1-binary,1,2,0.37995457649230957,0,27281,5908,5173,427
kc1-binary,1,3,5.8856751918792725,0,480907,49705,47114,620
kc1-binary,1,5,172.5388069152832,0,14835888,671417,642707,945
tao,black,2,0.0050008296966552734,0,25,23,12,12
tao,black,3,0.005499124526977539,0,25,23,12,12
tao,black,5,0.005135536193847656,0,25,23,12,12
ND_LVL_2_4_NormalDist_Random-Synthetic__2_10_10000000_,0,2,41.48588037490845,0,4601,2801,1421,355
ND_LVL_2_4_NormalDist_Random-Synthetic__2_10_10000000_,0,3,313.4933891296387,0,76601,27761,13782,583
ND_LVL_2_4_NormalDist_Random-Synthetic__2_10_10000000_,0,5,-1.0,1,-1,-1,-1,-1
breast_cancer_wis_pro2,R,2,0.16670489311218262,0,10903,5073,2737,343
breast_cancer_wis_pro2,R,3,2.5700714588165283,0,260403,9876,6615,370
breast_cancer_wis_pro2,R,5,5.183843374252319,0,525753,13141,11184,439
soybean_small,D3,2,0.018584012985229492,0,837,262,188,169
soybean_small,D3,3,0.050253868103027344,0,3162,863,787,335
soybean_small,D3,5,0.09135699272155762,0,6413,1633,1561,400
U_LVL1_3_Uninteresting_Non-Random-Synthetic__2_2_4000_,0,2,0.0050046443939208984,0,9,9,0,0
U_LVL1_3_Uninteresting_Non-Random-Synthetic__2_2_4000_,0,3,0.005222797393798828,0,9,9,0,0
U_LVL1_3_Uninteresting_Non-Random-Synthetic__2_2_4000_,0,5,0.005197763442993164,0,9,9,0,0
semeion,8,2,2.704486846923828,0,116233,89211,54625,778
semeion,8,3,161.9792516231537,0,7922033,3079796,2768039,1415
semeion,8,5,-1.0,1,-1,-1,-1,-1
ED_LVL_3_0_EqualDist_Random-Synthetic__2_20_1000_,0,2,0.7791855335235596,0,76401,425,203,171
ED_LVL_3_0_EqualDist_Random-Synthetic__2_20_1000_,0,3,0.8216958045959473,0,79501,425,203,171
ED_LVL_3_0_EqualDist_Random-Synthetic__2_20_1000_,0,5,0.8125028610229492,0,79501,425,203,171
molecular_splice,IE,2,0.683265209197998,0,33313,15100,9635,634
molecular_splice,IE,3,11.086747407913208,0,696036,29291,26824,1201
molecular_splice,IE,5,32.72955250740051,0,2155817,23589,23292,2176
audiology_std,cochlear_noise_and_heredity,2,0.07427597045898438,0,3966,1831,1830,177
audiology_std,cochlear_noise_and_heredity,3,1.1758735179901123,0,79944,36051,36050,284
audiology_std,cochlear_noise_and_heredity,5,203.37797284126282,0,13845630,5985197,5985196,709
automobile,-1,2,0.049248695373535156,0,2780,895,674,283
automobile,-1,3,0.26349449157714844,0,20497,3334,2991,404
automobile,-1,5,1.5754001140594482,0,144926,12631,12112,822
volcanoes-d2,3,2,0.009534358978271484,0,61,56,17,17
volcanoes-d2,3,3,0.011045217514038086,0,125,87,36,36
volcanoes-d2,3,5,0.011453866958618164,0,125,87,36,36
grammatical_a2,1,2,1.4545459747314453,0,86367,6966,6633,1372
grammatical_a2,1,3,39.227081060409546,0,2583578,164819,164599,4125
grammatical_a2,1,5,-1.0,1,-1,-1,-1,-1
U_LVL2_3_Uninteresting_Non-Random-Synthetic__2_5_3125000_,0,2,2.693392515182495,0,276,276,0,0
U_LVL2_3_Uninteresting_Non-Random-Synthetic__2_5_3125000_,0,3,4.453583478927612,0,1526,1526,0,0
U_LVL2_3_Uninteresting_Non-Random-Synthetic__2_5_3125000_,0,5,9.835726976394653,0,7776,4651,0,0
analcatdata_authorship,4,2,0.3551793098449707,0,19768,4310,3300,717
analcatdata_authorship,4,3,1.6434807777404785,0,106698,8933,7190,1392
analcatdata_authorship,4,5,6.473596096038818,0,478662,10037,8322,2226
I_LVL3_1_Interesting_Non-Random-Synthetic__2_7_8235430_,1,2,13.824304819107056,0,995,991,811,122
I_LVL3_1_Interesting_Non-Random-Synthetic__2_7_8235430_,1,3,53.11880373954773,0,11460,1087,907,196
I_LVL3_1_Interesting_Non-Random-Synthetic__2_7_8235430_,1,5,56.95294642448425,0,12916,1087,907,196
EqualDist_Random-Synthetic__2_7_8520_,0,2,0.02917027473449707,0,494,494,244,188
EqualDist_Random-Synthetic__2_7_8520_,0,3,0.11400485038757324,0,4000,4000,1973,395
EqualDist_Random-Synthetic__2_7_8520_,0,5,0.9197986125946045,0,50602,16727,9749,558
cmc,3,2,0.01638627052307129,0,427,389,183,159
cmc,3,3,0.06548905372619629,0,2967,2045,1072,286
cmc,3,5,0.31995368003845215,0,17841,7146,4842,522
Adult_UCI_,>50K,2,0.179487943649292,0,3127,670,296,221
Adult_UCI_,>50K,3,0.4799768924713135,0,16001,1466,866,450
Adult_UCI_,>50K,5,1.0474812984466553,0,43313,2121,1602,641
I_LVL1_2_Interesting_Non-Random-Synthetic__2_2_400_,1,2,0.004193544387817383,0,7,6,4,4
I_LVL1_2_Interesting_Non-Random-Synthetic__2_2_400_,1,3,0.004313945770263672,0,7,6,4,4
I_LVL1_2_Interesting_Non-Random-Synthetic__2_2_400_,1,5,0.004320383071899414,0,7,6,4,4
monks1,0,2,0.007729530334472656,0,135,120,80,80
monks1,0,3,0.016287803649902344,0,519,462,363,204
monks1,0,5,0.030722618103027344,0,1373,727,585,223
ND_LVL_3_0_NormalDist_Random-Synthetic__2_20_1000_,0,2,0.39212822914123535,0,28514,7215,3986,441
ND_LVL_3_0_NormalDist_Random-Synthetic__2_20_1000_,0,3,6.601991653442383,0,640010,8123,4680,467
ND_LVL_3_0_NormalDist_Random-Synthetic__2_20_1000_,0,5,7.0383079051971436,0,701543,8123,4680,467
grammatical_a1,1,2,2.128730058670044,0,124318,12510,11884,1214
grammatical_a1,1,3,74.43193650245667,0,4492810,350110,347804,3572
grammatical_a1,1,5,-1.0,1,-1,-1,-1,-1
mfeat-zernike,8,2,0.39006590843200684,0,17449,12202,7273,540
mfeat-zernike,8,3,9.736493825912476,0,571609,92679,88401,768
mfeat-zernike,8,5,136.35923957824707,0,9268477,523327,519165,1313
twonorm,1,2,0.1137537956237793,0,3121,1181,923,380
twonorm,1,3,0.6394877433776855,0,29125,1739,1642,621
twonorm,1,5,1.183598518371582,0,57905,2566,2470,1332
auto7_1,class3,2,0.02360677719116211,0,734,734,382,244
auto7_1,class3,3,0.16611528396606445,0,8148,6991,3772,501
auto7_1,class3,5,1.4824409484863281,0,105326,19787,13782,532
grammatical_b4,1,2,3.7724931240081787,0,223881,18775,18049,1374
grammatical_b4,1,3,83.28914642333984,0,5068071,371570,368746,3109
grammatical_b4,1,5,-1.0,1,-1,-1,-1,-1
wave2,2,2,0.303591251373291,0,11441,3823,2952,526
wave2,2,3,3.6431353092193604,0,193001,10662,9707,1030
wave2,2,5,19.35770320892334,0,1131109,18615,17926,1690
volcanoes-d1,3,2,0.009402275085449219,0,61,57,15,15
volcanoes-d1,3,3,0.01185750961303711,0,125,90,35,35
volcanoes-d1,3,5,0.01116943359375,0,125,90,35,35
mfeat-fourier,8,2,0.933758020401001,0,44405,26303,19824,488
mfeat-fourier,8,3,17.871503353118896,0,1091697,115397,64333,1116
mfeat-fourier,8,5,158.8051414489746,0,13340761,293518,224334,1903
breast,recurrence-events,2,0.01438283920288086,0,510,275,140,131
breast,recurrence-events,3,0.03998112678527832,0,2298,896,398,267
breast,recurrence-events,5,0.09610128402709961,0,6714,1916,634,324
I_LVL2_3_Interesting_Non-Random-Synthetic__2_5_3125000_,1,2,2.7992560863494873,0,256,252,182,145
I_LVL2_3_Interesting_Non-Random-Synthetic__2_5_3125000_,1,3,4.144973516464233,0,1301,343,274,119
I_LVL2_3_Interesting_Non-Random-Synthetic__2_5_3125000_,1,5,4.760392189025879,0,1876,424,355,200
U_LVL2_4_Uninteresting_Non-Random-Synthetic__2_5_31250000_,1,2,28.1977219581604,0,276,276,0,0
U_LVL2_4_Uninteresting_Non-Random-Synthetic__2_5_31250000_,1,3,49.5947790145874,0,1526,1526,0,0
U_LVL2_4_Uninteresting_Non-Random-Synthetic__2_5_31250000_,1,5,128.86960530281067,0,7776,4651,0,0
horse_colic_outcome,2,2,0.005992412567138672,0,1,0,0,0
horse_colic_outcome,2,3,0.005941867828369141,0,1,0,0,0
horse_colic_outcome,2,5,0.0060613155364990234,0,1,0,0,0
ND_LVL_2_0_NormalDist_Random-Synthetic__2_10_1000_,1,2,0.06029510498046875,0,3644,1431,703,314
ND_LVL_2_0_NormalDist_Random-Synthetic__2_10_1000_,1,3,0.46361684799194336,0,38677,4258,2142,422
ND_LVL_2_0_NormalDist_Random-Synthetic__2_10_1000_,1,5,0.9489076137542725,0,87671,4272,2154,423
wall4,Slight-Right-Turn,2,0.008320093154907227,0,77,60,33,33
wall4,Slight-Right-Turn,3,0.010555505752563477,0,165,121,75,75
wall4,Slight-Right-Turn,5,0.011453866958618164,0,209,139,90,90
hayes,2,2,0.0058133602142333984,0,88,49,29,29
hayes,2,3,0.007223606109619141,0,192,65,44,44
hayes,2,5,0.007451534271240234,0,208,65,44,44
analcatdata_germangss,4,2,0.00740361213684082,0,144,135,25,25
analcatdata_germangss,4,3,0.013396739959716797,0,560,270,71,71
analcatdata_germangss,4,5,0.015765905380249023,0,720,287,77,77
thyroid_allhypo,primary hypothyroid.,2,0.04850363731384277,0,1545,925,548,284
thyroid_allhypo,primary hypothyroid.,3,0.3566250801086426,0,15698,7610,5372,729
thyroid_allhypo,primary hypothyroid.,5,10.361854553222656,0,494958,174603,157088,1774
user,High,2,0.00788736343383789,0,181,148,71,71
user,High,3,0.01457357406616211,0,805,150,71,71
user,High,5,0.014639139175415039,0,805,150,71,71
thyroid_dis,discordant.,2,0.04988694190979004,0,1530,1164,575,287
thyroid_dis,discordant.,3,0.47266316413879395,0,20561,12603,7130,746
thyroid_dis,discordant.,5,18.699546575546265,0,920763,395101,289496,1638
synthetic_control,4,2,0.22923684120178223,0,13553,3534,3349,979
synthetic_control,4,3,2.1957385540008545,0,161349,21023,20806,2559
synthetic_control,4,5,6.444087266921997,0,519869,45223,45171,4210
titanic,1,2,0.005493640899658203,0,29,27,16,16
titanic,1,3,0.005890846252441406,0,41,39,24,24
titanic,1,5,0.006009578704833984,0,41,39,24,24
secom,1,2,0.43634796142578125,0,19019,18685,8988,630
secom,1,3,22.231749296188354,0,1167946,628082,496594,1128
secom,1,5,934.928704738617,0,71296453,5242178,4926556,1309
wine,1,2,0.02385878562927246,0,1001,422,329,228
wine,1,3,0.04791092872619629,0,3577,311,284,226
wine,1,5,0.049234628677368164,0,3629,290,284,221
thyroid_allrep,overreplacement.,2,0.04483652114868164,0,1359,741,561,284
thyroid_allrep,overreplacement.,3,0.34136486053466797,0,15282,7204,5631,653
thyroid_allrep,overreplacement.,5,9.992289304733276,0,502008,172885,160785,1277
post,S,2,0.008244752883911133,0,228,113,51,51
post,S,3,0.016875505447387695,0,846,274,128,123
post,S,5,0.030165672302246094,0,1905,458,217,174
human,1,2,22.835925579071045,0,913152,62691,62212,1265
human,1,3,463.46140813827515,0,22103972,501375,501258,2162
human,1,5,-1.0,1,-1,-1,-1,-1
connectionist_sonar,R,2,0.40038633346557617,0,27233,4022,2930,611
connectionist_sonar,R,3,2.200782537460327,0,207453,3208,2177,685
connectionist_sonar,R,5,4.151800870895386,0,410057,3511,2066,713
hiv_746,-1,2,0.10628604888916016,0,9841,385,123,120
hiv_746,-1,3,0.20432162284851074,0,19701,610,125,122
hiv_746,-1,5,0.29123544692993164,0,28361,969,126,123
madelon,1,2,43.97809886932373,0,1988347,1972605,955478,1138
madelon,1,3,-1.0,1,-1,-1,-1,-1
madelon,1,5,-1.0,1,-1,-1,-1,-1
NormalDist_Random-Synthetic__2_14_7418_,0,2,0.06947135925292969,0,1770,1728,866,319
NormalDist_Random-Synthetic__2_14_7418_,0,3,0.6659431457519531,0,29974,23692,12367,600
NormalDist_Random-Synthetic__2_14_7418_,0,5,18.39789843559265,0,1079176,332996,193773,864
led,2,2,0.006734132766723633,0,99,91,40,40
led,2,3,0.01193857192993164,0,353,286,136,130
led,2,5,0.022707462310791016,0,937,525,285,221
ND_LVL_1_0_NormalDist_Random-Synthetic__2_5_1000_,1,2,0.010948896408081055,0,276,234,110,110
ND_LVL_1_0_NormalDist_Random-Synthetic__2_5_1000_,1,3,0.026710033416748047,0,1311,539,270,194
ND_LVL_1_0_NormalDist_Random-Synthetic__2_5_1000_,1,5,0.0380244255065918,0,2201,646,326,209
auto4,class1,2,1.7152388095855713,0,74847,74297,37032,850
auto4,class1,3,153.88046002388,0,9082659,1221895,772826,1216
auto4,class1,5,-1.0,1,-1,-1,-1,-1
Tic-Tac-ToeEndgame_UCI_,negative,2,0.013744831085205078,0,352,352,151,143
Tic-Tac-ToeEndgame_UCI_,negative,3,0.05748319625854492,0,2590,1966,1037,337
Tic-Tac-ToeEndgame_UCI_,negative,5,0.1932966709136963,0,12025,3119,2024,527
Covertype,7,2,4.859019041061401,0,6395,3984,2178,300
Covertype,7,3,50.0438072681427,0,127627,66982,37410,1046
Covertype,7,5,-1.0,1,-1,-1,-1,-1
pc4,2,2,0.15248322486877441,0,6982,4063,2618,441
pc4,2,3,2.074575424194336,0,121168,32718,26896,689
pc4,2,5,52.87454032897949,0,3472164,587932,559356,1569
ED_LVL_3_4_EqualDist_Random-Synthetic__2_20_10000000_,0,2,409.3375551700592,0,76401,76401,38113,719
ED_LVL_3_4_EqualDist_Random-Synthetic__2_20_10000000_,0,3,-1.0,1,-1,-1,-1,-1
ED_LVL_3_4_EqualDist_Random-Synthetic__2_20_10000000_,0,5,-1.0,1,-1,-1,-1,-1
firm,1,2,0.053046226501464844,0,717,627,353,225
firm,1,3,0.31751251220703125,0,8271,6657,3864,544
firm,1,5,1.0224463939666748,0,39511,17438,12680,1180
ND_LVL_2_2_NormalDist_Random-Synthetic__2_10_100000_,0,2,0.4486582279205322,0,4601,2796,1386,369
ND_LVL_2_2_NormalDist_Random-Synthetic__2_10_100000_,0,3,3.210630178451538,0,76431,27038,13385,620
ND_LVL_2_2_NormalDist_Random-Synthetic__2_10_100000_,0,5,39.20398664474487,0,1184801,85734,43061,737
ND_LVL_3_2_NormalDist_Random-Synthetic__2_20_100000_,1,2,2.812952756881714,0,49130,21041,10730,521
ND_LVL_3_2_NormalDist_Random-Synthetic__2_20_100000_,1,3,78.60778164863586,0,2331984,367825,187491,848
ND_LVL_3_2_NormalDist_Random-Synthetic__2_20_100000_,1,5,962.9989969730377,0,31388995,402865,205264,842
Stroke_Kaggle_,1,2,0.02348494529724121,0,445,394,218,154
Stroke_Kaggle_,1,3,0.08217883110046387,0,2986,2315,1452,330
Stroke_Kaggle_,1,5,0.5980165004730225,0,30290,13782,10776,532
spambase,1,2,0.15922975540161133,0,4577,3335,1816,830
spambase,1,3,1.6351652145385742,0,57617,33339,12951,588
spambase,1,5,244.89972710609436,0,8874766,3737191,1647497,989
echocardio,1,2,0.010988712310791016,0,486,69,33,33
echocardio,1,3,0.015206098556518555,0,923,75,34,34
echocardio,1,5,0.01568889617919922,0,958,75,34,34
phoneme,1,2,0.013424873352050781,0,181,175,84,84
phoneme,1,3,0.026213407516479492,0,749,525,321,219
phoneme,1,5,0.04184222221374512,0,1613,781,543,320
texture,14,2,0.25507664680480957,0,9701,4396,3520,597
texture,14,3,2.0069022178649902,0,107029,12928,12664,1070
texture,14,5,9.31611156463623,0,566377,44927,36834,3010
statlog_is,7,2,0.04362773895263672,0,1584,711,507,317
statlog_is,7,3,0.10431575775146484,0,5210,1296,1173,667
statlog_is,7,5,0.14821124076843262,0,8437,1366,1359,1136
banknote,1,2,0.007166862487792969,0,101,86,53,53
banknote,1,3,0.011113405227661133,0,265,175,123,115
banknote,1,5,0.011825323104858398,0,329,192,147,129
NormalDist_Random-Synthetic__2_6_5132_,1,2,0.012380361557006836,0,132,132,71,71
NormalDist_Random-Synthetic__2_6_5132_,1,3,0.023278236389160156,0,524,524,278,205
NormalDist_Random-Synthetic__2_6_5132_,1,5,0.05631422996520996,0,1980,1754,916,333
ilpd,2,2,0.01994180679321289,0,687,623,337,228
ilpd,2,3,0.09817981719970703,0,5903,2480,1722,444
ilpd,2,5,0.34554362297058105,0,26695,4308,3307,452
EqualDist_Random-Synthetic__2_7_7307_,0,2,0.021136760711669922,0,325,325,168,144
EqualDist_Random-Synthetic__2_7_7307_,0,3,0.06325578689575195,0,2050,2050,1055,362
EqualDist_Random-Synthetic__2_7_7307_,0,5,0.3969151973724365,0,18570,13368,7150,573
ND_LVL_1_3_NormalDist_Random-Synthetic__2_5_1000000_,1,2,0.8972711563110352,0,276,276,132,127
ND_LVL_1_3_NormalDist_Random-Synthetic__2_5_1000000_,1,3,1.3530693054199219,0,1526,1274,598,288
ND_LVL_1_3_NormalDist_Random-Synthetic__2_5_1000000_,1,5,2.3449673652648926,0,5261,2745,1320,369
satimage,5,2,0.15618491172790527,0,5417,1866,1191,455
satimage,5,3,1.0775585174560547,0,53757,16194,11065,1504
satimage,5,5,28.173537015914917,0,1735765,207462,173628,3952
turkiye,11,2,0.3021268844604492,0,11479,9601,4545,516
turkiye,11,3,7.009514570236206,0,418174,132134,83185,759
turkiye,11,5,280.69642543792725,0,18818879,3139828,2076344,1038
I_LVL3_0_Interesting_Non-Random-Synthetic__2_7_823543_,1,2,1.3292217254638672,0,911,903,377,125
I_LVL3_0_Interesting_Non-Random-Synthetic__2_7_823543_,1,3,3.4805095195770264,0,9836,1027,501,243
I_LVL3_0_Interesting_Non-Random-Synthetic__2_7_823543_,1,5,3.8864669799804688,0,11705,1027,501,243
auto2, class2,2,11.810259103775024,0,303676,303676,151921,926
auto2, class2,3,-1.0,1,-1,-1,-1,-1
auto2, class2,5,-1.0,1,-1,-1,-1,-1
oil_spill,2,2,0.31982970237731934,0,17358,10441,6545,337
oil_spill,2,3,3.445812940597534,0,233833,31945,30897,688
oil_spill,2,5,16.2211332321167,0,1243782,95291,94770,1174
DryBeans,HOROZ,2,0.06819319725036621,0,1193,618,372,267
DryBeans,HOROZ,3,0.14033770561218262,0,4501,1449,883,641
DryBeans,HOROZ,5,0.5710666179656982,0,27241,5460,3735,1568
spectf_heart,0,2,0.25707125663757324,0,14773,8693,6630,606
spectf_heart,0,3,4.450933933258057,0,429965,15592,13588,693
spectf_heart,0,5,8.718968391418457,0,867233,17982,14166,749
I_LVL2_4_Interesting_Non-Random-Synthetic__2_5_31250000_,1,2,27.255053520202637,0,256,252,182,130
I_LVL2_4_Interesting_Non-Random-Synthetic__2_5_31250000_,1,3,45.46428442001343,0,1311,430,285,130
I_LVL2_4_Interesting_Non-Random-Synthetic__2_5_31250000_,1,5,56.37008094787598,0,2141,533,399,244
planning,2,2,0.025970458984375,0,1105,780,372,222
planning,2,3,0.12667489051818848,0,10845,1047,512,245
planning,2,5,0.15611481666564941,0,13885,1085,529,251
I_LVL1_3_Interesting_Non-Random-Synthetic__2_2_4000_,1,2,0.004915714263916016,0,7,6,4,4
I_LVL1_3_Interesting_Non-Random-Synthetic__2_2_4000_,1,3,0.005281925201416016,0,7,6,4,4
I_LVL1_3_Interesting_Non-Random-Synthetic__2_2_4000_,1,5,0.0051729679107666016,0,7,6,4,4
trains,west,2,0.007153749465942383,0,81,1,0,0
trains,west,3,0.007204294204711914,0,81,1,0,0
trains,west,5,0.007164955139160156,0,81,1,0,0
ED_LVL_3_1_EqualDist_Random-Synthetic__2_20_10000_,0,2,1.7267272472381592,0,76401,71276,40245,695
ED_LVL_3_1_EqualDist_Random-Synthetic__2_20_10000_,0,3,106.3918948173523,0,8720561,71277,40246,695
ED_LVL_3_1_EqualDist_Random-Synthetic__2_20_10000_,0,5,106.58332395553589,0,8720661,71277,40246,695
appendicitis,1,2,0.008917093276977539,0,345,81,34,34
appendicitis,1,3,0.013509988784790039,0,669,119,64,64
appendicitis,1,5,0.014942646026611328,0,809,140,84,84
mc2,2,2,0.13437151908874512,0,8950,2615,1554,414
mc2,2,3,1.0177948474884033,0,78152,10131,8852,678
mc2,2,5,13.249670505523682,0,1141919,180235,177392,1147
breast_cancer_wis_ori,M,2,0.06806516647338867,0,3449,731,558,364
breast_cancer_wis_ori,M,3,0.09654545783996582,0,5577,570,569,541
breast_cancer_wis_ori,M,5,0.29532670974731445,0,19729,1101,1100,1072
urban,shadow ,2,0.8037624359130859,0,47761,7732,6296,777
urban,shadow ,3,4.262126922607422,0,289237,18304,17644,1305
urban,shadow ,5,182.47878646850586,0,13865501,560054,513828,2408
parkinsons,0,2,0.049347877502441406,0,2857,975,747,316
parkinsons,0,3,0.1535489559173584,0,12453,1261,1084,337
parkinsons,0,5,0.381850004196167,0,33189,1919,1572,460
haberman,2,2,0.005227565765380859,0,52,50,28,28
haberman,2,3,0.0060460567474365234,0,100,57,29,29
haberman,2,5,0.006115913391113281,0,100,57,29,29
pitt1_3,LONG,2,0.0075778961181640625,0,239,68,37,37
pitt1_3,LONG,3,0.009786605834960938,0,412,95,50,50
pitt1_3,LONG,5,0.01029205322265625,0,446,97,51,51
NormalDist_Random-Synthetic__2_8_5616_,0,2,0.029408693313598633,0,666,646,307,213
NormalDist_Random-Synthetic__2_8_5616_,0,3,0.14273524284362793,0,6207,4907,2442,448
NormalDist_Random-Synthetic__2_8_5616_,0,5,1.0541114807128906,0,61021,21162,12200,649
musk,2,2,4.496689081192017,0,187878,20706,19341,833
musk,2,3,29.477460384368896,0,1497788,44229,44070,1443
musk,2,5,394.2623875141144,0,21677160,496557,496462,3319
car,good,2,0.009185314178466797,0,139,105,101,101
car,good,3,0.017467737197875977,0,508,366,360,195
car,good,5,0.03519439697265625,0,1486,671,665,267
libras,4,2,0.38018155097961426,0,22913,5004,4771,650
libras,4,3,2.535458564758301,0,190141,16752,15672,1175
libras,4,5,110.7580771446228,0,9770565,443661,404445,1522
monks2,1,2,0.007712125778198242,0,137,137,91,91
monks2,1,3,0.0180971622467041,0,576,556,321,209
monks2,1,5,0.03780698776245117,0,1729,891,594,283
onehund_tex,Acer Capillipes,2,0.25156140327453613,0,11771,6674,4888,375
onehund_tex,Acer Capillipes,3,3.3065662384033203,0,184860,63894,63453,687
onehund_tex,Acer Capillipes,5,95.39908981323242,0,5892290,1032992,1032929,1452
grammatical_b3,0,2,1.3468372821807861,0,87016,5913,5649,1326
grammatical_b3,0,3,27.716307401657104,0,1981048,135168,135066,3454
grammatical_b3,0,5,-1.0,1,-1,-1,-1,-1
volcanoes-a4,5,2,0.00604248046875,0,61,47,18,18
volcanoes-a4,5,3,0.007176399230957031,0,117,66,37,37
volcanoes-a4,5,5,0.007240772247314453,0,117,66,37,37
chronic_kidney_disease,ckd,2,0.036871910095214844,0,1590,497,313,281
chronic_kidney_disease,ckd,3,0.08483195304870605,0,5611,982,648,575
chronic_kidney_disease,ckd,5,0.3173828125,0,24292,3415,1059,992
PopularKids,2,2,0.01861262321472168,0,671,496,237,191
PopularKids,2,3,0.08367466926574707,0,5002,2212,1158,348
PopularKids,2,5,0.3787238597869873,0,28205,6067,3840,498
ED_LVL_2_2_EqualDist_Random-Synthetic__2_10_100000_,1,2,0.49908876419067383,0,4601,4601,2350,395
ED_LVL_2_2_EqualDist_Random-Synthetic__2_10_100000_,1,3,5.3120808601379395,0,124601,66237,34424,633
ED_LVL_2_2_EqualDist_Random-Synthetic__2_10_100000_,1,5,40.9524028301239,0,1204801,66237,34424,633
yeast,ME1,2,0.010842084884643555,0,198,133,78,78
yeast,ME1,3,0.022017478942871094,0,750,446,347,190
yeast,ME1,5,0.04102897644042969,0,1846,746,717,273
auto8,class9,2,116.36528444290161,0,6461739,4095392,2807430,1159
auto8,class9,3,-1.0,1,-1,-1,-1,-1
auto8,class9,5,-1.0,1,-1,-1,-1,-1
analcatdata_dmft,1,2,0.007722616195678711,0,171,122,54,54
analcatdata_dmft,1,3,0.012207508087158203,0,394,225,104,104
analcatdata_dmft,1,5,0.013490915298461914,0,469,232,110,109
pc2,2,2,0.15446138381958008,0,4706,2660,1364,345
pc2,2,3,2.167024850845337,0,98036,42860,27474,876
pc2,2,5,186.09136986732483,0,10502673,3423710,2742618,1434
scene,2,2,14.105836153030396,0,683147,421643,312634,1367
scene,2,3,-1.0,1,-1,-1,-1,-1
scene,2,5,572.916909456253,0,35834315,1150192,1141504,3352
first,1,2,0.4596230983734131,0,16397,8119,4751,449
first,1,3,4.808727979660034,0,208219,50294,42264,813
first,1,5,33.71915674209595,0,1593033,375228,358877,3433
ecoli,om,2,0.007717609405517578,0,165,86,58,58
ecoli,om,3,0.01377725601196289,0,517,209,156,142
ecoli,om,5,0.02237844467163086,0,1193,309,252,192
grammatical_a7,1,2,2.381263494491577,0,139244,17419,16774,1042
grammatical_a7,1,3,91.27088952064514,0,5504626,609660,608727,3127
grammatical_a7,1,5,-1.0,1,-1,-1,-1,-1
ND_LVL_3_3_NormalDist_Random-Synthetic__2_20_1000000_,0,2,22.550002813339233,0,52655,21535,10898,488
ND_LVL_3_3_NormalDist_Random-Synthetic__2_20_1000000_,0,3,614.48011469841,0,2553388,367863,184629,788
ND_LVL_3_3_NormalDist_Random-Synthetic__2_20_1000000_,0,5,-1.0,1,-1,-1,-1,-1
parkinson_speech,0,2,0.10026407241821289,0,5210,940,641,183
parkinson_speech,0,3,0.34487318992614746,0,20600,1495,1266,667
parkinson_speech,0,5,0.8640921115875244,0,57252,2340,2162,1167
grammatical_b9,1,2,2.926067590713501,0,177304,21496,20808,1124
grammatical_b9,1,3,119.82820177078247,0,7951700,586585,583290,2253
grammatical_b9,1,5,-1.0,1,-1,-1,-1,-1
climate,0,2,0.06687808036804199,0,3044,2684,1436,346
climate,0,3,0.751448392868042,0,53892,12074,9814,488
climate,0,5,2.677891492843628,0,237748,12095,9835,488
isolet,14,2,62.6837432384491,0,2213372,658889,554165,1227
isolet,14,3,-1.0,1,-1,-1,-1,-1
isolet,14,5,-1.0,1,-1,-1,-1,-1
auto7_3,class3,2,0.021198749542236328,0,734,712,336,229
auto7_3,class3,3,0.14344334602355957,0,7957,4972,2477,441
auto7_3,class3,5,0.8170158863067627,0,65782,10914,6132,539
volcanoes-d3,3,2,0.009373903274536133,0,61,56,17,17
volcanoes-d3,3,3,0.011018037796020508,0,125,88,35,35
volcanoes-d3,3,5,0.01130056381225586,0,125,88,35,35
Diabetic,0,2,0.0497281551361084,0,1936,1736,926,295
Diabetic,0,3,0.43722987174987793,0,23236,9448,6652,435
Diabetic,0,5,4.088886260986328,0,238898,47360,39194,811
ar4,2,2,0.05502963066101074,0,3662,810,600,265
ar4,2,3,0.2113955020904541,0,16728,3121,3090,456
ar4,2,5,4.344316244125366,0,374841,55416,55398,578
auto5, class3,2,2.078579902648926,0,112112,97224,52251,843
auto5, class3,3,112.4088237285614,0,9012564,643391,615105,1147
auto5, class3,5,1047.9196286201477,0,103974035,854122,829607,1182
Chess_King-Rookvs.King-Pawn__UCI_,nowin,2,0.0758669376373291,0,2411,1896,1032,430
Chess_King-Rookvs.King-Pawn__UCI_,nowin,3,0.66141676902771,0,29708,16728,9248,765
Chess_King-Rookvs.King-Pawn__UCI_,nowin,5,10.576969861984253,0,486126,148781,89842,1339
bankruptcy,1,2,0.006189823150634766,0,161,19,11,11
bankruptcy,1,3,0.006293773651123047,0,161,19,11,11
bankruptcy,1,5,0.00639033317565918,0,161,19,11,11
onehund_sha,Acer Capillipes,2,0.2874898910522461,0,15825,5716,5490,344
onehund_sha,Acer Capillipes,3,1.9829654693603516,0,131905,19974,19963,686
onehund_sha,Acer Capillipes,5,9.559587717056274,0,706429,54386,54379,1146
pc3,2,2,0.1669785976409912,0,7661,4563,2929,378
pc3,2,3,2.4896957874298096,0,149648,35428,27754,872
pc3,2,5,71.32645750045776,0,4957260,922822,784317,2607
Marketing_EoSL_,9,2,0.07364964485168457,0,2494,1371,563,269
Marketing_EoSL_,9,3,0.32433485984802246,0,16666,4023,2461,495
Marketing_EoSL_,9,5,0.9352126121520996,0,54333,8827,8086,734
I_LVL2_1_Interesting_Non-Random-Synthetic__2_5_31250_,1,2,0.040802717208862305,0,256,252,182,144
I_LVL2_1_Interesting_Non-Random-Synthetic__2_5_31250_,1,3,0.07619690895080566,0,1311,711,566,318
I_LVL2_1_Interesting_Non-Random-Synthetic__2_5_31250_,1,5,0.13457179069519043,0,3691,1314,1180,460
wpbc,R,2,0.14284849166870117,0,8452,5026,2817,344
wpbc,R,3,1.8827738761901855,0,182351,10524,6992,373
wpbc,R,5,3.5103776454925537,0,346811,13849,11663,442
volcanoes-a3,4,2,0.005785942077636719,0,61,42,25,25
volcanoes-a3,4,3,0.007314443588256836,0,121,61,44,44
volcanoes-a3,4,5,0.007569551467895508,0,121,61,44,44
winsconsin,4,2,0.010686397552490234,0,231,204,138,131
winsconsin,4,3,0.024049758911132812,0,913,484,374,337
winsconsin,4,5,0.040982961654663086,0,1815,718,577,533
optical,5,2,0.4170267581939697,0,12668,7621,5081,511
optical,5,3,4.464636325836182,0,170312,47502,40620,866
optical,5,5,58.97623610496521,0,2187050,430911,410719,2211
NormalDist_Random-Synthetic__2_12_5886_,0,2,0.05149674415588379,0,1373,1309,662,280
NormalDist_Random-Synthetic__2_12_5886_,0,3,0.41924309730529785,0,19674,14104,7331,525
NormalDist_Random-Synthetic__2_12_5886_,0,5,7.7112109661102295,0,485366,126668,77205,903
horse_colic_lesion,1,2,0.005837202072143555,0,1,0,0,0
horse_colic_lesion,1,3,0.006060123443603516,0,1,0,0,0
horse_colic_lesion,1,5,0.0062408447265625,0,1,0,0,0
contraceptive,3,2,0.017279386520385742,0,427,389,183,159
contraceptive,3,3,0.0645287036895752,0,2967,2045,1072,286
contraceptive,3,5,0.3040122985839844,0,17841,7146,4842,522
heart_switzerland,1,2,0.00929570198059082,0,341,84,52,52
heart_switzerland,1,3,0.017207622528076172,0,942,164,121,119
heart_switzerland,1,5,0.025043964385986328,0,1577,257,209,177
saheart,1,2,0.017209768295288086,0,547,525,285,204
saheart,1,3,0.07737255096435547,0,4843,1712,1070,345
saheart,1,5,0.17131400108337402,0,13707,1895,1169,357
analcatdata_boxing2,2,2,0.006507396697998047,0,204,36,16,16
analcatdata_boxing2,2,3,0.008473396301269531,0,336,36,16,16
analcatdata_boxing2,2,5,0.008056402206420898,0,336,36,16,16
analcatdata_lawsuit,2,2,0.005573749542236328,0,65,33,21,21
analcatdata_lawsuit,2,3,0.0064122676849365234,0,103,45,32,32
analcatdata_lawsuit,2,5,0.006244659423828125,0,109,46,33,33
pc1_req,2,2,0.008681535720825195,0,161,104,49,49
pc1_req,2,3,0.018464326858520508,0,673,357,165,136
pc1_req,2,5,0.04552292823791504,0,2438,1078,521,250
robot1,collision,2,0.012202024459838867,0,305,265,158,144
robot1,collision,3,0.030678272247314453,0,1409,611,470,209
robot1,collision,5,0.0697469711303711,0,3849,1039,737,387
credit-g,1,2,0.06406450271606445,0,2970,2033,1104,225
credit-g,1,3,0.4910433292388916,0,30086,9907,6539,397
credit-g,1,5,2.207611560821533,0,143373,35767,27463,869
lsvt,1,2,2.8172852993011475,0,248285,10007,8221,851
lsvt,1,3,22.886083841323853,0,2343996,38781,31030,1090
lsvt,1,5,632.5990164279938,0,60111810,8251994,6117807,1360
acute-inflammations,2,2,0.0057489871978759766,0,69,54,42,42
acute-inflammations,2,3,0.009180545806884766,0,183,111,97,97
acute-inflammations,2,5,0.009915828704833984,0,279,144,137,129
cardio10,8,2,0.044857025146484375,0,1658,895,571,325
cardio10,8,3,0.1993112564086914,0,10423,3320,3026,708
cardio10,8,5,1.0828275680541992,0,65687,13475,13390,1397
phishing,-1,2,0.12632489204406738,0,2040,1522,870,400
phishing,-1,3,0.553199291229248,0,12599,5146,3606,792
phishing,-1,5,6.567850828170776,0,170443,42546,33357,2390
prnn_synth,1,2,0.004340648651123047,0,25,19,9,9
prnn_synth,1,3,0.004399776458740234,0,25,19,9,9
prnn_synth,1,5,0.0043680667877197266,0,25,19,9,9
mice,t-SC-s,2,0.578716516494751,0,37091,7238,6673,560
mice,t-SC-s,3,0.8894221782684326,0,64761,5340,3145,917
mice,t-SC-s,5,18.899717569351196,0,1815723,127800,3394,1810
U_LVL0_Uninteresting_Non-Random-Synthetic__2_4_62500_,0,2,0.05787372589111328,0,171,171,0,0
U_LVL0_Uninteresting_Non-Random-Synthetic__2_4_62500_,0,3,0.08193516731262207,0,671,671,0,0
U_LVL0_Uninteresting_Non-Random-Synthetic__2_4_62500_,0,5,0.10400581359863281,0,1296,1296,0,0
grammatical_a4,1,2,2.672146797180176,0,155185,28035,27373,1411
grammatical_a4,1,3,157.44214749336243,0,10383041,1784970,1784237,4027
grammatical_a4,1,5,-1.0,1,-1,-1,-1,-1
NormalDist_Random-Synthetic__2_7_7283_,1,2,0.02706122398376465,0,494,482,232,181
NormalDist_Random-Synthetic__2_7_7283_,1,3,0.10201191902160645,0,3838,3193,1652,387
NormalDist_Random-Synthetic__2_7_7283_,1,5,0.5206215381622314,0,28040,13363,7549,572
ND_LVL_2_1_NormalDist_Random-Synthetic__2_10_10000_,0,2,0.11867213249206543,0,4601,2700,1408,360
ND_LVL_2_1_NormalDist_Random-Synthetic__2_10_10000_,0,3,1.2221345901489258,0,71521,24886,13862,598
ND_LVL_2_1_NormalDist_Random-Synthetic__2_10_10000_,0,5,11.717174291610718,0,875831,60639,38990,699
grammatical_b2,1,2,5.498680830001831,0,323876,48461,47160,1409
grammatical_b2,1,3,284.7619414329529,0,18076957,3112785,3097819,3817
grammatical_b2,1,5,-1.0,1,-1,-1,-1,-1
ED_LVL_2_0_EqualDist_Random-Synthetic__2_10_1000_,1,2,0.0846853256225586,0,4601,2483,1127,314
ED_LVL_2_0_EqualDist_Random-Synthetic__2_10_1000_,1,3,0.7295074462890625,0,68881,2483,1127,314
ED_LVL_2_0_EqualDist_Random-Synthetic__2_10_1000_,1,5,0.7268843650817871,0,68881,2483,1127,314
grammatical_b6,1,2,2.89992618560791,0,171422,17901,16985,1408
grammatical_b6,1,3,91.7930235862732,0,5858061,460243,459931,4968
grammatical_b6,1,5,-1.0,1,-1,-1,-1,-1
I_LVL2_0_Interesting_Non-Random-Synthetic__2_5_3125_,1,2,0.013348579406738281,0,236,228,117,106
I_LVL2_0_Interesting_Non-Random-Synthetic__2_5_3125_,1,3,0.02699589729309082,0,961,299,209,116
I_LVL2_0_Interesting_Non-Random-Synthetic__2_5_3125_,1,5,0.032697439193725586,0,1386,299,209,116
gesture_raw,Preparation,2,0.09196639060974121,0,2813,2339,1135,361
gesture_raw,Preparation,3,1.000701665878296,0,50733,19002,10806,696
gesture_raw,Preparation,5,13.399587631225586,0,802453,179300,116736,1602
monks3,0,2,0.0075991153717041016,0,137,134,53,53
monks3,0,3,0.016965866088867188,0,552,465,217,194
monks3,0,5,0.03064560890197754,0,1468,631,303,252
I_LVL1_0_Interesting_Non-Random-Synthetic__2_2_4_,1,2,0.0036792755126953125,0,1,0,0,0
I_LVL1_0_Interesting_Non-Random-Synthetic__2_2_4_,1,3,0.0037152767181396484,0,1,0,0,0
I_LVL1_0_Interesting_Non-Random-Synthetic__2_2_4_,1,5,0.003620147705078125,0,1,0,0,0
wall2,Slight-Right-Turn,2,0.005684852600097656,0,21,8,5,5
wall2,Slight-Right-Turn,3,0.00562739372253418,0,21,8,5,5
wall2,Slight-Right-Turn,5,0.005537271499633789,0,21,8,5,5
abalone,1,2,0.020168066024780273,0,452,345,131,127
abalone,1,3,0.054593801498413086,0,2296,1090,543,321
abalone,1,5,0.15517020225524902,0,8688,2762,1266,470
wholesale,2,2,0.011313199996948242,0,324,262,144,137
wholesale,2,3,0.027905941009521484,0,1556,491,337,242
wholesale,2,5,0.03907370567321777,0,2572,464,368,261
soybean_large,purple-seed-stain,2,0.058188438415527344,0,3097,1375,980,427
soybean_large,purple-seed-stain,3,0.33646082878112793,0,23533,7765,6858,678
soybean_large,purple-seed-stain,5,2.8175950050354004,0,216735,59802,59152,934
U_LVL2_1_Uninteresting_Non-Random-Synthetic__2_5_31250_,0,2,0.04071164131164551,0,276,276,0,0
U_LVL2_1_Uninteresting_Non-Random-Synthetic__2_5_31250_,0,3,0.08132433891296387,0,1526,1526,0,0
U_LVL2_1_Uninteresting_Non-Random-Synthetic__2_5_31250_,0,5,0.23241662979125977,0,7776,4651,0,0
onehund_mar,Acer Capillipes,2,0.30477261543273926,0,14853,7657,6249,520
onehund_mar,Acer Capillipes,3,5.225192070007324,0,315055,98384,97753,1212
onehund_mar,Acer Capillipes,5,134.733051776886,0,9307789,1423865,1422978,1967
jEdit_4.2_4.3,1,2,0.013451099395751953,0,368,301,154,142
jEdit_4.2_4.3,1,3,0.04138016700744629,0,2213,952,541,280
jEdit_4.2_4.3,1,5,0.09745383262634277,0,6816,1666,1128,308
hiv_impens,1,2,0.10069441795349121,0,8838,340,162,147
hiv_impens,1,3,0.1773667335510254,0,16559,343,163,148
hiv_impens,1,5,0.17716479301452637,0,16655,343,163,148
abalone_ori,18,2,0.019366741180419922,0,436,274,158,148
abalone_ori,18,3,0.055510520935058594,0,2360,1078,745,331
abalone_ori,18,5,0.18836641311645508,0,10580,3491,2776,441
ada_agnostic,2,2,0.1363685131072998,0,3999,2683,1628,411
ada_agnostic,2,3,1.6516788005828857,0,60401,32866,22749,764
ada_agnostic,2,5,160.89913296699524,0,6183751,3090301,2430297,2586
pitt1_1,DECK,2,0.010082721710205078,0,222,66,34,34
pitt1_1,DECK,3,0.010737180709838867,0,384,93,44,44
pitt1_1,DECK,5,0.010418176651000977,0,416,95,45,45
hiv_1625,1,2,0.0831449031829834,0,5821,431,324,258
hiv_1625,1,3,0.12922453880310059,0,10001,398,391,307
hiv_1625,1,5,0.18223357200622559,0,15001,573,571,447
mfeat-factors,7,2,3.0257601737976074,0,164501,15430,14127,855
mfeat-factors,7,3,18.23326539993286,0,1125861,108342,25127,2066
mfeat-factors,7,5,-1.0,1,-1,-1,-1,-1
ED_LVL_1_0_EqualDist_Random-Synthetic__2_5_1000_,0,2,0.011550188064575195,0,276,276,133,128
ED_LVL_1_0_EqualDist_Random-Synthetic__2_5_1000_,0,3,0.030391931533813477,0,1526,626,329,229
ED_LVL_1_0_EqualDist_Random-Synthetic__2_5_1000_,0,5,0.04095745086669922,0,2426,626,329,229
ED_LVL_3_2_EqualDist_Random-Synthetic__2_20_100000_,1,2,4.454529047012329,0,76401,76401,38669,714
ED_LVL_3_2_EqualDist_Random-Synthetic__2_20_100000_,1,3,306.6801931858063,0,9196401,76401,38669,714
ED_LVL_3_2_EqualDist_Random-Synthetic__2_20_100000_,1,5,306.21639752388,0,9196401,76401,38669,714
Seismic-Bumps_UCI_,1,2,0.02937006950378418,0,810,749,350,251
Seismic-Bumps_UCI_,1,3,0.1786668300628662,0,7554,6166,3346,563
Seismic-Bumps_UCI_,1,5,2.9599359035491943,0,142177,99719,62730,1416
pitt2_4,S,2,0.0070514678955078125,0,176,67,36,36
pitt2_4,S,3,0.010540485382080078,0,395,114,56,56
pitt2_4,S,5,0.011273622512817383,0,475,122,58,58
lenses,softCL,2,0.004308938980102539,0,20,5,3,3
lenses,softCL,3,0.004263877868652344,0,20,5,3,3
lenses,softCL,5,0.00415492057800293,0,20,5,3,3
statlog_ls,5,2,0.16365599632263184,0,5417,1866,1191,455
statlog_ls,5,3,1.1193385124206543,0,53757,16194,11065,1504
statlog_ls,5,5,29.34601616859436,0,1735765,207462,173628,3952
EqualDist_Random-Synthetic__2_14_5644_,1,2,0.0818328857421875,0,2527,2527,1265,339
EqualDist_Random-Synthetic__2_14_5644_,1,3,1.1653509140014648,0,52792,49915,26733,676
EqualDist_Random-Synthetic__2_14_5644_,1,5,18.604300260543823,0,1301983,126050,83915,828
thyroid_sick,sick.,2,0.0543668270111084,0,1650,1288,607,296
thyroid_sick,sick.,3,0.4092276096343994,0,16824,8811,5130,748
thyroid_sick,sick.,5,11.344789981842041,0,517791,172644,130338,1801
BreastCancerWisconsin_UCI_,4,2,0.043840885162353516,0,3115,299,210,189
BreastCancerWisconsin_UCI_,4,3,0.09308195114135742,0,7623,376,227,202
BreastCancerWisconsin_UCI_,4,5,0.10836267471313477,0,8965,417,232,202
pamap2,1,2,0.5043377876281738,0,5829,1472,1230,350
pamap2,1,3,1.5723927021026611,0,41777,6822,6673,576
pamap2,1,5,6.6447131633758545,0,244169,24333,24170,1524
U_LVL1_2_Uninteresting_Non-Random-Synthetic__2_2_400_,1,2,0.004378080368041992,0,9,9,0,0
U_LVL1_2_Uninteresting_Non-Random-Synthetic__2_2_400_,1,3,0.004346370697021484,0,9,9,0,0
U_LVL1_2_Uninteresting_Non-Random-Synthetic__2_2_400_,1,5,0.0043447017669677734,0,9,9,0,0
visualizing_livestock,4,2,0.004508018493652344,0,31,4,2,2
visualizing_livestock,4,3,0.004575967788696289,0,31,4,2,2
visualizing_livestock,4,5,0.004429340362548828,0,31,4,2,2
volcanoes-a2,4,2,0.006119728088378906,0,61,42,22,22
volcanoes-a2,4,3,0.007490873336791992,0,121,61,41,41
volcanoes-a2,4,5,0.007364034652709961,0,121,61,41,41
blogger,no,2,0.005925178527832031,0,99,50,18,18
blogger,no,3,0.007489442825317383,0,192,77,22,22
blogger,no,5,0.007718086242675781,0,222,86,23,23
grammatical_a5,1,2,3.767836570739746,0,228649,11988,11528,1125
grammatical_a5,1,3,66.25430250167847,0,4112165,201745,200761,2921
grammatical_a5,1,5,-1.0,1,-1,-1,-1,-1
prnn_crabs,1,2,0.010606765747070312,0,315,175,85,85
prnn_crabs,1,3,0.024057388305664062,0,1387,421,212,166
prnn_crabs,1,5,0.04271554946899414,0,2695,671,373,270
hepatitis,1,2,0.022611618041992188,0,1063,483,230,189
hepatitis,1,3,0.10050535202026367,0,7299,1497,925,361
hepatitis,1,5,0.37148189544677734,0,31279,2714,1966,525
