dataset_name,target_value,depth,Apriori_DP_fixed (PS)-real_time_taken,Apriori_DP_fixed (PS)-failed,Apriori_DP_fixed (PS)-sgs_evaluated,Apriori_DP_fixed (PS)-sgs_eval_interesting,Apriori_DP_fixed (PS)-sgs_quality_interesting,Apriori_DP_fixed (PS)-sgs_top_k_interesting
spect_heart,0,2,0.01944136619567871,0,905,273,265,222
spect_heart,0,3,0.07125043869018555,0,2445,1813,1805,513
spect_heart,0,5,1.7193450927734375,0,32244,28066,31604,868
fertility,O,2,0.010269880294799805,0,329,155,132,74
fertility,O,3,0.014942646026611328,0,641,307,303,132
fertility,O,5,0.017434120178222656,0,725,351,353,146
ND_LVL_1_1_NormalDist_Random-Synthetic__2_5_10000_,1,2,0.020139455795288086,0,325,275,137,131
ND_LVL_1_1_NormalDist_Random-Synthetic__2_5_10000_,1,3,0.052911996841430664,0,1575,1042,788,228
ND_LVL_1_1_NormalDist_Random-Synthetic__2_5_10000_,1,5,0.12657451629638672,0,3024,1475,1571,246
Mushroom_UCI_,p,2,0.1438908576965332,0,4033,307,1400,375
Mushroom_UCI_,p,3,0.16851234436035156,0,4842,411,2157,488
Mushroom_UCI_,p,5,0.17899727821350098,0,5020,557,2331,576
wall24,Slight-Right-Turn,2,0.12185001373291016,0,4190,263,1669,404
wall24,Slight-Right-Turn,3,0.13277363777160645,0,4622,335,2101,503
wall24,Slight-Right-Turn,5,0.13370704650878906,0,4662,366,2141,526
thyroid_allbp,increased binding protein.,2,0.050318002700805664,0,1894,402,657,252
thyroid_allbp,increased binding protein.,3,0.1454026699066162,0,4592,2020,2817,578
thyroid_allbp,increased binding protein.,5,1.803581714630127,0,31959,25976,25129,893
analcatdata_creditscore,1,2,0.006505250930786133,0,112,60,53,28
analcatdata_creditscore,1,3,0.007544994354248047,0,181,107,82,46
analcatdata_creditscore,1,5,0.007680654525756836,0,203,124,92,55
primary,1,2,0.014905929565429688,0,614,285,273,170
primary,1,3,0.03550243377685547,0,1961,867,1226,379
primary,1,5,0.12084555625915527,0,4467,2538,3475,567
breast_tissue_merged,car,2,0.009941339492797852,0,336,98,174,65
breast_tissue_merged,car,3,0.011390447616577148,0,438,151,253,103
breast_tissue_merged,car,5,0.012683391571044922,0,452,163,264,111
pima,1,2,0.01340031623840332,0,465,311,216,178
pima,1,3,0.06341242790222168,0,1934,404,1366,231
pima,1,5,0.06527042388916016,0,1960,409,1392,232
Divorce,1,2,0.1210317611694336,0,6486,198,6081,414
Divorce,1,3,0.12399029731750488,0,6717,280,6312,488
Divorce,1,5,0.12489843368530273,0,6822,384,6417,494
asbestos,(3)_Above_legal_limit,2,0.004878044128417969,0,36,18,13,8
asbestos,(3)_Above_legal_limit,3,0.0044748783111572266,0,39,20,14,9
asbestos,(3)_Above_legal_limit,5,0.0045092105865478516,0,39,20,14,9
bupa,1,2,0.00969839096069336,0,300,244,131,122
bupa,1,3,0.025394678115844727,0,1312,339,634,165
bupa,1,5,0.026161670684814453,0,1342,346,661,167
U_LVL2_0_Uninteresting_Non-Random-Synthetic__2_5_3125_,0,2,0.012080192565917969,0,325,275,0,0
U_LVL2_0_Uninteresting_Non-Random-Synthetic__2_5_3125_,0,3,0.04213762283325195,0,1575,1525,0,0
U_LVL2_0_Uninteresting_Non-Random-Synthetic__2_5_3125_,0,5,0.15115761756896973,0,4700,1525,0,0
cardio3,2,2,0.07416415214538574,0,2213,275,742,273
cardio3,2,3,0.09241914749145508,0,3130,563,1649,408
cardio3,2,5,0.11025786399841309,0,3785,1020,2302,509
volcanoes-d4,3,2,0.00921940803527832,0,78,59,17,17
volcanoes-d4,3,3,0.01095128059387207,0,138,94,36,36
volcanoes-d4,3,5,0.010805368423461914,0,138,94,36,36
pitt2_3,LONG,2,0.006768226623535156,0,159,71,78,40
pitt2_3,LONG,3,0.008266448974609375,0,241,118,116,64
pitt2_3,LONG,5,0.008549213409423828,0,255,127,123,69
grammatical_b5,1,2,0.5848731994628906,0,30103,1715,29350,708
grammatical_b5,1,3,0.8316972255706787,0,41329,9927,40564,763
grammatical_b5,1,5,30.67976975440979,0,184613,148895,183845,772
ED_LVL_1_2_EqualDist_Random-Synthetic__2_5_100000_,0,2,0.11181068420410156,0,325,275,139,133
ED_LVL_1_2_EqualDist_Random-Synthetic__2_5_100000_,0,3,0.2459573745727539,0,1575,1525,768,216
ED_LVL_1_2_EqualDist_Random-Synthetic__2_5_100000_,0,5,1.0904123783111572,0,7825,4650,3955,216
pitt1_4,S,2,0.007102251052856445,0,177,65,82,34
pitt1_4,S,3,0.007823705673217773,0,223,91,101,44
pitt1_4,S,5,0.007842540740966797,0,224,92,101,44
ND_LVL_2_3_NormalDist_Random-Synthetic__2_10_1000000_,0,2,5.662222385406494,0,5050,2800,2224,281
ND_LVL_2_3_NormalDist_Random-Synthetic__2_10_1000000_,0,3,43.92037630081177,0,56890,27703,28709,304
ND_LVL_2_3_NormalDist_Random-Synthetic__2_10_1000000_,0,5,-1.0,1,-1,-1,-1,-1
gesture_va,P,2,0.8398106098175049,0,8256,1594,4281,398
gesture_va,P,3,0.8450961112976074,0,24672,2024,20154,458
gesture_va,P,5,0.8567099571228027,0,24982,2125,20463,482
connectionist_vowel,4,2,0.03312945365905762,0,1655,296,583,304
connectionist_vowel,4,3,0.07868814468383789,0,2419,420,1316,392
connectionist_vowel,4,5,0.07942938804626465,0,2467,451,1364,401
breast_cancer_wis_pro,R,2,0.16592669486999512,0,9334,964,4187,380
breast_cancer_wis_pro,R,3,0.2132711410522461,0,11938,1357,6708,445
breast_cancer_wis_pro,R,5,0.22983503341674805,0,12632,1846,7401,501
diggle_table_a2,8,2,0.008812427520751953,0,168,103,76,70
diggle_table_a2,8,3,0.01181936264038086,0,364,184,240,194
diggle_table_a2,8,5,0.014930009841918945,0,505,270,381,258
page,5,2,0.030794143676757812,0,781,173,244,184
page,5,3,0.039658308029174805,0,1133,287,590,300
page,5,5,0.04352855682373047,0,1267,380,724,343
steel-plates-fault,2,2,0.14505290985107422,0,5784,894,3352,466
steel-plates-fault,2,3,0.21856236457824707,0,9156,2042,6496,661
steel-plates-fault,2,5,0.297137975692749,0,11390,2570,8684,862
mechanical,4,2,0.02300882339477539,0,381,256,155,145
mechanical,4,3,0.05045151710510254,0,1316,594,717,263
mechanical,4,5,0.06106281280517578,0,1606,800,973,302
OnlineShoppersIntention,True,2,0.16283273696899414,0,3250,456,1362,297
OnlineShoppersIntention,True,3,0.26369595527648926,0,5338,1383,3039,423
OnlineShoppersIntention,True,5,0.511955738067627,0,8680,4420,5938,486
ED_LVL_2_1_EqualDist_Random-Synthetic__2_10_10000_,1,2,0.18439102172851562,0,5050,4600,2264,355
ED_LVL_2_1_EqualDist_Random-Synthetic__2_10_10000_,1,3,3.4716873168945312,0,125050,4600,68469,355
ED_LVL_2_1_EqualDist_Random-Synthetic__2_10_10000_,1,5,3.462322950363159,0,125050,4600,68469,355
glass,3,2,0.011756181716918945,0,382,220,174,137
glass,3,3,0.021876096725463867,0,1021,341,675,240
glass,3,5,0.023237228393554688,0,1089,405,743,264
molecular_promoter,+,2,0.3918726444244385,0,25879,427,9894,442
molecular_promoter,+,3,0.3928525447845459,0,26245,476,10260,495
molecular_promoter,+,5,0.3975379467010498,0,26254,480,10269,499
blood,1,2,0.007248640060424805,0,136,97,46,46
blood,1,3,0.01002359390258789,0,281,178,102,84
blood,1,5,0.010611295700073242,0,306,203,114,96
weight,B,2,1.0518078804016113,0,68852,525,48830,391
weight,B,3,1.0636796951293945,0,69214,607,49192,476
weight,B,5,1.068208932876587,0,69297,690,49275,518
ozone1,1,2,0.6264286041259766,0,32926,818,13093,467
ozone1,1,3,0.7449984550476074,0,36992,2517,17159,583
ozone1,1,5,2.1632046699523926,0,61170,23114,41337,648
U_LVL2_2_Uninteresting_Non-Random-Synthetic__2_5_312500_,0,2,0.3498854637145996,0,325,275,0,0
U_LVL2_2_Uninteresting_Non-Random-Synthetic__2_5_312500_,0,3,0.696265697479248,0,1575,1525,0,0
U_LVL2_2_Uninteresting_Non-Random-Synthetic__2_5_312500_,0,5,2.609743356704712,0,7825,4650,0,0
ionosphere,b,2,0.15091228485107422,0,8256,297,3571,357
ionosphere,b,3,0.16503047943115234,0,8855,354,4169,409
ionosphere,b,5,0.15800786018371582,0,8882,356,4196,410
grammatical_b7,1,2,0.7121822834014893,0,33569,1007,32734,919
grammatical_b7,1,3,0.8723561763763428,0,41773,8054,40937,1067
grammatical_b7,1,5,59.53871941566467,0,359011,321335,358175,1134
wine_quality,4,2,0.04347348213195801,0,1081,599,440,237
wine_quality,4,3,0.16280412673950195,0,4624,912,3187,312
wine_quality,4,5,0.16908621788024902,0,4831,1033,3385,322
VehicleCouponRecommendation,0,2,0.1729881763458252,0,4186,1063,1798,308
VehicleCouponRecommendation,0,3,0.43904757499694824,0,11991,3513,6068,415
VehicleCouponRecommendation,0,5,1.2697830200195312,0,22426,11273,11580,474
auto7_2,class3,2,0.01969313621520996,0,780,643,348,218
auto7_2,class3,3,0.1436781883239746,0,6167,1293,3364,328
auto7_2,class3,5,0.1570415496826172,0,6678,1522,3807,352
wave,0,2,0.13103055953979492,0,3570,492,1701,413
wave,0,3,0.1651613712310791,0,4748,673,2867,413
wave,0,5,0.16563129425048828,0,4939,727,3058,413
cnae9,4,2,7.494702577590942,0,415418,368454,295024,838
cnae9,4,3,-1.0,1,-1,-1,-1,-1
cnae9,4,5,-1.0,1,-1,-1,-1,-1
grammatical_a9,1,2,0.2539048194885254,0,9577,2447,8931,528
grammatical_a9,1,3,1.0734443664550781,0,47098,19168,46452,559
grammatical_a9,1,5,163.5478012561798,0,454330,415856,453684,568
teaching,2,2,0.00779414176940918,0,195,47,72,21
teaching,2,3,0.008193254470825195,0,214,59,78,25
teaching,2,5,0.008370637893676758,0,214,59,78,25
auto6_1,class8,2,0.219696044921875,0,12090,2635,5641,418
auto6_1,class8,3,0.6761507987976074,0,29366,3146,21840,454
auto6_1,class8,5,0.6766417026519775,0,29417,3151,21891,456
ED_LVL_2_4_EqualDist_Random-Synthetic__2_10_10000000_,1,2,60.05484366416931,0,5050,4600,2314,357
ED_LVL_2_4_EqualDist_Random-Synthetic__2_10_10000000_,1,3,-1.0,1,-1,-1,-1,-1
ED_LVL_2_4_EqualDist_Random-Synthetic__2_10_10000000_,1,5,-1.0,1,-1,-1,-1,-1
ozone8,1,2,1.4676692485809326,0,30914,829,14962,500
ozone8,1,3,0.7170147895812988,0,34606,2695,18654,610
ozone8,1,5,1.777266502380371,0,54144,21117,38192,663
U_LVL1_4_Uninteresting_Non-Random-Synthetic__2_2_40000_,0,2,0.014241218566894531,0,10,8,0,0
U_LVL1_4_Uninteresting_Non-Random-Synthetic__2_2_40000_,0,3,0.015201568603515625,0,10,8,0,0
U_LVL1_4_Uninteresting_Non-Random-Synthetic__2_2_40000_,0,5,0.014182329177856445,0,10,8,0,0
bach, C#d,2,0.021988868713378906,0,280,164,208,171
bach, C#d,3,0.04242277145385742,0,944,450,872,340
bach, C#d,5,0.11070728302001953,0,2121,1242,2049,623
ED_LVL_3_3_EqualDist_Random-Synthetic__2_20_1000000_,1,2,60.0855598449707,0,80200,76400,38263,210
ED_LVL_3_3_EqualDist_Random-Synthetic__2_20_1000000_,1,3,-1.0,1,-1,-1,-1,-1
ED_LVL_3_3_EqualDist_Random-Synthetic__2_20_1000000_,1,5,-1.0,1,-1,-1,-1,-1
polish_bankruptcy_1year,1,2,1.7016119956970215,0,32387,840,13123,403
polish_bankruptcy_1year,1,3,0.8250603675842285,0,35827,2147,16563,523
polish_bankruptcy_1year,1,5,0.9852170944213867,0,39780,4534,20516,607
coil2000,1,2,2.0743160247802734,0,68915,3992,31820,722
coil2000,1,3,5.4853129386901855,0,133944,27849,67773,1003
coil2000,1,5,-1.0,1,-1,-1,-1,-1
robot2,back_col,2,0.011293649673461914,0,353,244,151,133
robot2,back_col,3,0.0564875602722168,0,1251,352,782,223
robot2,back_col,5,0.05920910835266113,0,1297,374,828,235
EqualDist_Random-Synthetic__2_7_5349_,1,2,0.0236971378326416,0,630,552,269,197
EqualDist_Random-Synthetic__2_7_5349_,1,3,0.1439807415008545,0,4799,2891,2441,257
EqualDist_Random-Synthetic__2_7_5349_,1,5,0.3514821529388428,0,9039,3000,5358,257
U_LVL1_1_Uninteresting_Non-Random-Synthetic__2_2_40_,1,2,0.00419926643371582,0,10,8,0,0
U_LVL1_1_Uninteresting_Non-Random-Synthetic__2_2_40_,1,3,0.003974199295043945,0,10,8,0,0
U_LVL1_1_Uninteresting_Non-Random-Synthetic__2_2_40_,1,5,0.004057168960571289,0,10,8,0,0
auto6_3,class1,2,0.19804596900939941,0,12090,1017,5586,480
auto6_3,class1,3,0.25594639778137207,0,14704,1319,8169,527
auto6_3,class1,5,0.2570362091064453,0,14754,1327,8219,527
grammatical_b1,1,2,1.517747163772583,0,85865,1640,80897,738
grammatical_b1,1,3,1.699061393737793,0,94498,6421,89530,807
grammatical_b1,1,5,7.312918186187744,0,144285,53148,139317,819
EqualDist_Random-Synthetic__2_10_7463_,1,2,0.04843258857727051,0,1275,1162,567,262
EqualDist_Random-Synthetic__2_10_7463_,1,3,0.43621087074279785,0,15749,7333,8065,305
EqualDist_Random-Synthetic__2_10_7463_,1,5,1.6062464714050293,0,31168,8103,17891,307
volcanoes-a1,4,2,0.006897687911987305,0,67,41,22,22
volcanoes-a1,4,3,0.007513999938964844,0,89,60,41,41
volcanoes-a1,4,5,0.007220268249511719,0,89,60,41,41
vert3,NO,2,0.009610414505004883,0,277,157,128,115
vert3,NO,3,0.015763282775878906,0,686,224,456,157
vert3,NO,5,0.01637887954711914,0,711,238,481,170
CongressionalVotingRecords_UCI_,republican,2,0.022423505783081055,0,1129,169,477,211
CongressionalVotingRecords_UCI_,republican,3,0.06068015098571777,0,1614,332,962,338
CongressionalVotingRecords_UCI_,republican,5,0.06776213645935059,0,1827,417,1175,393
pitt2_2,WOOD,2,0.006589651107788086,0,114,51,48,27
pitt2_2,WOOD,3,0.007055759429931641,0,158,76,73,40
pitt2_2,WOOD,5,0.007289409637451172,0,162,78,76,41
statlog_vehicle,opel,2,0.07668876647949219,0,2628,364,1044,302
statlog_vehicle,opel,3,0.09318804740905762,0,3547,683,1912,403
statlog_vehicle,opel,5,0.12481546401977539,0,4721,1798,3086,447
pitt2_1,DECK,2,0.007093191146850586,0,159,71,76,39
pitt2_1,DECK,3,0.008550643920898438,0,236,117,108,58
pitt2_1,DECK,5,0.008594274520874023,0,247,124,111,60
grammatical_a8,1,2,0.6988317966461182,0,36170,664,34745,741
grammatical_a8,1,3,0.7393584251403809,0,38331,1471,36906,772
grammatical_a8,1,5,0.8405680656433105,0,41572,4590,40147,775
grammatical_a6,1,2,0.3312368392944336,0,12521,1380,11742,716
grammatical_a6,1,3,0.7341556549072266,0,31282,17625,30503,876
grammatical_a6,1,5,469.0086166858673,0,1307432,1266062,1306653,979
auto6_2,class5,2,0.21951770782470703,0,12090,994,5726,233
auto6_2,class5,3,0.3030233383178711,0,14301,1071,7823,251
auto6_2,class5,5,0.30395984649658203,0,14309,1072,7831,251
auto1,class1,2,0.022854089736938477,0,820,786,405,231
auto1,class1,3,0.21222829818725586,0,9515,5672,4973,373
auto1,class1,5,1.5518090724945068,0,35850,10557,23851,480
ED_LVL_2_3_EqualDist_Random-Synthetic__2_10_1000000_,1,2,5.8267982006073,0,5050,4600,2297,361
ED_LVL_2_3_EqualDist_Random-Synthetic__2_10_1000000_,1,3,91.18923592567444,0,125050,65069,61808,361
ED_LVL_2_3_EqualDist_Random-Synthetic__2_10_1000000_,1,5,1084.719973564148,0,312437,65069,157401,361
heart_cleverland,3,2,0.0812530517578125,0,822,310,373,218
heart_cleverland,3,3,0.338456392288208,0,1852,436,1317,325
heart_cleverland,3,5,0.0700979232788086,0,2030,525,1495,374
analcatdata_boxing1,1,2,0.007915973663330078,0,234,31,64,14
analcatdata_boxing1,1,3,0.007894277572631836,0,234,31,64,14
analcatdata_boxing1,1,5,0.007946968078613281,0,234,31,64,14
qsar,RB,2,0.1806778907775879,0,6569,696,2622,371
qsar,RB,3,0.28461217880249023,0,11922,4227,7526,585
qsar,RB,5,4.391747236251831,0,69171,48055,62705,1077
internet,ad.,2,27.869198322296143,0,1378419,1209613,823533,900
internet,ad.,3,-1.0,1,-1,-1,-1,-1
internet,ad.,5,-1.0,1,-1,-1,-1,-1
robot4,normal,2,0.011007070541381836,0,259,164,105,104
robot4,normal,3,0.020013809204101562,0,786,225,490,198
robot4,normal,5,0.022658824920654297,0,840,262,544,238
mw1,2,2,0.09943652153015137,0,6912,577,2669,366
mw1,2,3,0.1597764492034912,0,10939,3644,6683,551
mw1,2,5,4.356310844421387,0,74609,62357,70347,840
polish_bankruptcy_5year,1,2,0.679861307144165,0,32386,868,10137,424
polish_bankruptcy_5year,1,3,0.7773361206054688,0,36981,2943,14732,611
polish_bankruptcy_5year,1,5,2.84334135055542,0,70806,34445,48557,809
grammatical_b8,1,2,0.7790107727050781,0,43366,723,42610,531
grammatical_b8,1,3,0.8040781021118164,0,44366,1168,43597,593
grammatical_b8,1,5,0.8162338733673096,0,44849,1611,44074,607
ND_LVL_3_4_NormalDist_Random-Synthetic__2_20_10000000_,0,2,-1.0,1,-1,-1,-1,-1
ND_LVL_3_4_NormalDist_Random-Synthetic__2_20_10000000_,0,3,-1.0,1,-1,-1,-1,-1
ND_LVL_3_4_NormalDist_Random-Synthetic__2_20_10000000_,0,5,-1.0,1,-1,-1,-1,-1
heart_va,3,2,0.05855917930603027,0,58,39,25,22
heart_va,3,3,0.008352518081665039,0,91,68,40,34
heart_va,3,5,0.008219242095947266,0,100,77,43,37
volcanoes-b5,4,2,0.01355123519897461,0,78,56,20,20
volcanoes-b5,4,3,0.014138460159301758,0,128,89,37,37
volcanoes-b5,4,5,0.012265443801879883,0,128,89,37,37
wilt,w,2,0.02536487579345703,0,210,158,78,78
wilt,w,3,0.02659440040588379,0,648,245,308,179
wilt,w,5,0.02416253089904785,0,678,255,338,186
ND_LVL_1_2_NormalDist_Random-Synthetic__2_5_100000_,0,2,0.18441462516784668,0,325,275,144,134
ND_LVL_1_2_NormalDist_Random-Synthetic__2_5_100000_,0,3,0.6353499889373779,0,1575,1275,775,225
ND_LVL_1_2_NormalDist_Random-Synthetic__2_5_100000_,0,5,0.5646181106567383,0,4021,2741,2079,234
ED_LVL_1_1_EqualDist_Random-Synthetic__2_5_10000_,0,2,0.02131366729736328,0,325,275,136,132
ED_LVL_1_1_EqualDist_Random-Synthetic__2_5_10000_,0,3,0.05707955360412598,0,1575,1525,782,218
ED_LVL_1_1_EqualDist_Random-Synthetic__2_5_10000_,0,5,0.16907191276550293,0,4700,1530,2493,218
mfeat-karhunen,8,2,1.1194822788238525,0,31631,491,13132,348
mfeat-karhunen,8,3,0.6461501121520996,0,32215,535,13716,383
mfeat-karhunen,8,5,0.6510660648345947,0,32221,536,13722,384
I_LVL1_1_Interesting_Non-Random-Synthetic__2_2_40_,1,2,0.004120826721191406,0,7,5,4,4
I_LVL1_1_Interesting_Non-Random-Synthetic__2_2_40_,1,3,0.003991127014160156,0,7,5,4,4
I_LVL1_1_Interesting_Non-Random-Synthetic__2_2_40_,1,5,0.004269599914550781,0,7,5,4,4
Iris_UCI_,Iris-virginica,2,0.006063699722290039,0,82,34,42,27
Iris_UCI_,Iris-virginica,3,0.00640559196472168,0,98,40,55,32
Iris_UCI_,Iris-virginica,5,0.006476640701293945,0,98,40,55,32
I_LVL1_4_Interesting_Non-Random-Synthetic__2_2_40000_,1,2,0.013915777206420898,0,7,5,4,4
I_LVL1_4_Interesting_Non-Random-Synthetic__2_2_40000_,1,3,0.01364755630493164,0,7,5,4,4
I_LVL1_4_Interesting_Non-Random-Synthetic__2_2_40000_,1,5,0.014452219009399414,0,7,5,4,4
thyroid_ann,2,2,0.053328752517700195,0,1089,486,471,235
thyroid_ann,2,3,0.17252326011657715,0,4208,1032,2540,484
thyroid_ann,2,5,0.3922450542449951,0,8689,4872,6407,656
seeds,2,2,0.00900721549987793,0,238,120,112,70
seeds,2,3,0.01223611831665039,0,439,182,255,147
seeds,2,5,0.013967752456665039,0,504,225,320,192
hv_no_noise,0,2,1.3611223697662354,0,80200,20200,26667,365
hv_no_noise,0,3,22.123111963272095,0,727000,667000,350067,431
hv_no_noise,0,5,-1.0,1,-1,-1,-1,-1
statlog_australian,1,2,0.02592754364013672,0,1282,291,531,252
statlog_australian,1,3,0.04218292236328125,0,2222,408,1309,372
statlog_australian,1,5,0.044123172760009766,0,2311,458,1395,414
hiv_schilling,1,2,0.18492650985717773,0,11038,271,3159,310
hiv_schilling,1,3,0.18805646896362305,0,11162,271,3279,310
hiv_schilling,1,5,0.1867070198059082,0,11162,271,3279,310
heart-long-beach,4,2,0.015329122543334961,0,637,375,303,188
heart-long-beach,4,3,0.0434575080871582,0,2487,1139,1633,320
heart-long-beach,4,5,0.10767459869384766,0,4544,2431,3566,400
datatrieve,2,2,0.011061906814575195,0,408,136,137,86
datatrieve,2,3,0.014244556427001953,0,597,216,283,168
datatrieve,2,5,0.016713380813598633,0,700,313,386,238
jEdit_4.0_4.2,2,2,0.011119604110717773,0,406,230,181,139
jEdit_4.0_4.2,2,3,0.02242898941040039,0,1105,343,714,234
jEdit_4.0_4.2,2,5,0.024511098861694336,0,1183,389,787,273
ND_LVL_1_4_NormalDist_Random-Synthetic__2_5_10000000_,0,2,10.012898206710815,0,325,275,143,134
ND_LVL_1_4_NormalDist_Random-Synthetic__2_5_10000000_,0,3,22.12784695625305,0,1575,1208,787,227
ND_LVL_1_4_NormalDist_Random-Synthetic__2_5_10000000_,0,5,45.778703927993774,0,3764,2599,1887,234
pitt1_2,WOOD,2,0.006467103958129883,0,115,44,56,27
pitt1_2,WOOD,3,0.006909847259521484,0,140,59,72,35
pitt1_2,WOOD,5,0.007109165191650391,0,141,60,72,35
backache,2,2,0.04586601257324219,0,2792,968,1431,358
backache,2,3,0.16355538368225098,0,10332,3425,6106,570
backache,2,5,1.2641346454620361,0,31926,17463,11672,753
ND_LVL_3_1_NormalDist_Random-Synthetic__2_20_10000_,0,2,0.9526510238647461,0,39116,10199,17628,410
ND_LVL_3_1_NormalDist_Random-Synthetic__2_20_10000_,0,3,11.329450845718384,0,397079,12981,209601,410
ND_LVL_3_1_NormalDist_Random-Synthetic__2_20_10000_,0,5,11.506006717681885,0,397780,12981,210266,410
ED_LVL_1_3_EqualDist_Random-Synthetic__2_5_1000000_,1,2,1.0365002155303955,0,325,275,134,129
ED_LVL_1_3_EqualDist_Random-Synthetic__2_5_1000000_,1,3,2.1079089641571045,0,1575,1525,766,208
ED_LVL_1_3_EqualDist_Random-Synthetic__2_5_1000000_,1,5,7.4445202350616455,0,7825,4650,3909,208
thyroid_hypothyroid,hypothyroid,2,0.01816248893737793,0,412,228,189,167
thyroid_hypothyroid,hypothyroid,3,0.046936750411987305,0,1572,908,1041,346
thyroid_hypothyroid,hypothyroid,5,0.41362738609313965,0,10140,9476,9130,636
grammatical_a3,1,2,0.4446074962615967,0,22101,1004,21471,604
grammatical_a3,1,3,0.5421991348266602,0,27295,3280,26664,661
grammatical_a3,1,5,1.7139148712158203,0,44206,19651,43575,679
crx,positive,2,0.028895139694213867,0,1387,346,572,261
crx,positive,3,0.04964852333068848,0,2614,496,1505,392
crx,positive,5,0.05358552932739258,0,2777,582,1661,460
GermanCredit_UCI_,2,2,0.05126452445983887,0,2776,802,1352,258
GermanCredit_UCI_,2,3,0.1545729637145996,0,8012,2300,4861,374
GermanCredit_UCI_,2,5,0.31760740280151367,0,12278,4777,7969,472
pc1,2,2,0.0539095401763916,0,2850,291,806,329
pc1,2,3,0.07538914680480957,0,4023,1214,1963,484
pc1,2,5,0.5407395362854004,0,15329,12234,13269,671
mfeat-pixel,8,2,0.8318591117858887,0,35318,3460,29578,901
mfeat-pixel,8,3,2.4079227447509766,0,100525,16712,94785,1346
mfeat-pixel,8,5,50.60199451446533,0,321454,162385,315714,1672
hv_noise,0,2,1.3348658084869385,0,80200,20200,26173,422
hv_noise,0,3,21.407438039779663,0,727000,667000,349573,700
hv_noise,0,5,-1.0,1,-1,-1,-1,-1
image,WINDOW,2,0.04835700988769531,0,1962,245,835,281
image,WINDOW,3,0.058069705963134766,0,2587,503,1460,392
image,WINDOW,5,0.07706093788146973,0,3374,1070,2247,462
ED_LVL_1_4_EqualDist_Random-Synthetic__2_5_10000000_,0,2,10.277646780014038,0,325,275,132,127
ED_LVL_1_4_EqualDist_Random-Synthetic__2_5_10000000_,0,3,22.444172620773315,0,1575,1525,747,225
ED_LVL_1_4_EqualDist_Random-Synthetic__2_5_10000000_,0,5,90.11826539039612,0,7825,4650,3885,225
polish_bankruptcy_4year,1,2,0.7961947917938232,0,32641,1139,12510,454
polish_bankruptcy_4year,1,3,1.0262563228607178,0,40957,3697,20826,593
polish_bankruptcy_4year,1,5,3.474005699157715,0,73022,29616,52891,681
lung,3,2,0.045832157135009766,0,2711,774,1054,235
lung,3,3,0.13014960289001465,0,8142,2999,4280,358
lung,3,5,0.522611141204834,0,17583,8323,12714,443
credit,+,2,0.02766728401184082,0,1387,293,580,266
credit,+,3,0.04469919204711914,0,2330,443,1364,395
credit,+,5,0.048537254333496094,0,2496,524,1524,455
lymphography,fibrosis,2,0.013089179992675781,0,410,208,264,150
lymphography,fibrosis,3,0.02376246452331543,0,1077,331,893,245
lymphography,fibrosis,5,0.025598764419555664,0,1176,415,992,281
I_LVL0_Interesting_Non-Random-Synthetic__2_4_62500_,1,2,0.058966636657714844,0,191,151,109,103
I_LVL0_Interesting_Non-Random-Synthetic__2_4_62500_,1,3,0.08551740646362305,0,586,251,434,184
I_LVL0_Interesting_Non-Random-Synthetic__2_4_62500_,1,5,0.08561182022094727,0,586,251,434,184
ring,0,2,0.10735869407653809,0,3240,271,1556,365
ring,0,3,0.13395071029663086,0,4380,271,2696,365
ring,0,5,0.13512706756591797,0,4380,271,2696,365
mc1,2,2,0.17593097686767578,0,3668,633,1248,331
mc1,2,3,0.41225504875183105,0,9135,5349,6665,607
mc1,2,5,18.29918670654297,0,139686,128409,137125,943
thyroid_allhyper,goitre.,2,0.03915691375732422,0,1192,380,550,271
thyroid_allhyper,goitre.,3,0.09362006187438965,0,3702,1060,2704,498
thyroid_allhyper,goitre.,5,0.42139482498168945,0,12270,9628,11266,735
mammographics,1,2,0.00842738151550293,0,194,117,87,66
mammographics,1,3,0.012658119201660156,0,430,207,225,133
mammographics,1,5,0.014132976531982422,0,489,245,280,165
dresses,1,2,0.04502606391906738,0,2802,613,1058,224
dresses,1,3,0.10132122039794922,0,6301,1357,3067,297
dresses,1,5,0.1330711841583252,0,7424,1676,3839,303
U_LVL1_0_Uninteresting_Non-Random-Synthetic__2_2_4_,0,2,0.003612995147705078,0,4,0,0,0
U_LVL1_0_Uninteresting_Non-Random-Synthetic__2_2_4_,0,3,0.0035583972930908203,0,4,0,0,0
U_LVL1_0_Uninteresting_Non-Random-Synthetic__2_2_4_,0,5,0.0036661624908447266,0,4,0,0,0
thyroid_new_thyroid,2,2,0.006501436233520508,0,125,58,43,31
thyroid_new_thyroid,2,3,0.007620573043823242,0,176,71,89,44
thyroid_new_thyroid,2,5,0.007767200469970703,0,183,77,96,50
Balance_UCI_,R,2,0.00790858268737793,0,210,164,75,75
Balance_UCI_,R,3,0.01521444320678711,0,658,164,307,75
Balance_UCI_,R,5,0.01526331901550293,0,658,164,307,75
vert2,NO,2,0.009390115737915039,0,277,157,128,115
vert2,NO,3,0.015653371810913086,0,686,224,456,157
vert2,NO,5,0.01619434356689453,0,711,238,481,170
U_LVL3_1_Uninteresting_Non-Random-Synthetic__2_7_8235430_,0,2,18.098273515701294,0,1225,1078,0,0
U_LVL3_1_Uninteresting_Non-Random-Synthetic__2_7_8235430_,0,3,111.6698386669159,0,13230,13083,0,0
U_LVL3_1_Uninteresting_Non-Random-Synthetic__2_7_8235430_,0,5,-1.0,1,-1,-1,-1,-1
rmftsa_sleepdata,3,2,0.050363779067993164,0,36,21,7,7
rmftsa_sleepdata,3,3,0.0052490234375,0,36,21,7,7
rmftsa_sleepdata,3,5,0.006175994873046875,0,36,21,7,7
thoracic-surgery,1,2,0.04110908508300781,0,826,478,446,232
thoracic-surgery,1,3,0.08286523818969727,0,3407,2444,1924,379
thoracic-surgery,1,5,1.4842565059661865,0,18952,14776,10153,551
kc3,2,2,0.09436964988708496,0,6334,788,2650,347
kc3,2,3,0.18883061408996582,0,11834,4408,7861,486
kc3,2,5,8.219826221466064,0,98641,88653,93990,626
tae,2,2,0.007112264633178711,0,121,69,49,33
tae,2,3,0.0083465576171875,0,200,123,84,58
tae,2,5,0.008919477462768555,0,217,137,93,65
leaf,32,2,0.021851539611816406,0,1017,216,547,235
leaf,32,3,0.032079458236694336,0,1650,285,1180,344
leaf,32,5,0.0335385799407959,0,1736,333,1266,394
australian,1,2,0.020120859146118164,0,822,320,364,242
australian,1,3,0.041646718978881836,0,1981,451,1267,364
australian,1,5,0.04349660873413086,0,2083,507,1363,408
dermatology,4,2,0.04270172119140625,0,2278,550,1330,417
dermatology,4,3,0.1093742847442627,0,6372,2051,5413,760
dermatology,4,5,1.4256153106689453,0,32706,27245,31747,1244
Heart_Statlog__UCI_,2,2,0.0180513858795166,0,781,251,373,219
Heart_Statlog__UCI_,2,3,0.029741525650024414,0,1503,351,997,313
Heart_Statlog__UCI_,2,5,0.03184962272644043,0,1596,391,1088,337
Census-Income_KDD__UCI_,50000+,2,5.509300947189331,0,13344,460,7602,485
Census-Income_KDD__UCI_,50000+,3,7.767579555511475,0,15482,1898,9550,688
Census-Income_KDD__UCI_,50000+,5,31.238213300704956,0,36750,21673,30394,869
japanese,+,2,0.028365373611450195,0,1387,293,580,266
japanese,+,3,0.04518580436706543,0,2330,443,1364,395
japanese,+,5,0.04891705513000488,0,2496,524,1524,455
heart_hungarian,1,2,0.0060307979583740234,0,78,51,28,22
heart_hungarian,1,3,0.007083415985107422,0,133,89,50,39
heart_hungarian,1,5,0.00738525390625,0,143,99,57,46
I_LVL2_2_Interesting_Non-Random-Synthetic__2_5_312500_,1,2,0.356048583984375,0,301,251,182,131
I_LVL2_2_Interesting_Non-Random-Synthetic__2_5_312500_,1,3,0.6242284774780273,0,1356,436,990,186
I_LVL2_2_Interesting_Non-Random-Synthetic__2_5_312500_,1,5,0.6484196186065674,0,1356,436,990,186
forest,h ,2,0.08103728294372559,0,5158,237,2171,263
forest,h ,3,0.0866081714630127,0,5450,301,2463,347
forest,h ,5,0.0890812873840332,0,5493,325,2506,371
robot5,bottom_collision,2,0.013398408889770508,0,353,197,140,131
robot5,bottom_collision,3,0.025002479553222656,0,940,279,640,214
robot5,bottom_collision,5,0.025995969772338867,0,978,297,678,226
pen,6,2,0.07867622375488281,0,1490,182,446,229
pen,6,3,0.09971213340759277,0,1891,256,847,338
pen,6,5,0.09695124626159668,0,1973,294,929,386
U_LVL3_0_Uninteresting_Non-Random-Synthetic__2_7_823543_,0,2,1.8704354763031006,0,1225,1078,0,0
U_LVL3_0_Uninteresting_Non-Random-Synthetic__2_7_823543_,0,3,9.552775859832764,0,13230,13083,0,0
U_LVL3_0_Uninteresting_Non-Random-Synthetic__2_7_823543_,0,5,67.31217288970947,0,97265,13083,0,0
robot3,slightly_moved,2,0.011980056762695312,0,379,309,167,145
robot3,slightly_moved,3,0.03600716590881348,0,1853,428,999,234
robot3,slightly_moved,5,0.03776407241821289,0,1881,452,1027,247
DefaultofCreditCard,1,2,0.4278905391693115,0,6019,1438,2849,315
DefaultofCreditCard,1,3,1.2166855335235596,0,16594,3594,8980,341
DefaultofCreditCard,1,5,1.993330478668213,0,23028,8495,13058,344
zoo,7,2,0.01051473617553711,0,312,153,184,129
zoo,7,3,0.019029855728149414,0,837,384,679,286
zoo,7,5,0.03494596481323242,0,1644,706,1486,436
breast_tissue,gla,2,0.010903358459472656,0,387,92,159,53
breast_tissue,gla,3,0.012495756149291992,0,475,159,221,106
breast_tissue,gla,5,0.013901948928833008,0,540,214,284,150
flare, B,2,0.010727405548095703,0,231,170,90,84
flare, B,3,0.022097349166870117,0,849,335,374,207
flare, B,5,0.03203439712524414,0,1295,531,820,344
banana,1,2,0.006335020065307617,0,36,24,13,13
banana,1,3,0.006347179412841797,0,36,24,13,13
banana,1,5,0.006484031677246094,0,36,24,13,13
polish_bankruptcy_2year,1,2,0.7765564918518066,0,31881,1003,13178,398
polish_bankruptcy_2year,1,3,0.8717656135559082,0,35450,1986,16747,496
polish_bankruptcy_2year,1,5,1.0190770626068115,0,38578,4336,19875,575
polish_bankruptcy_3year,1,2,0.8273401260375977,0,32133,1251,13844,422
polish_bankruptcy_3year,1,3,1.019819736480713,0,38341,3581,20050,513
polish_bankruptcy_3year,1,5,3.487504720687866,0,69920,31949,51629,560
qualitative,B,2,0.007692098617553711,0,154,95,60,52
qualitative,B,3,0.010832548141479492,0,321,161,189,127
qualitative,B,5,0.012203454971313477,0,372,189,240,159
mfeat-morphological,8,2,0.009761571884155273,0,192,101,42,39
mfeat-morphological,8,3,0.013288021087646484,0,351,187,121,109
mfeat-morphological,8,5,0.015689849853515625,0,445,234,201,159
fourclass,1,2,0.004979372024536133,0,36,19,12,12
fourclass,1,3,0.004863739013671875,0,36,19,12,12
fourclass,1,5,0.004822969436645508,0,36,19,12,12
liver,1,2,0.010185480117797852,0,300,244,131,122
liver,1,3,0.02638554573059082,0,1312,339,634,165
liver,1,5,0.027309417724609375,0,1342,346,661,167
badges2,1,2,0.011661767959594727,0,355,263,181,138
badges2,1,3,0.029022216796875,0,1460,419,872,291
badges2,1,5,0.03292131423950195,0,1623,492,997,353
kc1-binary,1,2,0.39358997344970703,0,26625,1412,18200,393
kc1-binary,1,3,0.5770370960235596,0,34726,6658,25395,467
kc1-binary,1,5,10.495849609375,0,105258,76455,82454,528
tao,black,2,0.005231618881225586,0,36,22,12,12
tao,black,3,0.0052738189697265625,0,36,22,12,12
tao,black,5,0.0050542354583740234,0,36,22,12,12
ND_LVL_2_4_NormalDist_Random-Synthetic__2_10_10000000_,0,2,58.97845935821533,0,5050,2800,2327,325
ND_LVL_2_4_NormalDist_Random-Synthetic__2_10_10000000_,0,3,-1.0,1,-1,-1,-1,-1
ND_LVL_2_4_NormalDist_Random-Synthetic__2_10_10000000_,0,5,-1.0,1,-1,-1,-1,-1
breast_cancer_wis_pro2,R,2,0.20634102821350098,0,8796,928,3938,339
breast_cancer_wis_pro2,R,3,0.16856956481933594,0,11313,1320,6372,404
breast_cancer_wis_pro2,R,5,0.18780827522277832,0,12007,1809,7065,460
soybean_small,D3,2,0.014075994491577148,0,493,199,313,165
soybean_small,D3,3,0.02511882781982422,0,1204,334,1013,336
soybean_small,D3,5,0.0345921516418457,0,1686,796,1495,428
U_LVL1_3_Uninteresting_Non-Random-Synthetic__2_2_4000_,0,2,0.00648188591003418,0,10,8,0,0
U_LVL1_3_Uninteresting_Non-Random-Synthetic__2_2_4000_,0,3,0.005257368087768555,0,10,8,0,0
U_LVL1_3_Uninteresting_Non-Random-Synthetic__2_2_4000_,0,5,0.005194425582885742,0,10,8,0,0
semeion,8,2,2.7619707584381104,0,92318,15226,55399,762
semeion,8,3,19.987120866775513,0,694498,118950,655606,1443
semeion,8,5,-1.0,1,-1,-1,-1,-1
ED_LVL_3_0_EqualDist_Random-Synthetic__2_20_1000_,0,2,1.250009536743164,0,80200,415,41287,167
ED_LVL_3_0_EqualDist_Random-Synthetic__2_20_1000_,0,3,1.2634103298187256,0,80200,415,41287,167
ED_LVL_3_0_EqualDist_Random-Synthetic__2_20_1000_,0,5,1.2628374099731445,0,80200,415,41287,167
molecular_splice,IE,2,0.5856554508209229,0,27316,594,13007,448
molecular_splice,IE,3,0.6043519973754883,0,27616,722,13307,545
molecular_splice,IE,5,0.6022014617919922,0,27645,749,13336,562
audiology_std,cochlear_noise_and_heredity,2,0.03871917724609375,0,1900,1830,1832,234
audiology_std,cochlear_noise_and_heredity,3,0.665045976638794,0,36120,36050,36052,397
audiology_std,cochlear_noise_and_heredity,5,-1.0,1,-1,-1,-1,-1
automobile,-1,2,0.03948354721069336,0,2387,322,1141,283
automobile,-1,3,0.05657386779785156,0,3417,576,2144,422
automobile,-1,5,0.07513427734375,0,4255,1115,2976,539
volcanoes-d2,3,2,0.00985407829284668,0,78,55,17,17
volcanoes-d2,3,3,0.010983943939208984,0,125,86,36,36
volcanoes-d2,3,5,0.011081457138061523,0,125,86,36,36
grammatical_a2,1,2,0.27586936950683594,0,11929,1001,11175,765
grammatical_a2,1,3,0.4838223457336426,0,21333,7615,20579,826
grammatical_a2,1,5,36.70718479156494,0,232134,215015,231380,852
U_LVL2_3_Uninteresting_Non-Random-Synthetic__2_5_3125000_,0,2,3.152305841445923,0,325,275,0,0
U_LVL2_3_Uninteresting_Non-Random-Synthetic__2_5_3125000_,0,3,6.832662105560303,0,1575,1525,0,0
U_LVL2_3_Uninteresting_Non-Random-Synthetic__2_5_3125000_,0,5,26.971484661102295,0,7825,4650,0,0
analcatdata_authorship,4,2,0.48914074897766113,0,30403,445,14271,514
analcatdata_authorship,4,3,0.5214114189147949,0,31106,580,14974,621
analcatdata_authorship,4,5,0.5391275882720947,0,31223,658,15091,665
I_LVL3_1_Interesting_Non-Random-Synthetic__2_7_8235430_,1,2,17.017142057418823,0,1130,990,811,138
I_LVL3_1_Interesting_Non-Random-Synthetic__2_7_8235430_,1,3,97.72966575622559,0,11595,990,9658,138
I_LVL3_1_Interesting_Non-Random-Synthetic__2_7_8235430_,1,5,97.79801034927368,0,11595,990,9658,138
EqualDist_Random-Synthetic__2_7_8520_,0,2,0.029199838638305664,0,561,493,244,182
EqualDist_Random-Synthetic__2_7_8520_,0,3,0.11295199394226074,0,4067,3424,1973,238
EqualDist_Random-Synthetic__2_7_8520_,0,5,0.549429178237915,0,13342,3841,7615,238
cmc,3,2,0.015575647354125977,0,465,329,195,158
cmc,3,3,0.046091318130493164,0,2163,886,1147,290
cmc,3,5,0.07370281219482422,0,3133,1494,1902,338
Adult_UCI_,>50K,2,0.23889899253845215,0,3338,280,822,223
Adult_UCI_,>50K,3,0.2788515090942383,0,3857,409,1221,342
Adult_UCI_,>50K,5,0.29789113998413086,0,4021,486,1378,405
I_LVL1_2_Interesting_Non-Random-Synthetic__2_2_400_,1,2,0.004418611526489258,0,7,5,4,4
I_LVL1_2_Interesting_Non-Random-Synthetic__2_2_400_,1,3,0.004266262054443359,0,7,5,4,4
I_LVL1_2_Interesting_Non-Random-Synthetic__2_2_400_,1,5,0.004325151443481445,0,7,5,4,4
monks1,0,2,0.007706403732299805,0,137,119,80,80
monks1,0,3,0.013731956481933594,0,479,415,363,172
monks1,0,5,0.022816181182861328,0,861,426,702,173
ND_LVL_3_0_NormalDist_Random-Synthetic__2_20_1000_,0,2,0.35784053802490234,0,21610,2863,10606,355
ND_LVL_3_0_NormalDist_Random-Synthetic__2_20_1000_,0,3,1.0377330780029297,0,54311,2865,34739,355
ND_LVL_3_0_NormalDist_Random-Synthetic__2_20_1000_,0,5,1.0347840785980225,0,54311,2865,34739,355
grammatical_a1,1,2,0.34928441047668457,0,16070,2909,15374,626
grammatical_a1,1,3,1.3587455749511719,0,64672,36970,63976,715
grammatical_a1,1,5,-1.0,1,-1,-1,-1,-1
mfeat-zernike,8,2,0.3511006832122803,0,17766,858,7357,413
mfeat-zernike,8,3,0.41292786598205566,0,21143,1303,10734,449
mfeat-zernike,8,5,0.42606163024902344,0,21612,1751,11203,453
twonorm,1,2,0.10890603065490723,0,3240,269,1538,311
twonorm,1,3,0.13457846641540527,0,4362,269,2660,311
twonorm,1,5,0.1396956443786621,0,4362,269,2660,311
auto7_1,class3,2,0.021190643310546875,0,780,694,382,238
auto7_1,class3,3,0.12919211387634277,0,7169,1636,3875,325
auto7_1,class3,5,0.16767096519470215,0,8147,1892,4618,339
grammatical_b4,1,2,0.44499897956848145,0,22094,1542,21445,566
grammatical_b4,1,3,0.6255240440368652,0,29888,2979,29237,652
grammatical_b4,1,5,0.7463033199310303,0,32922,5052,32271,679
wave2,2,2,0.3226485252380371,0,12880,374,6245,419
wave2,2,3,0.3252220153808594,0,13556,465,6921,438
wave2,2,5,0.32936739921569824,0,13652,481,7017,438
volcanoes-d1,3,2,0.01137852668762207,0,78,56,15,15
volcanoes-d1,3,3,0.011881589889526367,0,128,89,35,35
volcanoes-d1,3,5,0.010944366455078125,0,128,89,35,35
mfeat-fourier,8,2,0.8159933090209961,0,43964,673,20433,396
mfeat-fourier,8,3,0.844745397567749,0,44992,842,21461,443
mfeat-fourier,8,5,0.8556003570556641,0,45115,921,21584,459
breast,recurrence-events,2,0.013012886047363281,0,476,256,217,132
breast,recurrence-events,3,0.02780437469482422,0,1449,558,749,208
breast,recurrence-events,5,0.03627300262451172,0,1794,752,918,215
I_LVL2_3_Interesting_Non-Random-Synthetic__2_5_3125000_,1,2,3.066378116607666,0,301,251,182,148
I_LVL2_3_Interesting_Non-Random-Synthetic__2_5_3125000_,1,3,6.127602577209473,0,1356,436,990,187
I_LVL2_3_Interesting_Non-Random-Synthetic__2_5_3125000_,1,5,6.1796910762786865,0,1356,436,990,187
U_LVL2_4_Uninteresting_Non-Random-Synthetic__2_5_31250000_,1,2,33.146021127700806,0,325,275,0,0
U_LVL2_4_Uninteresting_Non-Random-Synthetic__2_5_31250000_,1,3,70.70793962478638,0,1575,1525,0,0
U_LVL2_4_Uninteresting_Non-Random-Synthetic__2_5_31250000_,1,5,454.03592228889465,0,7825,4650,0,0
horse_colic_outcome,2,2,0.052742719650268555,0,70,0,36,0
horse_colic_outcome,2,3,0.0070018768310546875,0,70,0,36,0
horse_colic_outcome,2,5,0.0071294307708740234,0,70,0,36,0
ND_LVL_2_0_NormalDist_Random-Synthetic__2_10_1000_,1,2,0.11131572723388672,0,3259,1106,1607,274
ND_LVL_2_0_NormalDist_Random-Synthetic__2_10_1000_,1,3,0.37819695472717285,0,13155,1549,7169,300
ND_LVL_2_0_NormalDist_Random-Synthetic__2_10_1000_,1,5,0.23766326904296875,0,13252,1549,7263,300
wall4,Slight-Right-Turn,2,0.010513544082641602,0,82,59,33,33
wall4,Slight-Right-Turn,3,0.010781526565551758,0,156,120,78,75
wall4,Slight-Right-Turn,5,0.011955976486206055,0,180,138,98,90
hayes,2,2,0.007336616516113281,0,81,48,35,29
hayes,2,3,0.007361173629760742,0,121,64,71,44
hayes,2,5,0.006678104400634766,0,121,64,71,44
analcatdata_germangss,4,2,0.009342193603515625,0,171,134,27,25
analcatdata_germangss,4,3,0.01358342170715332,0,514,269,128,71
analcatdata_germangss,4,5,0.015360355377197266,0,572,286,155,77
thyroid_allhypo,primary hypothyroid.,2,0.039794921875,0,1099,412,556,297
thyroid_allhypo,primary hypothyroid.,3,0.11787009239196777,0,4095,1950,3353,624
thyroid_allhypo,primary hypothyroid.,5,2.08437180519104,0,26831,22250,25193,1037
user,High,2,0.008595466613769531,0,191,147,73,71
user,High,3,0.014302730560302734,0,592,149,326,71
user,High,5,0.01459646224975586,0,592,149,326,71
thyroid_dis,discordant.,2,0.04286599159240723,0,1390,570,578,293
thyroid_dis,discordant.,3,0.15496015548706055,0,5965,2020,4356,533
thyroid_dis,discordant.,5,1.8191111087799072,0,32842,28048,30748,854
synthetic_control,4,2,0.1732926368713379,0,11118,438,7893,890
synthetic_control,4,3,0.19808483123779297,0,12335,655,9110,941
synthetic_control,4,5,0.19965410232543945,0,12609,760,9384,943
titanic,1,2,0.005791187286376953,0,36,26,17,16
titanic,1,3,0.005972146987915039,0,48,38,25,24
titanic,1,5,0.0061457157135009766,0,48,38,25,24
secom,1,2,0.3849818706512451,0,19306,6747,8999,506
secom,1,3,3.814831018447876,0,118582,18667,103037,643
secom,1,5,10.635055541992188,0,153109,44175,136034,767
wine,1,2,0.019263505935668945,0,913,149,540,222
wine,1,3,0.02327132225036621,0,1189,188,816,263
wine,1,5,0.02378678321838379,0,1200,192,827,264
thyroid_allrep,overreplacement.,2,0.030954837799072266,0,844,337,575,273
thyroid_allrep,overreplacement.,3,0.08201718330383301,0,3078,1667,2604,452
thyroid_allrep,overreplacement.,5,1.1912100315093994,0,24567,22016,23855,908
post,S,2,0.007782936096191406,0,176,112,76,51
post,S,3,0.012187004089355469,0,436,273,188,126
post,S,5,0.01737523078918457,0,670,452,311,174
human,1,2,4.410572052001953,0,117672,2441,116478,561
human,1,3,4.966540575027466,0,131857,7284,130663,647
human,1,5,8.807018518447876,0,167276,30126,166082,737
connectionist_sonar,R,2,0.4192931652069092,0,28920,444,13968,430
connectionist_sonar,R,3,0.4223747253417969,0,29216,502,14264,450
connectionist_sonar,R,5,0.4352903366088867,0,29224,509,14272,450
hiv_746,-1,2,0.13747620582580566,0,9751,275,4041,115
hiv_746,-1,3,0.14360284805297852,0,9915,384,4051,115
hiv_746,-1,5,0.14720678329467773,0,10037,504,4053,115
madelon,1,2,39.39844751358032,0,1985034,354067,958033,784
madelon,1,3,-1.0,1,-1,-1,-1,-1
madelon,1,5,-1.0,1,-1,-1,-1,-1
NormalDist_Random-Synthetic__2_14_7418_,0,2,0.0693514347076416,0,1891,1459,892,269
NormalDist_Random-Synthetic__2_14_7418_,0,3,0.5813982486724854,0,20744,12252,10586,349
NormalDist_Random-Synthetic__2_14_7418_,0,5,23.845311403274536,0,162999,53057,86002,357
led,2,2,0.006959676742553711,0,105,90,40,40
led,2,3,0.01055288314819336,0,320,201,146,130
led,2,5,0.01355600357055664,0,459,274,269,195
ND_LVL_1_0_NormalDist_Random-Synthetic__2_5_1000_,1,2,0.011102676391601562,0,325,233,131,110
ND_LVL_1_0_NormalDist_Random-Synthetic__2_5_1000_,1,3,0.02507805824279785,0,1117,527,554,184
ND_LVL_1_0_NormalDist_Random-Synthetic__2_5_1000_,1,5,0.03380632400512695,0,1496,616,760,196
auto4,class1,2,1.5913758277893066,0,75466,28898,37080,607
auto4,class1,3,42.04592823982239,0,1306608,74135,818937,638
auto4,class1,5,90.76439094543457,0,1565792,81426,988360,638
Tic-Tac-ToeEndgame_UCI_,negative,2,0.01270294189453125,0,378,339,151,142
Tic-Tac-ToeEndgame_UCI_,negative,3,0.04567456245422363,0,2430,603,1083,234
Tic-Tac-ToeEndgame_UCI_,negative,5,0.0509335994720459,0,2620,615,1273,246
Covertype,7,2,5.8385255336761475,0,5484,1774,2292,331
Covertype,7,3,26.60547137260437,0,33031,12409,24962,720
Covertype,7,5,-1.0,1,-1,-1,-1,-1
pc4,2,2,0.2746725082397461,0,7383,786,3097,371
pc4,2,3,0.2607889175415039,0,12040,2963,7447,478
pc4,2,5,1.502143383026123,0,23926,10806,18431,550
ED_LVL_3_4_EqualDist_Random-Synthetic__2_20_10000000_,0,2,-1.0,1,-1,-1,-1,-1
ED_LVL_3_4_EqualDist_Random-Synthetic__2_20_10000000_,0,3,-1.0,1,-1,-1,-1,-1
ED_LVL_3_4_EqualDist_Random-Synthetic__2_20_10000000_,0,5,-1.0,1,-1,-1,-1,-1
firm,1,2,0.11678075790405273,0,704,616,353,233
firm,1,3,0.5358850955963135,0,6721,1249,3864,445
firm,1,5,0.32671022415161133,0,7304,1337,4447,532
ND_LVL_2_2_NormalDist_Random-Synthetic__2_10_100000_,0,2,0.6710259914398193,0,5050,2446,2402,330
ND_LVL_2_2_NormalDist_Random-Synthetic__2_10_100000_,0,3,4.336871385574341,0,42683,20999,21201,355
ND_LVL_2_2_NormalDist_Random-Synthetic__2_10_100000_,0,5,38.965497970581055,0,239120,42463,126287,355
ND_LVL_3_2_NormalDist_Random-Synthetic__2_20_100000_,1,2,3.988666296005249,0,39427,16160,19267,416
ND_LVL_3_2_NormalDist_Random-Synthetic__2_20_100000_,1,3,74.13869881629944,0,786573,172864,413371,416
ND_LVL_3_2_NormalDist_Random-Synthetic__2_20_100000_,1,5,-1.0,1,-1,-1,-1,-1
Stroke_Kaggle_,1,2,0.08528304100036621,0,467,289,218,159
Stroke_Kaggle_,1,3,0.14642715454101562,0,1808,591,1201,258
Stroke_Kaggle_,1,5,0.07800841331481934,0,2200,776,1529,285
spambase,1,2,0.3360304832458496,0,7362,1658,3675,731
spambase,1,3,1.297314167022705,0,32829,20929,11424,795
spambase,1,5,1068.1163773536682,0,2118458,2106558,628474,795
echocardio,1,2,0.012573480606079102,0,470,68,219,33
echocardio,1,3,0.013517618179321289,0,481,74,224,34
echocardio,1,5,0.012255191802978516,0,481,74,224,34
phoneme,1,2,0.013068914413452148,0,210,174,84,84
phoneme,1,3,0.025996923446655273,0,782,266,356,193
phoneme,1,5,0.027974605560302734,0,825,274,398,195
texture,14,2,0.3032042980194092,0,12406,530,4638,452
texture,14,3,0.3312859535217285,0,13617,693,5849,503
texture,14,5,0.3354001045227051,0,13682,721,5914,508
statlog_is,7,2,0.039816856384277344,0,1611,163,647,317
statlog_is,7,3,0.04969215393066406,0,1994,239,1030,444
statlog_is,7,5,0.05139589309692383,0,2094,292,1130,521
banknote,1,2,0.007677793502807617,0,121,85,56,53
banknote,1,3,0.00971674919128418,0,248,152,136,117
banknote,1,5,0.010711669921875,0,269,165,157,133
NormalDist_Random-Synthetic__2_6_5132_,1,2,0.01228475570678711,0,153,131,71,71
NormalDist_Random-Synthetic__2_6_5132_,1,3,0.022668838500976562,0,545,511,278,186
NormalDist_Random-Synthetic__2_6_5132_,1,5,0.05853414535522461,0,1707,1386,876,248
ilpd,2,2,0.017705202102661133,0,741,344,348,219
ilpd,2,3,0.0411527156829834,0,2156,563,1649,271
ilpd,2,5,0.045023441314697266,0,2274,619,1767,277
EqualDist_Random-Synthetic__2_7_7307_,0,2,0.021180391311645508,0,378,324,168,151
EqualDist_Random-Synthetic__2_7_7307_,0,3,0.06514310836791992,0,2103,1826,1055,267
EqualDist_Random-Synthetic__2_7_7307_,0,5,0.3047783374786377,0,7158,3885,3905,277
ND_LVL_1_3_NormalDist_Random-Synthetic__2_5_1000000_,1,2,1.0262153148651123,0,325,275,132,124
ND_LVL_1_3_NormalDist_Random-Synthetic__2_5_1000000_,1,3,2.066924810409546,0,1575,1273,743,224
ND_LVL_1_3_NormalDist_Random-Synthetic__2_5_1000000_,1,5,4.0610671043396,0,4033,2744,1948,238
satimage,5,2,0.2545802593231201,0,10014,431,3233,422
satimage,5,3,0.30556774139404297,0,11769,1333,4988,501
satimage,5,5,0.5337889194488525,0,16520,5265,9739,511
turkiye,11,2,0.27849459648132324,0,11781,1873,4926,459
turkiye,11,3,0.8128678798675537,0,26800,13580,15366,589
turkiye,11,5,124.42583680152893,0,460499,444774,345892,680
I_LVL3_0_Interesting_Non-Random-Synthetic__2_7_823543_,1,2,1.684220790863037,0,1039,166,377,139
I_LVL3_0_Interesting_Non-Random-Synthetic__2_7_823543_,1,3,1.6655468940734863,0,1039,166,377,139
I_LVL3_0_Interesting_Non-Random-Synthetic__2_7_823543_,1,5,1.692199945449829,0,1039,166,377,139
auto2, class2,2,12.064861297607422,0,304590,303024,151921,713
auto2, class2,3,-1.0,1,-1,-1,-1,-1
auto2, class2,5,-1.0,1,-1,-1,-1,-1
oil_spill,2,2,0.29341816902160645,0,17025,587,7016,350
oil_spill,2,3,0.31258487701416016,0,18205,923,8195,469
oil_spill,2,5,0.32807135581970215,0,18789,1373,8779,510
DryBeans,HOROZ,2,0.0817568302154541,0,1717,159,507,261
DryBeans,HOROZ,3,0.09221673011779785,0,2054,231,844,384
DryBeans,HOROZ,5,0.09601974487304688,0,2166,312,956,437
spectf_heart,0,2,0.20934510231018066,0,15054,874,7395,484
spectf_heart,0,3,0.2765665054321289,0,17221,912,9562,506
spectf_heart,0,5,0.2756197452545166,0,17229,915,9570,509
I_LVL2_4_Interesting_Non-Random-Synthetic__2_5_31250000_,1,2,32.36607050895691,0,301,251,182,131
I_LVL2_4_Interesting_Non-Random-Synthetic__2_5_31250000_,1,3,63.73822355270386,0,1356,436,990,181
I_LVL2_4_Interesting_Non-Random-Synthetic__2_5_31250000_,1,5,63.54778861999512,0,1356,436,990,181
planning,2,2,0.024950265884399414,0,1176,616,494,215
planning,2,3,0.06738734245300293,0,3646,826,2236,237
planning,2,5,0.06797218322753906,0,3677,856,2254,237
I_LVL1_3_Interesting_Non-Random-Synthetic__2_2_4000_,1,2,0.005423545837402344,0,7,5,4,4
I_LVL1_3_Interesting_Non-Random-Synthetic__2_2_4000_,1,3,0.005561113357543945,0,7,5,4,4
I_LVL1_3_Interesting_Non-Random-Synthetic__2_2_4000_,1,5,0.0054395198822021484,0,7,5,4,4
trains,west,2,0.008092880249023438,0,80,0,32,0
trains,west,3,0.00814509391784668,0,80,0,32,0
trains,west,5,0.007814645767211914,0,80,0,32,0
ED_LVL_3_1_EqualDist_Random-Synthetic__2_20_10000_,0,2,1.819420337677002,0,80200,4198,40530,191
ED_LVL_3_1_EqualDist_Random-Synthetic__2_20_10000_,0,3,2.2300875186920166,0,82680,4198,42740,191
ED_LVL_3_1_EqualDist_Random-Synthetic__2_20_10000_,0,5,2.2187981605529785,0,82680,4198,42740,191
appendicitis,1,2,0.011241674423217773,0,379,80,105,34
appendicitis,1,3,0.012366294860839844,0,438,118,143,64
appendicitis,1,5,0.012883901596069336,0,462,139,166,84
mc2,2,2,0.131072998046875,0,9870,574,3916,353
mc2,2,3,0.18532228469848633,0,13071,2525,7066,481
mc2,2,5,0.835376501083374,0,28142,14206,22108,541
breast_cancer_wis_ori,M,2,0.10722470283508301,0,7141,206,2887,327
breast_cancer_wis_ori,M,3,0.1146087646484375,0,7426,257,3172,405
breast_cancer_wis_ori,M,5,0.11430740356445312,0,7479,298,3225,449
urban,shadow ,2,1.8749401569366455,0,113163,853,63176,539
urban,shadow ,3,1.935863971710205,0,116439,3633,66452,760
urban,shadow ,5,9.062107563018799,0,200775,87969,150788,1013
parkinsons,0,2,0.05492734909057617,0,3658,255,1462,294
parkinsons,0,3,0.06427884101867676,0,4208,402,2012,378
parkinsons,0,5,0.0672903060913086,0,4382,487,2186,416
haberman,2,2,0.006035327911376953,0,66,49,29,28
haberman,2,3,0.006724357604980469,0,107,56,50,29
haberman,2,5,0.006514310836791992,0,107,56,50,29
pitt1_3,LONG,2,0.008489847183227539,0,214,67,94,37
pitt1_3,LONG,3,0.009263753890991211,0,255,94,115,50
pitt1_3,LONG,5,0.009851217269897461,0,259,96,116,51
NormalDist_Random-Synthetic__2_8_5616_,0,2,0.0295255184173584,0,741,582,315,206
NormalDist_Random-Synthetic__2_8_5616_,0,3,0.12229204177856445,0,5198,2600,2575,309
NormalDist_Random-Synthetic__2_8_5616_,0,5,0.4208061695098877,0,12635,4442,6875,323
musk,2,2,4.077442407608032,0,161787,1617,85183,602
musk,2,3,4.318300008773804,0,169306,4479,92701,673
musk,2,5,6.5795581340789795,0,200158,32417,123553,683
car,good,2,0.008950948715209961,0,126,104,101,101
car,good,3,0.013768434524536133,0,391,220,360,206
car,good,5,0.016014575958251953,0,453,235,422,221
libras,4,2,0.3693974018096924,0,24450,626,15988,507
libras,4,3,0.4048140048980713,0,27115,1566,18653,699
libras,4,5,0.824547290802002,0,38278,12729,29816,923
monks2,1,2,0.008212089538574219,0,153,136,91,91
monks2,1,3,0.015406608581542969,0,592,457,321,216
monks2,1,5,0.025071144104003906,0,983,561,654,221
onehund_tex,Acer Capillipes,2,0.15795183181762695,0,8449,859,4890,352
onehund_tex,Acer Capillipes,3,0.33847570419311523,0,16421,3620,12842,590
onehund_tex,Acer Capillipes,5,1.581620216369629,0,46860,23969,43260,932
grammatical_b3,0,2,0.5792520046234131,0,30116,1946,29513,556
grammatical_b3,0,3,1.0806076526641846,0,55784,18825,55181,650
grammatical_b3,0,5,195.7939567565918,0,661157,567616,660554,699
volcanoes-a4,5,2,0.006475210189819336,0,78,46,18,18
volcanoes-a4,5,3,0.00744938850402832,0,106,65,37,37
volcanoes-a4,5,5,0.0072286128997802734,0,106,65,37,37
chronic_kidney_disease,ckd,2,0.03801703453063965,0,2285,187,1101,269
chronic_kidney_disease,ckd,3,0.04317736625671387,0,2641,249,1450,373
chronic_kidney_disease,ckd,5,0.04535984992980957,0,2707,295,1516,415
PopularKids,2,2,0.017386436462402344,0,741,411,294,175
PopularKids,2,3,0.048079490661621094,0,2579,884,1410,283
PopularKids,2,5,0.06800079345703125,0,3192,1303,1974,327
ED_LVL_2_2_EqualDist_Random-Synthetic__2_10_100000_,1,2,0.6543962955474854,0,5050,4600,2350,341
ED_LVL_2_2_EqualDist_Random-Synthetic__2_10_100000_,1,3,11.18252682685852,0,125050,5660,64694,341
ED_LVL_2_2_EqualDist_Random-Synthetic__2_10_100000_,1,5,11.201606750488281,0,125050,5660,64694,341
yeast,ME1,2,0.010152816772460938,0,181,132,78,78
yeast,ME1,3,0.016816377639770508,0,551,207,359,205
yeast,ME1,5,0.019127607345581055,0,661,274,469,275
auto8,class9,2,81.21748471260071,0,5391008,84245,2818138,933
auto8,class9,3,286.5904269218445,0,9253009,211497,6423476,1133
auto8,class9,5,-1.0,1,-1,-1,-1,-1
analcatdata_dmft,1,2,0.009042978286743164,0,231,121,67,54
analcatdata_dmft,1,3,0.012224674224853516,0,419,224,154,103
analcatdata_dmft,1,5,0.013058900833129883,0,446,231,169,109
pc2,2,2,0.12524652481079102,0,3932,448,1365,388
pc2,2,3,0.21243524551391602,0,6699,2414,4097,599
pc2,2,5,3.52238130569458,0,49100,44815,46462,997
scene,2,2,10.500746250152588,0,546676,3421,343267,673
scene,2,3,10.576720237731934,0,552503,4740,349094,872
scene,2,5,10.787128448486328,0,554060,5407,350651,1119
first,1,2,0.4564192295074463,0,15936,2293,7199,458
first,1,3,1.086327314376831,0,33186,4280,22745,808
first,1,5,1.5549354553222656,0,42548,7386,31493,1135
ecoli,om,2,0.009566068649291992,0,129,85,66,58
ecoli,om,3,0.010730981826782227,0,304,152,213,142
ecoli,om,5,0.012743711471557617,0,367,204,276,187
grammatical_a7,1,2,0.42034196853637695,0,18763,3019,18024,737
grammatical_a7,1,3,1.8793632984161377,0,85707,62924,84968,1006
grammatical_a7,1,5,-1.0,1,-1,-1,-1,-1
ND_LVL_3_3_NormalDist_Random-Synthetic__2_20_1000000_,0,2,33.87236976623535,0,39452,21534,19515,409
ND_LVL_3_3_NormalDist_Random-Synthetic__2_20_1000000_,0,3,-1.0,1,-1,-1,-1,-1
ND_LVL_3_3_NormalDist_Random-Synthetic__2_20_1000000_,0,5,-1.0,1,-1,-1,-1,-1
parkinson_speech,0,2,0.20997405052185059,0,5358,633,2974,226
parkinson_speech,0,3,0.1462082862854004,0,6738,843,4136,300
parkinson_speech,0,5,0.1286771297454834,0,6929,1004,4319,319
grammatical_b9,1,2,1.1361124515533447,0,34857,2434,34185,434
grammatical_b9,1,3,1.1822974681854248,0,52254,10101,51578,484
grammatical_b9,1,5,11.60561227798462,0,107038,62206,106361,493
climate,0,2,0.05488872528076172,0,3160,427,1436,306
climate,0,3,0.07014107704162598,0,3942,481,2216,341
climate,0,5,0.07107329368591309,0,3944,481,2218,341
isolet,14,2,15.053245067596436,0,483964,6603,473985,1047
isolet,14,3,21.383492469787598,0,626522,86353,609298,1383
isolet,14,5,-1.0,1,-1,-1,-1,-1
auto7_3,class3,2,0.018624067306518555,0,780,609,341,227
auto7_3,class3,3,0.09723615646362305,0,5586,1370,2955,360
auto7_3,class3,5,0.12425374984741211,0,6321,1736,3628,385
volcanoes-d3,3,2,0.010266304016113281,0,78,55,17,17
volcanoes-d3,3,3,0.01147913932800293,0,125,87,35,35
volcanoes-d3,3,5,0.012319564819335938,0,125,87,35,35
Diabetic,0,2,0.0469970703125,0,2017,759,944,281
Diabetic,0,3,0.1404104232788086,0,6004,1817,4311,381
Diabetic,0,5,0.2513110637664795,0,9376,4613,7258,451
ar4,2,2,0.06176590919494629,0,4297,339,1757,241
ar4,2,3,0.08456873893737793,0,5855,1317,3315,359
ar4,2,5,0.4934499263763428,0,16072,11519,13532,424
auto5, class3,2,1.7970020771026611,0,112576,4459,52299,616
auto5, class3,3,2.5786988735198975,0,137945,5506,76899,666
auto5, class3,5,2.6026668548583984,0,138155,5534,77109,668
Chess_King-Rookvs.King-Pawn__UCI_,nowin,2,0.06857705116271973,0,2558,1172,1355,394
Chess_King-Rookvs.King-Pawn__UCI_,nowin,3,0.4460775852203369,0,17039,8140,9572,635
Chess_King-Rookvs.King-Pawn__UCI_,nowin,5,12.432589530944824,0,128409,80273,77476,982
bankruptcy,1,2,0.007401227951049805,0,173,18,89,11
bankruptcy,1,3,0.007383108139038086,0,173,18,89,11
bankruptcy,1,5,0.0074748992919921875,0,173,18,89,11
onehund_sha,Acer Capillipes,2,0.17159080505371094,0,9572,418,6485,347
onehund_sha,Acer Capillipes,3,0.20038747787475586,0,10927,563,7840,524
onehund_sha,Acer Capillipes,5,0.21674847602844238,0,11439,1075,8352,735
pc3,2,2,0.14497971534729004,0,8001,593,3304,375
pc3,2,3,0.20577597618103027,0,11052,1875,6299,474
pc3,2,5,0.46076202392578125,0,17270,6683,12507,516
Marketing_EoSL_,9,2,0.07506322860717773,0,2560,317,756,253
Marketing_EoSL_,9,3,0.10653543472290039,0,3551,518,1610,394
Marketing_EoSL_,9,5,0.11810731887817383,0,3920,714,1979,454
I_LVL2_1_Interesting_Non-Random-Synthetic__2_5_31250_,1,2,0.045038461685180664,0,301,251,182,148
I_LVL2_1_Interesting_Non-Random-Synthetic__2_5_31250_,1,3,0.09501791000366211,0,1356,436,990,198
I_LVL2_1_Interesting_Non-Random-Synthetic__2_5_31250_,1,5,0.09709000587463379,0,1356,436,990,198
wpbc,R,2,0.14313507080078125,0,8646,998,3905,342
wpbc,R,3,0.17594361305236816,0,11594,1397,6734,406
wpbc,R,5,0.1932969093322754,0,12289,1886,7428,461
volcanoes-a3,4,2,0.006262302398681641,0,67,41,25,25
volcanoes-a3,4,3,0.00683903694152832,0,89,60,44,44
volcanoes-a3,4,5,0.00673985481262207,0,89,60,44,44
winsconsin,4,2,0.010614156723022461,0,253,134,158,131
winsconsin,4,3,0.017455577850341797,0,641,191,533,239
winsconsin,4,5,0.017592430114746094,0,677,205,569,255
optical,5,2,0.4202711582183838,0,13707,1001,5690,484
optical,5,3,0.7859981060028076,0,22989,5484,14134,770
optical,5,5,11.821356534957886,0,128901,93598,112529,1194
NormalDist_Random-Synthetic__2_12_5886_,0,2,0.050598859786987305,0,1485,1045,701,271
NormalDist_Random-Synthetic__2_12_5886_,0,3,0.31902456283569336,0,12668,6440,6367,357
NormalDist_Random-Synthetic__2_12_5886_,0,5,4.077934503555298,0,55498,18171,30427,359
horse_colic_lesion,1,2,0.0069692134857177734,0,70,0,0,0
horse_colic_lesion,1,3,0.006654262542724609,0,70,0,0,0
horse_colic_lesion,1,5,0.006697416305541992,0,70,0,0,0
contraceptive,3,2,0.01486349105834961,0,465,329,195,158
contraceptive,3,3,0.045767784118652344,0,2163,886,1147,290
contraceptive,3,5,0.07721662521362305,0,3133,1494,1902,338
heart_switzerland,1,2,0.008665800094604492,0,224,83,103,52
heart_switzerland,1,3,0.011063575744628906,0,334,161,190,119
heart_switzerland,1,5,0.012645721435546875,0,434,250,286,195
saheart,1,2,0.015024662017822266,0,595,396,291,194
saheart,1,3,0.049472808837890625,0,2727,524,1813,244
saheart,1,5,0.049210548400878906,0,2762,532,1848,247
analcatdata_boxing2,2,2,0.009066581726074219,0,301,35,89,16
analcatdata_boxing2,2,3,0.009124040603637695,0,301,35,89,16
analcatdata_boxing2,2,5,0.008821249008178711,0,301,35,89,16
analcatdata_lawsuit,2,2,0.005385637283325195,0,50,32,22,21
analcatdata_lawsuit,2,3,0.005858421325683594,0,74,44,42,32
analcatdata_lawsuit,2,5,0.006041526794433594,0,76,45,44,33
pc1_req,2,2,0.0072972774505615234,0,124,103,54,49
pc1_req,2,3,0.01208043098449707,0,397,337,178,148
pc1_req,2,5,0.02443075180053711,0,956,763,495,236
robot1,collision,2,0.011512041091918945,0,328,202,171,139
robot1,collision,3,0.02303338050842285,0,987,293,706,214
robot1,collision,5,0.023984432220458984,0,1026,307,745,223
credit-g,1,2,0.05573153495788574,0,3083,821,1470,251
credit-g,1,3,0.15049362182617188,0,8274,2150,5032,359
credit-g,1,5,0.2845008373260498,0,11826,4178,7818,435
lsvt,1,2,4.169348955154419,0,285128,1325,219940,476
lsvt,1,3,4.252518653869629,0,286637,1614,221449,514
lsvt,1,5,4.184683561325073,0,286838,1787,221650,516
acute-inflammations,2,2,0.0059201717376708984,0,69,53,43,42
acute-inflammations,2,3,0.007220029830932617,0,145,110,117,97
acute-inflammations,2,5,0.008389711380004883,0,192,157,164,132
cardio10,8,2,0.03487658500671387,0,1343,199,599,290
cardio10,8,3,0.04784965515136719,0,2012,418,1264,497
cardio10,8,5,0.06029105186462402,0,2553,790,1805,626
phishing,-1,2,0.13384294509887695,0,2279,740,1169,347
phishing,-1,3,0.4898371696472168,0,8776,2184,5692,577
phishing,-1,5,1.9585299491882324,0,25038,16573,18507,646
prnn_synth,1,2,0.005247354507446289,0,36,18,12,9
prnn_synth,1,3,0.004881858825683594,0,36,18,12,9
prnn_synth,1,5,0.004797458648681641,0,36,18,12,9
mice,t-SC-s,2,0.6296777725219727,0,39654,508,19006,538
mice,t-SC-s,3,0.6450111865997314,0,40250,586,19602,712
mice,t-SC-s,5,0.6359155178070068,0,40316,630,19668,759
U_LVL0_Uninteresting_Non-Random-Synthetic__2_4_62500_,0,2,0.06398200988769531,0,210,170,0,0
U_LVL0_Uninteresting_Non-Random-Synthetic__2_4_62500_,0,3,0.10128092765808105,0,710,670,0,0
U_LVL0_Uninteresting_Non-Random-Synthetic__2_4_62500_,0,5,0.15204548835754395,0,1335,1295,0,0
grammatical_a4,1,2,0.44658780097961426,0,20905,9582,20070,757
grammatical_a4,1,3,9.022604703903198,0,384578,262693,383743,893
grammatical_a4,1,5,-1.0,1,-1,-1,-1,-1
NormalDist_Random-Synthetic__2_7_7283_,1,2,0.02736830711364746,0,561,460,237,175
NormalDist_Random-Synthetic__2_7_7283_,1,3,0.09918522834777832,0,3495,2030,1784,274
NormalDist_Random-Synthetic__2_7_7283_,1,5,0.3365752696990967,0,9200,3882,5052,282
ND_LVL_2_1_NormalDist_Random-Synthetic__2_10_10000_,0,2,0.14238762855529785,0,5050,1651,2227,326
ND_LVL_2_1_NormalDist_Random-Synthetic__2_10_10000_,0,3,0.7083580493927002,0,26254,7961,13455,355
ND_LVL_2_1_NormalDist_Random-Synthetic__2_10_10000_,0,5,2.3019285202026367,0,56411,8001,31654,355
grammatical_b2,1,2,1.03092360496521,0,50973,8917,49930,682
grammatical_b2,1,3,6.592020750045776,0,259224,161878,258181,807
grammatical_b2,1,5,-1.0,1,-1,-1,-1,-1
ED_LVL_2_0_EqualDist_Random-Synthetic__2_10_1000_,1,2,0.08677411079406738,0,5050,1145,1984,256
ED_LVL_2_0_EqualDist_Random-Synthetic__2_10_1000_,1,3,0.151930570602417,0,7819,1145,3875,256
ED_LVL_2_0_EqualDist_Random-Synthetic__2_10_1000_,1,5,0.14866971969604492,0,7819,1145,3875,256
grammatical_b6,1,2,0.7005479335784912,0,34609,2200,33777,935
grammatical_b6,1,3,1.234128713607788,0,58129,19124,57297,1024
grammatical_b6,1,5,263.6529150009155,0,750614,687970,749782,1057
I_LVL2_0_Interesting_Non-Random-Synthetic__2_5_3125_,1,2,0.013098955154418945,0,278,227,117,107
I_LVL2_0_Interesting_Non-Random-Synthetic__2_5_3125_,1,3,0.029262304306030273,0,1138,412,657,180
I_LVL2_0_Interesting_Non-Random-Synthetic__2_5_3125_,1,5,0.03110027313232422,0,1138,412,657,180
gesture_raw,Preparation,2,0.09158658981323242,0,2926,773,1186,322
gesture_raw,Preparation,3,0.18515992164611816,0,6412,2454,4075,457
gesture_raw,Preparation,5,0.8614604473114014,0,17173,12172,14527,518
monks3,0,2,0.008293628692626953,0,153,133,53,53
monks3,0,3,0.014142036437988281,0,562,230,218,191
monks3,0,5,0.016922712326049805,0,605,230,261,191
I_LVL1_0_Interesting_Non-Random-Synthetic__2_2_4_,1,2,0.004514932632446289,0,4,0,2,0
I_LVL1_0_Interesting_Non-Random-Synthetic__2_2_4_,1,3,0.00442814826965332,0,4,0,2,0
I_LVL1_0_Interesting_Non-Random-Synthetic__2_2_4_,1,5,0.004431486129760742,0,4,0,2,0
wall2,Slight-Right-Turn,2,0.006291866302490234,0,14,7,5,5
wall2,Slight-Right-Turn,3,0.006314754486083984,0,14,7,5,5
wall2,Slight-Right-Turn,5,0.006298065185546875,0,14,7,5,5
abalone,1,2,0.02133345603942871,0,496,241,155,127
abalone,1,3,0.039035797119140625,0,1305,355,633,235
abalone,1,5,0.041107892990112305,0,1473,429,801,302
wholesale,2,2,0.010538339614868164,0,327,190,150,139
wholesale,2,3,0.020360469818115234,0,962,255,695,223
wholesale,2,5,0.021510839462280273,0,1000,278,733,244
soybean_large,purple-seed-stain,2,0.03279304504394531,0,1750,349,1125,402
soybean_large,purple-seed-stain,3,0.06496906280517578,0,3860,1489,3124,633
soybean_large,purple-seed-stain,5,0.9468634128570557,0,24209,21838,23473,693
U_LVL2_1_Uninteresting_Non-Random-Synthetic__2_5_31250_,0,2,0.04576992988586426,0,325,275,0,0
U_LVL2_1_Uninteresting_Non-Random-Synthetic__2_5_31250_,0,3,0.1016085147857666,0,1575,1525,0,0
U_LVL2_1_Uninteresting_Non-Random-Synthetic__2_5_31250_,0,5,0.5923640727996826,0,7825,4650,0,0
onehund_mar,Acer Capillipes,2,0.1766490936279297,0,9538,521,6249,416
onehund_mar,Acer Capillipes,3,0.22806811332702637,0,12350,2136,9060,629
onehund_mar,Acer Capillipes,5,0.6646506786346436,0,24398,10365,21108,958
jEdit_4.2_4.3,1,2,0.012423992156982422,0,406,255,181,139
jEdit_4.2_4.3,1,3,0.026144742965698242,0,1304,508,776,229
jEdit_4.2_4.3,1,5,0.033428192138671875,0,1568,706,1035,259
hiv_impens,1,2,0.12004494667053223,0,8283,252,2224,144
hiv_impens,1,3,0.12331366539001465,0,8373,253,2288,144
hiv_impens,1,5,0.12481808662414551,0,8373,253,2288,144
abalone_ori,18,2,0.018894195556640625,0,466,208,158,144
abalone_ori,18,3,0.03252410888671875,0,1073,352,604,255
abalone_ori,18,5,0.037872314453125,0,1267,489,798,298
ada_agnostic,2,2,0.14722704887390137,0,4564,1182,1987,461
ada_agnostic,2,3,0.6781582832336426,0,19761,13366,13295,743
ada_agnostic,2,5,331.57379269599915,0,1027270,1007223,832534,1173
pitt1_1,DECK,2,0.007942676544189453,0,195,65,84,34
pitt1_1,DECK,3,0.008774518966674805,0,235,92,100,44
pitt1_1,DECK,5,0.009090185165405273,0,239,94,101,45
hiv_1625,1,2,0.14735698699951172,0,9340,224,1960,234
hiv_1625,1,3,0.14773273468017578,0,9474,260,2094,280
hiv_1625,1,5,0.14520001411437988,0,9498,278,2118,298
mfeat-factors,7,2,1.9711368083953857,0,101889,745,90166,644
mfeat-factors,7,3,1.989652156829834,0,102692,935,90969,721
mfeat-factors,7,5,1.9821174144744873,0,102820,1014,91097,743
ED_LVL_1_0_EqualDist_Random-Synthetic__2_5_1000_,0,2,0.011010885238647461,0,325,275,133,127
ED_LVL_1_0_EqualDist_Random-Synthetic__2_5_1000_,0,3,0.03125190734863281,0,1575,454,843,170
ED_LVL_1_0_EqualDist_Random-Synthetic__2_5_1000_,0,5,0.03232288360595703,0,1591,454,859,170
ED_LVL_3_2_EqualDist_Random-Synthetic__2_20_100000_,1,2,7.274240016937256,0,80200,76400,38669,212
ED_LVL_3_2_EqualDist_Random-Synthetic__2_20_100000_,1,3,-1.0,1,-1,-1,-1,-1
ED_LVL_3_2_EqualDist_Random-Synthetic__2_20_100000_,1,5,-1.0,1,-1,-1,-1,-1
Seismic-Bumps_UCI_,1,2,0.08887672424316406,0,821,360,358,226
Seismic-Bumps_UCI_,1,3,0.09877443313598633,0,2515,1055,1439,406
Seismic-Bumps_UCI_,1,5,0.21908140182495117,0,6021,3906,3540,542
pitt2_4,S,2,0.00786447525024414,0,143,66,67,36
pitt2_4,S,3,0.00866246223449707,0,221,113,99,56
pitt2_4,S,5,0.009192466735839844,0,234,121,105,58
lenses,softCL,2,0.004873752593994141,0,15,4,10,3
lenses,softCL,3,0.004559516906738281,0,15,4,10,3
lenses,softCL,5,0.004548788070678711,0,15,4,10,3
statlog_ls,5,2,0.5675528049468994,0,10014,431,3233,422
statlog_ls,5,3,0.4022037982940674,0,11769,1333,4988,501
statlog_ls,5,5,0.6791620254516602,0,16520,5265,9739,511
EqualDist_Random-Synthetic__2_14_5644_,1,2,0.0792992115020752,0,2701,2526,1265,304
EqualDist_Random-Synthetic__2_14_5644_,1,3,1.369203805923462,0,52966,13759,27167,332
EqualDist_Random-Synthetic__2_14_5644_,1,5,4.622811555862427,0,75202,16096,41675,332
thyroid_sick,sick.,2,0.049299001693725586,0,1775,430,679,304
thyroid_sick,sick.,3,0.11796832084655762,0,4682,1731,3101,606
thyroid_sick,sick.,5,1.4744329452514648,0,28790,25783,21227,819
BreastCancerWisconsin_UCI_,4,2,0.05116534233093262,0,3015,153,1830,168
BreastCancerWisconsin_UCI_,4,3,0.054445505142211914,0,3084,167,1899,180
BreastCancerWisconsin_UCI_,4,5,0.0529780387878418,0,3086,168,1901,181
pamap2,1,2,1.4292426109313965,0,19715,779,2516,342
pamap2,1,3,1.7184398174285889,0,25889,1093,8690,604
pamap2,1,5,1.7623581886291504,0,26405,1225,9206,721
U_LVL1_2_Uninteresting_Non-Random-Synthetic__2_2_400_,1,2,0.004471778869628906,0,10,8,0,0
U_LVL1_2_Uninteresting_Non-Random-Synthetic__2_2_400_,1,3,0.004667758941650391,0,10,8,0,0
U_LVL1_2_Uninteresting_Non-Random-Synthetic__2_2_400_,1,5,0.004624605178833008,0,10,8,0,0
visualizing_livestock,4,2,0.00549626350402832,0,33,3,2,2
visualizing_livestock,4,3,0.005171537399291992,0,33,3,2,2
visualizing_livestock,4,5,0.005356311798095703,0,33,3,2,2
volcanoes-a2,4,2,0.00648188591003418,0,67,41,22,22
volcanoes-a2,4,3,0.007554769515991211,0,88,60,41,41
volcanoes-a2,4,5,0.0071942806243896484,0,88,60,41,41
blogger,no,2,0.006956577301025391,0,106,49,44,18
blogger,no,3,0.007516145706176758,0,144,76,50,22
blogger,no,5,0.007991552352905273,0,157,85,52,23
grammatical_a5,1,2,0.9630045890808105,0,53194,1493,51472,518
grammatical_a5,1,3,1.1327037811279297,0,61242,5364,59509,526
grammatical_a5,1,5,2.909388780593872,0,82253,20475,80519,526
prnn_crabs,1,2,0.010744094848632812,0,351,174,109,85
prnn_crabs,1,3,0.017846107482910156,0,716,348,303,173
prnn_crabs,1,5,0.02186894416809082,0,889,457,445,221
hepatitis,1,2,0.020587444305419922,0,996,241,459,182
hepatitis,1,3,0.03175973892211914,0,1754,434,1138,318
hepatitis,1,5,0.03865504264831543,0,2041,579,1425,419
